Path,Bytes,SHA256,GitCoverage,Disposition
"Build/x64_Debug/ApplyGraniteOutcropAuthoring.cmd","536","7D9A39327A9AC237C9857221D5D7A20B437C366600105D330294B883E548CED2","Ignored by repository build rule","Preserve-review: authoring or diagnostic workflow"
"Build/x64_Debug/EditorMouseStateRegression.cpp","7555","2B5E8F31A704B920162D7DB0A4299E936F3ACC12CBE9DF748B8CBF0249FB36CE","Ignored by repository build rule","Preserve-review: authoring or diagnostic workflow"
"Build/x64_Debug/GraniteOutcropAuthoredShape.last-pass.h","26501","5C4EAA9E6883E83AC5F4CE84DAF86ED621EC86259F704182A4AB33C7D1A914D8","Ignored by repository build rule","Preserve-review: authoring or diagnostic workflow"
"Build/x64_Debug/GraniteOutcropAuthoring.obj","70102","D95B256AE589C025E5565CAB35848FAA8C2AB15895E0A72173375C1F85022918","Ignored by repository build rule","Preserve-review: authoring or diagnostic workflow"
"Build/x64_Debug/GraniteOutcropCandidate.h","26201","185E18044835DF1A02599165186D91F52FB32DDDF2BA44D255682358EAD6A920","Ignored by repository build rule","Preserve-review: authoring or diagnostic workflow"
"Build/x64_Debug/GraniteOutcropCandidate3.h","26201","185E18044835DF1A02599165186D91F52FB32DDDF2BA44D255682358EAD6A920","Ignored by repository build rule","Preserve-review: authoring or diagnostic workflow"
"Build/x64_Debug/inspect_mouse_dump.py","5679","3CA003D8154DDCE1C237642190FFA40079CFD697EE66A9F14DF184BDE36FCF13","Ignored by repository build rule","Preserve-review: authoring or diagnostic workflow"
"Build/x64_Debug/MouseLockoutDiagnosis.md","2245","C7D8FFD2E326D6268865BEBB3780F0CA17550BAC59C1D5479AD686BF06DB2A92","Ignored by repository build rule","Preserve-review: authoring or diagnostic workflow"
"Build/x64_Debug/RunAllocatorMemoryCounterTest.cmd","611","0C238E40906AFCAFE2369D5ADD99E78DFCDF43340D8141B4BAE9DC8800AD4E67","Ignored by repository build rule","Preserve-review: authoring or diagnostic workflow"
"Build/x64_Debug/RunEditorMouseRegression.cmd","540","BDAE637BF9FB5F39545C8DBB3532068821666A1E9A816BC530E5D9B646A582A0","Ignored by repository build rule","Preserve-review: authoring or diagnostic workflow"
"Build/x64_Debug/RunGraniteClusterBuildTest.cmd","888","649051DA03B5631FBA0E7C6D50C48C2EF49E43D59FBA7663C13B54AEF34755D4","Ignored by repository build rule","Preserve-review: authoring or diagnostic workflow"
"Build/x64_Debug/RunGraniteContactCastTest.cmd","705","C7BC551DC0EFE2E804306CA8AA1C1425B37827D8A010B555DFE4BA489808D279","Ignored by repository build rule","Preserve-review: authoring or diagnostic workflow"
"Build/x64_Debug/RunGraniteDebrisPerformanceTest.cmd","412","3E47FCAE6AF79F210C63A20966F42C348DF7C13B66A6DD34F2C88B00C2DA1A0E","Ignored by repository build rule","Preserve-review: authoring or diagnostic workflow"
"Build/x64_Debug/RunGraniteLabContactTest.cmd","647","A8457EF142C3C7B978EBD26595B28D99A29620E7A6A7FF4BB9625142A86CB2E3","Ignored by repository build rule","Preserve-review: authoring or diagnostic workflow"
"Build/x64_Debug/RunGraniteLabMovementTest.cmd","655","3ADD168372E5AD39DA3EB9FD610C89F9226F6C50E424803040EDB97507FA836D","Ignored by repository build rule","Preserve-review: authoring or diagnostic workflow"
"Build/x64_Debug/RunGraniteLocalUpdateTest.cmd","654","B6778FA05FF2D5D49F829EADE410DB14C457339C25B30676B65B9D6E27C6FCC9","Ignored by repository build rule","Preserve-review: authoring or diagnostic workflow"
"Build/x64_Debug/RunGraniteOutcropCandidateTest.cmd","829","78E2909DDF4043B9B4C2099B425816CCB8D4FE85617C9D345262D62FE369381F","Ignored by repository build rule","Preserve-review: authoring or diagnostic workflow"
"Build/x64_Debug/RunGraniteOutcropShapeTool.cmd","381","2FC46677BDFDD285D99C28A66CE906274148DF72527C13E992EF4EF181BF5986","Ignored by repository build rule","Preserve-review: authoring or diagnostic workflow"
"Build/x64_Debug/RunGraniteOutcropTest.cmd","623","F128F64FB2762C724E2F6C8BCA32A5E2A506DFF684B27839BF11FA828A5AF0F6","Ignored by repository build rule","Preserve-review: authoring or diagnostic workflow"
"Build/x64_Debug/RunGraniteOutcropV2Test.cmd","639","6A60FC0AAB20EC0F609B768231BB9A11D8989582942E0ACA1DB1ADDD2F5DCA15","Ignored by repository build rule","Preserve-review: authoring or diagnostic workflow"
"Build/x64_Debug/RunGraniteStructuralSupportTest.cmd","702","7B4341A81B081914DCB62D5A945D02E84D1AD30C80E50AD8A1E9E26F3FBB0532","Ignored by repository build rule","Preserve-review: authoring or diagnostic workflow"
"Build/x64_Debug/RunGrassCoverTest.cmd","591","655B0F768E9306908DF72B271D2DB226703DFF185DD9C2FDCD57F38D7AF81A34","Ignored by repository build rule","Preserve-review: authoring or diagnostic workflow"
"Build/x64_Debug/RunProceduralRootUploadTest.cmd","708","F736500DB83269F64ED9CAC12A28383AA5F77EA0EFBFF8D876FF04A992E20507","Ignored by repository build rule","Preserve-review: authoring or diagnostic workflow"
"Build/x64_Debug/RunSoilScoopTest.cmd","583","5C48F995497B2B1BBAC6260011BCD98CCFA52C172B8BB40013316DC22CF242CA","Ignored by repository build rule","Preserve-review: authoring or diagnostic workflow"
"Code/Applications/ProvenanceVerifier/Esoterica.Applications.ProvenanceVerifier.vcxproj","6204","5A4C8CA3469D0534461B099ECA0A5D4E2366368A67489F54A5313B43675DF18A","Untracked","Preserve: code or lab record"
"Code/Applications/ProvenanceVerifier/Esoterica.Applications.ProvenanceVerifier.vcxproj.filters","456","91980E10BBFE51AD62C954B4EF8E0C0F14512286361686905ADBBB59AB4861FC","Untracked","Preserve: code or lab record"
"Code/Applications/ProvenanceVerifier/Main.cpp","5711","A757FADC5EDEA02CB717F11139814D63E8D4B11FF107C9C0FB5DC64526AC3491","Untracked","Preserve: code or lab record"
"Code/Game/Provenance/Components/Component_ProvenanceWorldSettings.h","2348","AD7E461A8B5E812CBEFDF5FEE14C224A3D0A7E6BF4EDD6AD8FD449AB9B02E4C1","Untracked","Preserve: code or lab record"
"Code/Game/Provenance/Geometry/GraniteContactCast.h","35471","7C2972159995524F46B09F9E6C7D5B24D504D4D8C00193E009B486A41436B194","Untracked","Preserve: code or lab record"
"Code/Game/Provenance/Geometry/GraniteContactDebris.h","18497","31090587F6D4C765163EACB2FB708099D61EEF871C3E87E51A2D850DE3691551","Untracked","Preserve: code or lab record"
"Code/Game/Provenance/Geometry/GraniteExcavation.h","3056","651AD81156009A72BB05B24DBA4BF687DA920CB2BAB0893121FA92045CE9A756","Untracked","Preserve: code or lab record"
"Code/Game/Provenance/Geometry/GraniteExcavation.inl","9473","A6DEEC76BE37C0E2B37F9A12E0271B3B7AD2B1389D3499010756B200695FF72B","Untracked","Preserve: code or lab record"
"Code/Game/Provenance/Geometry/GraniteGeometry.cpp","638703","C0AD1093039F45D009E0DE362E1C2267C9DA14C7B3FD07355A5E665052D934A8","Untracked","Preserve: code or lab record"
"Code/Game/Provenance/Geometry/GraniteGeometry.h","77112","025998DA5834A65D00204A28EDF823CB21A936940FBBAEE08566E22C2017C672","Untracked","Preserve: code or lab record"
"Code/Game/Provenance/Geometry/GraniteLabContact.h","4847","618B3CAB3158854FEEFB7D81C26DE39AD35317E1D09D44B74897949EDB27DE36","Untracked","Preserve: code or lab record"
"Code/Game/Provenance/Geometry/GraniteLabMovement.h","9264","AFA5E672F2B0C0D57B25E3FA10970AD8C9E6CFA9E52072583DE6CCF5DB119446","Untracked","Preserve: code or lab record"
"Code/Game/Provenance/Geometry/GraniteOutcrop.h","12908","23A255A7F71650884894EB55C6008A316726604B7237B6B818B5D619C71FA4FC","Untracked","Preserve: code or lab record"
"Code/Game/Provenance/Geometry/GraniteOutcropAuthoredShape.h","26201","185E18044835DF1A02599165186D91F52FB32DDDF2BA44D255682358EAD6A920","Untracked","Preserve: code or lab record"
"Code/Game/Provenance/Geometry/GraniteOutcropGround.h","8637","4E08B4B90FE46D7944D9F6BB6210B48404C47DC00068DA4640D45560D1D05C1A","Untracked","Preserve: code or lab record"
"Code/Game/Provenance/Geometry/GraniteOutcropV2.h","21838","BAFBF23D7699BBEF8C5A2810855DA6485F386311D1447D8A97FDEE41F0F5092F","Untracked","Preserve: code or lab record"
"Code/Game/Provenance/Geometry/GraniteStructuralSupport.h","30976","C7EA228BCD005546269FA3F26D27B0046DA484E0FDDA1ACD836FA02E8708620C","Untracked","Preserve: code or lab record"
"Code/Game/Provenance/Geometry/GrassCover.h","10673","16BE1BD3FE5D8BCCE8F981367E58DEB490A8BB30E12F4722907F67E649413358","Untracked","Preserve: code or lab record"
"Code/Game/Provenance/Geometry/MaterialGeometry.cpp","10513","D06B0B785F0560D6E31E3E4A01C9A1F76E60D54BB2CB20F70F41E0DC9C5637B8","Untracked","Preserve: code or lab record"
"Code/Game/Provenance/Geometry/MaterialGeometry.h","4882","7253168A4E47CC473FF9157FCDF2EA925FD1254304FF2099B498C64C964E19E4","Untracked","Preserve: code or lab record"
"Code/Game/Provenance/Geometry/SoilGeometry.cpp","170088","90BEC4F62D6B5DA48FDE5577039EA618AB0A675ECA3BD3F65940937B44E4E2E8","Untracked","Preserve: code or lab record"
"Code/Game/Provenance/Geometry/SoilGeometry.h","35576","9CB3892508F21A49615A4C72DE07870FCA6926EFA8874304F336C4282F01592C","Untracked","Preserve: code or lab record"
"Code/Game/Provenance/Geometry/SoilHeightfieldV26.h","8387","8B45ECB1A63AC65639AA6CCB14FE61958306C3C7D3EACF7B8F5E5FAD91350243","Untracked","Preserve: superseded reference implementation"
"Code/Game/Provenance/Geometry/SoilScoop.h","39483","47A26FDFFA6B49B3BEBD92B972390C9AD45B8FD1D76726D24879A0B4BFBD8FB6","Untracked","Preserve: code or lab record"
"Code/Game/Provenance/GraniteContactCastTest.obj","2743482","2DC8AFCA9CEAB2F38F4C2045F6DDC8CAF0859ABE50E6999DAB390424CAD05BFC","Untracked","Generated candidate: verify reproducible before removal"
"Code/Game/Provenance/GraniteDebrisPerformanceTest.exe","392704","372A635263F5B38576E47B5E9CEDC5702FCBEDD65E09E77EBCFFC42FEA198409","Untracked","Generated candidate: verify reproducible before removal"
"Code/Game/Provenance/GraniteDebrisPerformanceTest.obj","2560257","8E4D88EF08CABFE20752C7B7DF6BC74E5F60D2E28718247B4D166158B63D97FF","Untracked","Generated candidate: verify reproducible before removal"
"Code/Game/Provenance/GraniteDebrisPerformanceTestDebug.exe","543232","ED882D19CBA87A8FF7E987513FEF89165D7930D9D16629B2C88B43C050F16D4F","Untracked","Generated candidate: verify reproducible before removal"
"Code/Game/Provenance/GraniteDebrisPerformanceTestDebug.obj","3372858","754985EA8E38DD9BF244560A6431343B70B58785C10ABFD3A6F07B414B638772","Untracked","Generated candidate: verify reproducible before removal"
"Code/Game/Provenance/GraniteLabContactTest.exe","336384","6732B6D5FAE81CEA7047F5BD449B77577C0CEF11657D358BD6763BC2446E16EF","Untracked","Generated candidate: verify reproducible before removal"
"Code/Game/Provenance/GraniteLabContactTest.obj","1603674","290D47F83C98172B25E83233E307F21EF39907FC3289F6DD2EB18EE54EAD91B2","Untracked","Generated candidate: verify reproducible before removal"
"Code/Game/Provenance/GraniteLabContactTestDebug.exe","452608","0D4CCD132409C37678D7FCE48E05B22252371E90E671EBF344B86CC746F63255","Untracked","Generated candidate: verify reproducible before removal"
"Code/Game/Provenance/GraniteLabContactTestDebug.obj","2196715","F217617A945C14904D46F1FA406A9FB17C95971981C834A6120CAB8B570BCB44","Untracked","Generated candidate: verify reproducible before removal"
"Code/Game/Provenance/GraniteLabMovementTest.exe","470016","6402033D810AB53983542AF83653ED2C83E87AD82641FE57DE8C63BD61990BDF","Untracked","Generated candidate: verify reproducible before removal"
"Code/Game/Provenance/GraniteLabMovementTest.obj","1955775","DE0BF3F9C9A3AF76BE2A13006073EF4BC2A07371764CA463425E2AE1E743E2CB","Untracked","Generated candidate: verify reproducible before removal"
"Code/Game/Provenance/GraniteLabMovementTestDebug.exe","655360","ADB4C1C84BBA76387E467CFBD8FBCA5A9436ED8C389A44D0E8AC3302496E21A3","Untracked","Generated candidate: verify reproducible before removal"
"Code/Game/Provenance/GraniteLabMovementTestDebug.obj","2577215","9AD845B3152652E576F45F69299D9DE4615B861B27DE6B28915C7DB294880C58","Untracked","Generated candidate: verify reproducible before removal"
"Code/Game/Provenance/GraniteLocalUpdateTest.exe","360960","042F93C5CCBE1B554CDD2FA038999524B23D5873391D6509BC0DAE0E00AAC2E7","Untracked","Generated candidate: verify reproducible before removal"
"Code/Game/Provenance/GraniteLocalUpdateTest.obj","1797220","0419699CAC37B6E05B3E359572810A1F596C89FF0320AF366C3A9E16FAEF79C0","Untracked","Generated candidate: verify reproducible before removal"
"Code/Game/Provenance/GraniteLocalUpdateTestDebug.exe","470528","53BB39BBE7817E429B3EE5BF86680753ACCF8BAA60EDAFDB4F59C06AABFFF6B1","Untracked","Generated candidate: verify reproducible before removal"
"Code/Game/Provenance/GraniteLocalUpdateTestDebug.obj","2429959","7D7D734D2A04E3EFD3499C15BBADB9BBD1F5DC9760860EF405287607DA39B67C","Untracked","Generated candidate: verify reproducible before removal"
"Code/Game/Provenance/GrassCoverTest.obj","2637467","133D2493BF4F2DE6DB606146CB43F8B3BCECD0CA0F1E99E7900349CD373E4FE2","Untracked","Generated candidate: verify reproducible before removal"
"Code/Game/Provenance/SoilScoopTest.exe","512000","CE0C81F681C7260177C63185790DDE2F62DA436FFDAEC56A80F852F009A10B88","Untracked","Generated candidate: verify reproducible before removal"
"Code/Game/Provenance/SoilScoopTest.obj","3865531","7F072E3D69DA40BFA570A0A847926EED065BCDD51923393274430C4A428459B2","Untracked","Generated candidate: verify reproducible before removal"
"Code/Game/Provenance/SoilScoopTestDebug.exe","714752","8746A490989B26BED3A092BBCF09B65B6484BAB9B15BE50142BF9D33D670B561","Untracked","Generated candidate: verify reproducible before removal"
"Code/Game/Provenance/SoilScoopTestDebug.obj","4814399","F072FCAAF09A00C4EE42CE4E65B284CF775BAEB8B8F1E85383A93B8A76B6AFE0","Untracked","Generated candidate: verify reproducible before removal"
"Code/Game/Provenance/Systems/GraniteExcavationLab.inl","18404","1051F690DDB1AE7F4D6397DEBB248CF8BA8349A1848DD21C6F2C89259EC82AE3","Untracked","Preserve: code or lab record"
"Code/Game/Provenance/Systems/GraniteOutcropLab.inl","41871","99FC342F15E95A55FFF54A94EDDA03EEBD5A2D5E163C825F608C7B0B649E5EB1","Untracked","Preserve: code or lab record"
"Code/Game/Provenance/Systems/ProvenanceSurfaceEvaluation.cpp","20084","31EAD6190990AFCFF630A5CEFDDF1F318FE3959711B0CFBFB59B5C2373D23724","Untracked","Preserve: code or lab record"
"Code/Game/Provenance/Systems/ProvenanceSurfaceEvaluation.h","3422","A3EBA2E15EE00511DC70501419F6232DBE20DA842FCEA6B144BDF882C95EEF33","Untracked","Preserve: code or lab record"
"Code/Game/Provenance/Systems/WorldSystem_Provenance_Debug.cpp","362934","81FD8043F426E141DBE4A482E4F2177FFED526FF8A6D0BE24EB3164063689109","Untracked","Preserve: code or lab record"
"Code/Game/Provenance/Systems/WorldSystem_Provenance_Workbench.cpp","8734","B1A8578FD788021B000D4F909AEE10CCB3C9795CFFCCF839B62D12EF4ECA5756","Untracked","Preserve: code or lab record"
"Code/Game/Provenance/Systems/WorldSystem_Provenance.cpp","7228","C51726271EB1DF4530764D485211B1AC16F61677525B16FEC61273DFE6A8B07A","Untracked","Preserve: code or lab record"
"Code/Game/Provenance/Systems/WorldSystem_Provenance.h","12610","1631C909DD9DB25459CBF3DA0EA1B9D55C35801D8DEDC2EDFF7FF988F7FD3C74","Untracked","Preserve: code or lab record"
"Code/Game/Provenance/Verification/AllocatorMemoryCounterTest.cpp","871","9945072CD37504A2DF182ADB6F8F3A6458098CA0FF9A6A0BE2301D1A04C3FC43","Untracked","Preserve: code or lab record"
"Code/Game/Provenance/Verification/EDITOR_MOUSE_LOCKOUT.md","2628","816A620773FFBD955C0EDA374A1D61B4323CF03D76F29EE98DB206D349F379F9","Untracked","Preserve: code or lab record"
"Code/Game/Provenance/Verification/editor_mouse_regression_source.py","6977","37C8F2F40F230BFE6D1D53323BB94ED5438AEABEC5252BE9019EC310B8CEC03B","Untracked","Preserve: code or lab record"
"Code/Game/Provenance/Verification/GRANITE_OUTCROP_AUTHORING.md","2681","64B230731C458D60392DD0D5E994236489CE70CD5E7BD66F1805568B284EF1DB","Untracked","Preserve: code or lab record"
"Code/Game/Provenance/Verification/GRANITE_OUTCROP_LAB.md","78008","D05D7ED97DF3A4AC625C9039E209C45A14C75E28ED874E63D8CB910534A5C205","Untracked","Preserve: code or lab record"
"Code/Game/Provenance/Verification/GraniteAuthorityVerifier.cpp","124829","86B1CA56DD60324E0CB5E71118D5040D9F42971DF86F316170D5ED00B6D92059","Untracked","Preserve: code or lab record"
"Code/Game/Provenance/Verification/GraniteAuthorityVerifier.h","7715","E1FC1A9C72D6A6F7540AB1D1F1B204311079794A426BCC1928EDA717AE60AC54","Untracked","Preserve: code or lab record"
"Code/Game/Provenance/Verification/GraniteClusterBuildTest.cpp","4919","FE266EE195BF5A9304E954DB9A016B72AB1CAF9759A787EDF0CB9C4FB91DA91B","Untracked","Preserve: code or lab record"
"Code/Game/Provenance/Verification/GraniteContactCastTest.cpp","8383","83CC64FC6E3834938A49DC4F311FF002057308698609DEC097CB21A023AFD798","Untracked","Preserve: code or lab record"
"Code/Game/Provenance/Verification/GraniteDebrisPerformanceTest.cpp","7103","BFE0A9B8EB6C4CFBFB4DE2CF99B458ACE6B13AB0BBB9490CB8EC1703D132584E","Untracked","Preserve: code or lab record"
"Code/Game/Provenance/Verification/GraniteExcavationCertificate.inl","13866","E6F7994B06A4FFCAF155BB3DD659B3FBEC382DF1FB7B1F21A333B817F16B894B","Untracked","Preserve: code or lab record"
"Code/Game/Provenance/Verification/GraniteLabContactTest.cpp","4843","7D0E011D31F596F0B6799C8FDFD4C9B994F6C6F4964043000E4224C1E7D87AD2","Untracked","Preserve: code or lab record"
"Code/Game/Provenance/Verification/GraniteLabMovementTest.cpp","13706","E29207C6D12C7F0BCA65631BA87E7BBFA5E1956A6CCFC9E2C92D948C50C8B141","Untracked","Preserve: code or lab record"
"Code/Game/Provenance/Verification/GraniteLocalUpdateTest.cpp","5992","92844A6F8E3BD18B07DC362F7855B9082503607B762D70C8F34DFCEF4100EB1A","Untracked","Preserve: code or lab record"
"Code/Game/Provenance/Verification/GraniteOutcropShapeTool.cpp","7241","4CE55356451D14305E2DAD5512D686491478210787CF797CF59B36381EF57548","Untracked","Preserve: code or lab record"
"Code/Game/Provenance/Verification/GraniteOutcropTest.cpp","5133","15A2E3F7DE19EF1CF25D0075A4B2549639D32EE8A8FF98E818DD3E2475214AEA","Untracked","Preserve: code or lab record"
"Code/Game/Provenance/Verification/GraniteOutcropV2Test.cpp","12020","3430671AD14F15C38112908790CDEB01339C76D010B4CC74449A0C31BC42CBCE","Untracked","Preserve: code or lab record"
"Code/Game/Provenance/Verification/GraniteStructuralSupportTest.cpp","16477","FB80A77D0D7280C496C8256DE91D63770AF7B630733E996C33A50571A799BF51","Untracked","Preserve: code or lab record"
"Code/Game/Provenance/Verification/GrassCoverTest.cpp","8672","631BB27C86AF526A2E7344C86136B34861C240D467E956E8057C013242BB629C","Untracked","Preserve: code or lab record"
"Code/Game/Provenance/Verification/LOCAL_EXCAVATION_V1.md","11751","558671F30EC378E27243BE1A0DC08739164BC8F852F31B12296CAFF504B0C4C3","Untracked","Preserve: code or lab record"
"Code/Game/Provenance/Verification/ProceduralRootUploadTest.cpp","1733","F251AE4D7D9A0D77FEA8533A8F347B735578438BA42F9F806F702FDEFFE2A86D","Untracked","Preserve: code or lab record"
"Code/Game/Provenance/Verification/render_outcrop_shape.py","2037","7FFB3496D6A51D037B6CB0890109337511C26055B306C85A5A48246B9E8EAA0C","Untracked","Preserve: code or lab record"
"Code/Game/Provenance/Verification/SoilScoopTest.cpp","24408","A44A5733C5571522E7875062A3C9CE021D2963EFBBDA69B9341864A127CC62D5","Untracked","Preserve: code or lab record"
"Code/Game/Provenance/Verification/SurfaceAuthorityVerifier.cpp","15755","3367ABA96608418AC76CAB67FF99AECE4FD64367333D3A46FBCCB2893E2EA766","Untracked","Preserve: code or lab record"
"Code/Game/Provenance/Verification/SurfaceAuthorityVerifier.h","1544","6D1DE66B2A245E08B9635CE88691FD2F4D4B406C7DF30FB3ECAC8E9F1EE2E6CB","Untracked","Preserve: code or lab record"
"Data/Provenance/Materials/Granite/Granite.material","615","FBC7ED79A4F0B50C9DB2D5BE9ED701084191AF720DCDAC53BF4D2E2653222454","Untracked","Preserve: asset or resource descriptor"
"Data/Provenance/Materials/Granite/GraniteAlbedo.texture","377","006D53A2E0BDEC204A79C282EC5BD2E13EBD7F4A4A8AE682C83341E58B588B6B","Untracked","Preserve: asset or resource descriptor"
"Data/Provenance/Materials/Granite/GraniteNormal.texture","377","F60CC9D3BAC70C75C0581FCABCA4DC0B4F81EAA716F4CEFF0F9E9DD30E5633FC","Untracked","Preserve: asset or resource descriptor"
"Data/Provenance/Materials/Granite/T_Granite_A_1K_RUNTIME.png","2566264","DC09D45986A5719BE57C53BD2EB4E2CE0A5E4B7035457AFBAB75170A2C5705F5","Untracked","Preserve: asset or resource descriptor"
"Data/Provenance/Materials/Granite/T_Granite_A_2K_MASTER_SEAMLESS.png","9573112","64D491352DA023A82B9517F5E51342C89D44EE1FEB921BCB670B1C9389083AFF","Untracked","Preserve: asset or resource descriptor"
"Data/Provenance/Materials/Granite/T_Granite_H_FROM_ALBEDO_2K_DEV.png","1392251","2FE43C9234B3452B4EA1D351DB7E71191B3F6E56DBC2CE71E3494AC6CCB36156","Untracked","Preserve: asset or resource descriptor"
"Data/Provenance/Materials/Granite/T_Granite_N_1K_RUNTIME.png","1693121","EB15C9EF7A8F14E0D10F6F7E82B6F4533DFFE7C9594493B03E624FBB70D72DF3","Untracked","Preserve: asset or resource descriptor"
"Data/Provenance/Materials/Granite/T_Granite_N_2K_MASTER.png","5156802","55ECCF73ADC3EC2B170335762D996688CB6CAEDB6F2E9A577A1F9748EC0A8E40","Untracked","Preserve: asset or resource descriptor"
"Data/Provenance/Materials/grass/grassalbedo.texture","367","141EC0E9B637B704177008F0112A978F2927F58A335E55432165C322ACD63CD9","Untracked","Preserve: asset or resource descriptor"
"Data/Provenance/Materials/grass/grassbladeatlasa.texture","371","E5294F3094887908BB6CC4879BA8174BE91E5F07A07FBF8F0954AE3A4F87E276","Untracked","Preserve: asset or resource descriptor"
"Data/Provenance/Materials/grass/grassbladeatlasb.texture","371","8B48EA205A7CAD450C01FB39E34D44B8627A139CADB8E96548D843B303C2ECEC","Untracked","Preserve: asset or resource descriptor"
"Data/Provenance/Materials/grass/grasscover.material","1230","4931A5EB38BFB31D6BFA4AB1204D763C7CD8B8FF095689F988EE79A8DABD7239","Untracked","Preserve: asset or resource descriptor"
"Data/Provenance/Materials/grass/grassnormal.texture","412","08226FE1AFB3D9CCE0FB11BF03B8C18B48BFD4F7202F094736BF6F433DBCFED8","Untracked","Preserve: asset or resource descriptor"
"Data/Provenance/Materials/grass/t_grass_a_2k_master_v006.png","8831228","693202DE92B1D44565486EE6D162DA8879D0A743DFAF1331B1956968CF19F90E","Untracked","Preserve: asset or resource descriptor"
"Data/Provenance/Materials/grass/t_grass_blade_atlas_a.png","2068375","D544235E83E44CC3632F542D90701D3E239C03AB8AC00C4083CE0174BE261603","Untracked","Preserve: asset or resource descriptor"
"Data/Provenance/Materials/grass/t_grass_blade_atlas_b.png","2429742","CD9942D7AE3AC004FC9ED3A77213112828D76C28E0F83A9F463FD4FDE6E87809","Untracked","Preserve: asset or resource descriptor"
"Data/Provenance/Materials/grass/t_grass_n_2k_v006.png","7289746","FAA5FFECEABE4C7AD50D4E584085A3771219C902EEBD919F70B3B2A633D1CF34","Untracked","Preserve: asset or resource descriptor"
"Data/Provenance/Materials/Soil/Soil.material","596","62694F64D5B8BA6EECB4979C3888A193B03DD43602F105ED29CA13AE45FA3053","Untracked","Preserve: asset or resource descriptor"
"Data/Provenance/Materials/Soil/soilalbedo.texture","362","D4D844D6DE4602AC14D483D084E713EB41FBC9298906E3103C32FE81AA7F6D2B","Untracked","Preserve: asset or resource descriptor"
"Data/Provenance/Materials/Soil/soilnormal.texture","407","BE7BEF3F04AEA942EF48FDF4EBFF041922E6784B2A6A6EA1699B1092B787EEA0","Untracked","Preserve: asset or resource descriptor"
"Data/Provenance/Materials/Soil/t_soil_a_2k_master.png","8340292","9BC2B61D458156AE3C32D596B9C49DA577A436751F96BAA281858F8456AA1FD6","Untracked","Preserve: asset or resource descriptor"
"Data/Provenance/Materials/Soil/t_soil_n_2k.png","8558615","B4331FC331369632EF5C7DCB354C69B1C430A209B19BF7E485FF02447D613298","Untracked","Preserve: asset or resource descriptor"
"Data/Provenance/ProvenanceSandbox.map","2738","0FDCE033952C087CD9F30C84B534DA10B513B878CAF6A62933219F6A5C0DA150","Untracked","Preserve: asset or resource descriptor"
