sample,region,movement_input,action_or_upload,frame_ms,walk_cpu_ms,upload_cpu_ms
0,lab,1,0,16.957000,0.780300,0.342000
1,lab,1,0,15.087000,1.023900,0.002100
2,lab,1,0,16.868999,0.623500,0.002300
3,lab,1,0,16.363000,1.188000,0.002100
4,lab,1,0,16.903000,1.310200,0.002000
5,lab,1,0,16.452000,2.490100,0.002100
6,lab,1,0,16.673001,0.968600,0.001900
7,lab,1,0,16.593000,0.809000,0.272000
8,lab,1,0,16.572000,0.980200,0.002200
9,lab,1,0,16.663000,1.224900,0.002100
10,lab,1,0,17.174000,0.962500,0.001800
11,lab,1,0,16.355000,0.943100,0.001900
12,lab,1,0,16.582001,1.059800,0.002100
13,lab,1,0,16.518001,1.081500,0.002000
14,lab,1,0,16.926000,2.406400,0.270500
15,lab,1,0,16.493000,1.150000,0.001800
16,lab,1,0,16.434999,1.055000,0.001900
17,lab,1,0,16.628999,0.954400,0.001800
18,lab,1,0,16.344000,0.939700,0.001900
19,lab,1,0,17.122999,1.015100,0.001800
20,lab,1,0,15.919000,0.897700,0.001800
21,lab,1,0,16.647000,0.953400,0.002500
22,lab,1,0,16.237000,1.631700,0.270200
23,lab,1,0,16.524000,0.561500,0.001900
24,lab,1,0,16.344000,1.212200,0.001900
25,lab,1,0,15.592000,1.192500,0.001900
26,lab,1,0,16.155001,1.095000,0.001800
27,lab,1,0,14.500000,1.441100,0.001900
28,lab,1,0,15.275000,1.361200,0.002000
29,lab,1,0,16.465001,1.131500,0.287500
30,lab,1,0,15.748000,1.178500,0.002600
31,lab,1,0,15.836000,1.109900,0.002100
32,lab,1,0,15.635001,1.247800,0.002200
33,lab,1,0,16.455000,1.121400,0.001900
34,lab,1,0,16.504999,0.520200,0.001900
35,lab,1,0,16.535999,0.392000,0.001900
36,outer,1,0,16.506001,0.600000,0.274400
37,outer,1,0,16.441999,0.498000,0.001900
38,outer,1,0,16.012000,0.348000,0.002000
39,outer,1,0,15.879000,0.087400,0.001900
40,outer,1,0,16.385000,0.174300,0.001800
41,outer,1,0,15.800001,0.086100,0.001900
42,outer,1,0,17.124001,0.032100,0.001900
43,outer,1,0,16.307000,0.032500,0.271600
44,outer,1,0,14.936000,0.032200,0.001900
45,outer,1,0,16.187999,0.030600,0.001900
46,outer,1,0,16.666001,0.031600,0.002000
47,outer,1,0,15.907999,0.031700,0.001700
48,outer,1,0,16.347000,0.032900,0.002000
49,outer,1,0,16.221000,0.033200,0.002000
50,outer,1,0,16.927000,0.030700,0.002000
51,outer,1,0,16.311001,0.062100,0.003700
52,outer,1,0,16.287001,0.033300,0.002100
53,outer,1,0,15.821999,0.036200,0.002300
54,outer,1,0,16.764000,0.034800,0.002200
55,outer,1,0,16.652999,0.032100,0.002100
56,outer,1,0,15.814001,0.032400,0.002100
57,outer,1,0,16.524000,0.032400,0.002100
58,outer,1,0,14.450000,0.032300,0.001900
59,outer,1,0,16.426001,0.032100,0.001900
60,outer,1,0,15.610000,0.033500,0.002300
61,outer,1,0,16.144000,0.033800,0.002100
62,outer,1,0,15.729999,0.034500,0.002000
63,outer,1,0,16.159000,0.032900,0.002000
64,outer,1,0,15.841000,0.032600,0.002000
65,outer,1,0,16.659001,0.032300,0.002200
66,outer,1,0,14.916000,0.029300,0.002000
67,outer,1,0,16.395999,0.029200,0.002000
68,outer,1,0,15.805000,0.029500,0.002000
69,outer,1,0,15.556000,0.029800,0.002000
70,outer,1,0,16.067000,0.028200,0.002200
71,outer,1,0,15.857000,0.028000,0.001900
72,outer,1,0,16.860999,0.028800,0.002000
73,outer,1,0,15.573000,0.043900,0.002200
74,outer,1,0,15.998000,0.024800,0.002400
75,outer,1,0,16.956000,0.023500,0.002000
76,outer,1,0,16.192000,0.024200,0.002000
77,outer,1,0,16.264999,0.030800,0.001900
78,outer,1,0,16.277000,0.023900,0.001800
79,outer,1,0,16.597999,0.023600,0.001900
80,outer,1,0,15.939001,0.033500,0.002100
81,outer,1,0,16.221000,0.025100,0.002100
82,outer,1,0,16.215000,0.033600,0.002300
83,outer,1,0,16.091999,0.030400,0.002300
84,outer,1,0,16.302001,0.033600,0.001900
85,outer,1,0,15.828000,0.032400,0.001900
86,outer,1,0,16.048001,0.034700,0.002000
87,outer,1,0,16.222000,0.032800,0.002000
88,outer,1,0,16.298000,0.032100,0.002000
89,outer,1,0,16.952999,0.034000,0.002000
90,outer,1,0,16.596001,0.032900,0.001800
91,outer,1,0,16.438998,0.036100,0.002200
92,outer,1,0,16.168000,0.034600,0.002300
93,outer,1,0,16.520001,0.034800,0.002000
94,outer,1,0,16.566999,0.034000,0.002200
95,outer,1,0,16.223000,0.036600,0.002100
96,outer,1,0,16.697999,0.041400,0.002200
97,outer,1,0,16.817000,0.036400,0.002100
98,outer,1,0,16.481001,0.065800,0.003800
99,outer,1,0,15.975000,0.035800,0.002100
100,outer,1,0,16.938999,0.035100,0.002300
101,outer,1,0,16.084000,0.032400,0.002000
102,outer,1,0,16.694000,0.032400,0.002100
103,outer,1,0,15.975000,0.033300,0.001900
104,outer,1,0,16.875001,0.032300,0.001900
105,outer,1,0,16.465999,0.032900,0.002000
106,outer,1,0,17.362000,0.143000,0.002200
107,outer,1,0,15.659999,0.031200,0.001900
108,outer,1,0,16.796000,0.032600,0.001800
109,outer,1,0,16.590999,0.033600,0.001800
110,outer,1,0,16.076000,0.031600,0.001900
111,outer,1,0,17.113000,0.031500,0.001800
112,outer,1,0,17.194999,0.040400,0.002400
113,outer,1,0,16.672000,0.035100,0.002600
114,outer,1,0,15.737999,0.033100,0.002200
115,outer,1,0,15.687000,0.032500,0.002100
116,outer,1,0,16.508000,0.030700,0.002000
117,outer,1,0,16.789000,0.030500,0.002000
118,outer,1,0,15.778000,0.030200,0.002100
119,outer,1,0,15.659999,0.029200,0.001800
120,outer,1,0,16.417999,0.026900,0.002300
121,outer,1,0,15.845001,0.032200,0.002300
122,outer,1,0,17.244000,0.029600,0.002100
123,outer,1,0,16.040999,0.028000,0.002300
124,outer,1,0,16.858999,0.027200,0.002300
125,outer,1,0,16.599001,0.026000,0.002200
126,outer,1,0,16.658001,0.026700,0.002000
127,outer,1,0,16.363000,0.026000,0.001900
128,outer,1,0,16.962999,0.025600,0.001900
129,outer,1,0,16.383000,0.025300,0.001900
130,outer,1,0,16.646000,0.025900,0.002000
131,outer,1,0,16.985001,0.025200,0.001900
132,outer,1,0,16.479000,0.025100,0.001900
133,outer,1,0,16.520999,0.025700,0.001900
134,outer,1,0,16.623000,0.025700,0.001900
135,outer,1,0,16.774001,0.025300,0.001800
136,outer,1,0,16.375000,0.030900,0.001900
137,outer,1,0,16.726000,0.030900,0.001900
138,outer,1,0,16.985999,0.030400,0.001900
139,outer,1,0,16.578000,0.031000,0.001800
140,outer,1,0,16.115000,0.030400,0.001900
141,outer,1,0,16.462000,0.031100,0.001900
142,lab,1,0,15.781000,0.040900,0.002000
143,lab,1,0,16.535999,0.045300,0.002000
144,lab,1,0,16.757999,0.049900,0.001900
145,lab,1,0,16.283002,0.050100,0.001900
146,lab,1,0,16.215999,0.050900,0.002000
147,lab,1,0,16.479999,0.049900,0.001900
148,lab,1,0,16.347999,0.050300,0.001900
149,lab,1,0,16.594999,0.052400,0.001900
150,lab,1,0,16.935000,0.057400,0.001900
151,lab,1,0,16.353000,0.059800,0.001900
152,lab,1,0,17.312000,0.060200,0.002500
153,lab,1,0,15.953001,0.064000,0.002400
154,lab,1,0,16.528999,0.066000,0.002500
155,lab,1,0,16.323000,0.065100,0.002300
156,lab,1,0,16.791999,0.061700,0.001800
157,lab,1,0,16.450999,0.064400,0.001900
158,lab,1,0,16.634000,0.066100,0.001800
159,lab,1,0,16.738001,0.083800,0.002000
160,lab,1,0,16.767001,0.067700,0.002000
161,lab,1,0,16.349001,0.074800,0.001800
162,lab,1,0,17.400999,0.937800,0.279400
163,lab,1,0,16.047001,0.354200,0.002300
164,lab,1,0,16.937999,0.328900,0.001900
165,outer,1,0,16.569000,0.168400,0.002000
166,outer,1,0,16.826000,0.083700,0.002200
167,outer,1,0,15.947999,0.058300,0.001800
168,outer,1,0,16.816000,0.028500,0.001900
169,outer,1,0,16.687000,0.027400,0.272400
170,outer,1,0,16.743001,0.027200,0.001900
171,outer,1,0,16.716000,0.026600,0.001700
172,outer,1,0,16.743999,0.030000,0.002200
173,outer,1,0,16.278999,0.028300,0.002200
174,outer,1,0,16.868999,0.027900,0.002100
175,outer,1,0,16.952001,0.027000,0.001900
176,outer,1,0,16.068000,0.031800,0.002400
177,outer,1,0,16.434999,0.027700,0.002200
178,outer,1,0,15.846999,0.031400,0.002100
179,outer,1,0,16.599001,0.030600,0.002300
180,outer,1,0,15.400000,0.031800,0.002000
181,outer,1,0,16.472001,0.031600,0.001800
182,outer,1,0,16.350999,0.031100,0.002000
183,outer,1,0,15.889000,0.030400,0.002000
184,outer,1,0,17.132999,0.030100,0.002000
185,outer,1,0,16.059000,0.032500,0.002100
186,outer,1,0,16.271999,0.031000,0.002000
187,outer,1,0,16.319001,0.032800,0.003100
188,outer,1,0,16.374001,0.027400,0.001900
189,outer,1,0,16.554002,0.028100,0.001900
190,outer,1,0,16.462998,0.028000,0.001900
191,outer,1,0,16.569000,0.024000,0.001900
192,outer,1,0,16.666999,0.026500,0.001800
193,outer,1,0,16.146999,0.026000,0.001900
194,outer,1,0,16.961001,0.031000,0.001900
195,outer,1,0,15.977001,0.025600,0.001900
196,outer,1,0,16.672000,0.025300,0.001800
197,outer,1,0,16.711000,0.026400,0.001900
198,outer,1,0,17.346000,0.025500,0.001800
199,outer,1,0,15.875001,0.025900,0.002000
200,outer,1,0,17.175000,0.025400,0.001900
201,outer,1,0,15.714999,0.026700,0.002000
202,outer,1,0,17.121000,0.022700,0.001900
203,outer,1,0,16.240999,0.022800,0.001900
204,outer,1,0,16.886000,0.023300,0.001800
205,outer,1,0,16.709998,0.023800,0.002300
206,outer,1,0,16.606001,0.022700,0.001900
207,outer,1,0,16.379001,0.023000,0.002000
208,outer,1,0,16.515000,0.022500,0.002000
209,outer,1,0,16.786000,0.022100,0.001900
210,outer,1,0,17.007999,0.023100,0.002400
211,outer,1,0,16.244000,0.022000,0.001900
212,outer,1,0,16.805999,0.022500,0.001900
213,outer,1,0,16.546000,0.024400,0.002300
214,outer,1,0,16.506001,0.024500,0.002100
215,outer,1,0,17.395999,0.023700,0.002300
216,outer,1,0,15.944000,0.023900,0.002000
217,outer,1,0,16.504999,0.027900,0.002200
218,outer,1,0,16.721001,0.027600,0.001800
219,outer,1,0,17.021000,0.028500,0.002500
220,outer,1,0,16.501000,0.027500,0.002200
221,outer,1,0,16.565001,0.027600,0.002600
222,outer,1,0,16.669001,0.026900,0.002000
223,outer,1,0,16.350999,0.026500,0.002000
224,outer,1,0,16.774001,0.027100,0.001900
225,outer,1,0,16.688000,0.026600,0.002000
226,outer,1,0,15.972000,0.027100,0.001900
227,outer,1,0,16.331000,0.027000,0.001800
228,outer,1,0,16.464001,0.026300,0.001900
229,outer,1,0,16.251000,0.026300,0.001900
230,outer,1,0,16.503999,0.027000,0.001900
231,outer,1,0,17.028999,0.030100,0.001900
232,outer,1,0,15.980000,0.035300,0.002100
233,outer,1,0,16.350001,0.033400,0.002000
234,outer,1,0,16.037000,0.029700,0.002200
235,outer,1,0,16.548000,0.028200,0.002000
236,outer,1,0,16.754000,0.028700,0.002000
237,outer,1,0,16.177999,0.028900,0.002000
238,outer,1,0,17.083000,0.028200,0.002000
239,outer,1,0,15.819000,0.029400,0.002200
240,outer,1,0,16.820999,0.028200,0.002500
241,outer,1,0,15.869999,0.022400,0.001800
242,outer,1,0,16.393000,0.022000,0.001900
243,outer,1,0,16.958000,0.022000,0.002000
244,outer,1,0,16.304001,0.026800,0.001800
245,outer,1,0,16.600000,0.021100,0.002000
246,outer,1,0,16.864000,0.025800,0.001900
247,outer,1,0,16.232001,0.020900,0.002000
248,outer,1,0,16.117999,0.021200,0.001900
249,creek,1,0,16.621999,0.026200,0.001900
250,creek,1,0,16.585000,0.021200,0.002000
251,creek,1,0,16.177999,0.027600,0.002000
252,creek,1,0,16.690999,0.020900,0.001900
253,creek,1,0,16.941000,0.020900,0.001800
254,creek,1,0,16.263001,0.026900,0.001900
255,creek,1,0,16.655000,0.021200,0.001900
256,creek,1,0,16.403999,0.051100,0.003600
257,creek,1,0,16.523000,0.020800,0.002000
258,creek,1,0,16.508000,0.025800,0.001900
259,creek,1,0,16.209999,0.020900,0.001900
260,creek,1,0,16.190000,0.025400,0.002100
261,creek,1,0,16.517000,0.021200,0.002000
262,creek,1,0,16.553000,0.025500,0.001900
263,creek,1,0,16.540000,0.021100,0.001900
264,creek,1,0,16.763000,0.027300,0.001900
265,creek,1,0,16.538000,0.021000,0.001800
266,creek,1,0,16.472999,0.026200,0.001900
267,creek,1,0,17.044000,0.025500,0.002000
268,creek,1,0,16.405001,0.028000,0.002100
269,creek,1,0,16.450999,0.027400,0.002000
270,creek,1,0,16.497999,0.026200,0.002000
271,creek,1,0,16.918000,0.026200,0.002000
272,creek,1,0,16.804000,0.025300,0.002200
273,creek,1,0,16.139001,0.025700,0.002000
274,creek,1,0,16.860999,0.026700,0.002100
275,creek,1,0,16.055999,0.026600,0.002100
276,creek,1,0,16.628001,0.024100,0.002100
277,creek,1,0,16.334999,0.022900,0.002000
278,creek,1,0,15.879000,0.022800,0.002000
279,creek,1,0,16.502000,0.022700,0.002000
280,creek,1,0,16.597001,0.034300,0.002800
281,creek,1,0,16.134001,0.022600,0.002000
282,creek,1,0,16.663000,0.022300,0.001900
283,creek,1,0,16.256999,0.022400,0.001900
284,creek,1,0,16.393999,0.022400,0.002000
285,creek,1,0,15.974000,0.022700,0.001800
286,creek,1,0,16.148001,0.023300,0.001900
287,creek,1,0,16.000001,0.023100,0.002000
288,creek,1,0,16.522000,0.022300,0.001900
289,creek,1,0,16.688999,0.022700,0.001900
290,creek,1,0,15.824001,0.021900,0.001900
291,creek,1,0,18.275000,0.024600,0.002300
292,creek,1,0,15.281000,0.032700,0.002800
293,creek,1,0,16.497999,0.031000,0.002400
294,creek,1,0,16.405001,0.029500,0.002500
295,creek,1,0,16.850000,0.028800,0.002100
296,creek,1,0,16.681001,0.026400,0.002100
297,creek,1,0,16.604999,0.027300,0.002000
298,creek,1,0,16.915001,0.026700,0.002200
299,creek,1,0,16.870001,0.027000,0.002000
300,creek,1,0,16.452000,0.026700,0.002100
301,creek,1,0,16.353000,0.030000,0.002400
302,creek,1,0,16.338000,0.028900,0.002100
303,creek,1,0,16.774999,0.028500,0.002000
304,creek,1,0,16.472001,0.027400,0.002000
305,creek,1,0,16.218999,0.027900,0.002000
306,creek,1,0,17.229000,0.027000,0.002000
307,creek,1,0,15.670000,0.028600,0.002000
308,creek,1,0,16.542999,0.028500,0.002000
309,creek,1,0,16.599001,0.030600,0.002000
310,creek,1,0,16.495001,0.029600,0.002100
311,creek,1,0,16.050000,0.029500,0.001900
312,creek,1,0,16.534999,0.030300,0.002100
313,creek,1,0,16.242001,0.032100,0.002100
314,creek,1,0,16.360000,0.029500,0.002300
315,creek,1,0,15.916001,0.029900,0.002000
316,creek,1,0,16.522000,0.029500,0.002000
317,creek,1,0,16.309999,0.030100,0.001900
318,creek,1,0,16.628999,0.023700,0.001800
319,creek,1,0,16.827999,0.023400,0.001900
320,creek,1,0,15.972000,0.023600,0.001900
321,creek,1,0,16.592000,0.021500,0.002100
322,creek,1,0,16.662000,0.021600,0.002100
323,creek,1,0,16.577000,0.021300,0.002000
324,creek,1,0,17.107999,0.021400,0.002100
325,creek,1,0,16.247999,0.020800,0.002000
326,creek,1,0,16.607000,0.020900,0.001900
327,creek,1,0,16.618000,0.020900,0.001900
328,creek,1,0,16.919000,0.020400,0.001900
329,creek,1,0,16.861999,0.020500,0.001800
330,creek,1,0,16.367001,0.024700,0.002700
331,creek,1,0,17.111000,0.021600,0.001900
332,creek,1,0,16.346000,0.023000,0.002100
333,creek,1,0,16.848000,0.024600,0.002400
334,creek,1,0,16.416000,0.025800,0.002800
335,creek,1,0,17.084999,0.027200,0.002400
336,creek,1,0,16.145000,0.025400,0.002400
337,creek,1,0,16.316000,0.023400,0.002200
338,creek,1,0,16.728001,0.022900,0.002100
339,creek,1,0,16.499000,0.022300,0.001900
340,creek,1,0,16.829999,0.022500,0.002100
341,creek,1,0,17.270001,0.021500,0.002100
342,creek,1,0,15.958000,0.022400,0.002000
343,creek,1,0,16.714001,0.022000,0.002100
344,creek,1,0,16.554002,0.021500,0.002000
345,creek,1,0,16.827999,0.022600,0.002000
346,creek,1,0,16.666001,0.021700,0.002000
347,creek,1,0,16.502000,0.021500,0.001900
348,creek,1,0,16.888000,0.021300,0.002100
349,creek,1,0,16.375000,0.021600,0.001900
350,creek,1,0,16.385000,0.025900,0.001800
351,creek,1,0,16.995002,0.020900,0.002000
352,creek,1,0,16.507000,0.024600,0.002400
353,creek,1,0,16.347999,0.023800,0.002300
354,creek,1,0,16.757999,0.022800,0.002300
355,creek,1,0,16.341999,0.023400,0.002100
356,creek,1,0,16.570000,0.022200,0.002200
357,creek,1,0,17.093999,0.021900,0.002500
358,creek,1,0,16.174000,0.024400,0.002100
359,creek,1,0,16.741000,0.024000,0.002300
360,creek,1,0,17.275998,0.022500,0.002100
361,creek,1,0,16.779000,0.025000,0.002300
362,creek,1,0,16.345000,0.024300,0.002300
363,creek,1,0,16.424000,0.027800,0.002100
364,creek,1,0,16.522000,0.022100,0.002100
365,creek,1,0,16.836999,0.021500,0.001900
366,creek,1,0,16.343001,0.021000,0.002000
367,creek,1,0,17.669000,0.022300,0.002000
368,creek,1,0,14.866000,0.032200,0.003200
369,creek,1,0,16.098000,0.029500,0.003000
370,creek,1,0,17.013000,0.031800,0.002800
371,creek,1,0,15.750000,0.028400,0.002700
372,creek,1,0,16.518001,0.034300,0.003000
373,creek,1,0,17.639000,0.034700,0.002900
374,creek,1,0,15.943000,0.038700,0.003000
375,creek,1,0,16.379999,0.044400,0.004400
376,creek,1,0,16.450999,0.038100,0.003600
377,creek,1,0,16.079001,0.034600,0.003100
378,creek,1,0,16.492000,0.033700,0.003200
379,creek,1,0,16.745999,0.031500,0.002800
380,creek,1,0,17.732000,0.033700,0.002900
381,creek,1,0,16.139999,0.036900,0.003200
382,creek,1,0,16.952001,0.033900,0.003400
383,creek,1,0,15.984001,0.034900,0.002900
384,creek,1,0,16.912000,0.034700,0.002900
385,creek,1,0,16.447000,0.034700,0.003500
386,creek,1,0,15.963001,0.040000,0.003500
387,creek,1,0,16.754000,0.033600,0.003400
388,creek,1,0,16.540000,0.032200,0.003400
389,creek,1,0,16.457001,0.032000,0.002900
390,creek,1,0,17.545000,0.033800,0.003000
391,creek,1,0,16.193001,0.033800,0.002900
392,creek,1,0,16.875999,0.031200,0.002900
393,creek,1,0,16.345000,0.032300,0.003000
394,creek,1,0,16.470000,0.032900,0.002900
395,creek,1,0,15.765000,0.031100,0.002700
396,creek,1,0,17.414000,0.028200,0.002400
397,creek,1,0,15.689999,0.033100,0.003100
398,creek,1,0,16.184999,0.030500,0.002700
399,creek,1,0,16.892999,0.029500,0.002900
400,creek,1,0,16.024999,0.035800,0.003500
401,creek,1,0,15.867000,0.028500,0.002500
402,creek,1,0,16.518999,0.029500,0.002900
403,creek,1,0,15.729999,0.030000,0.003500
404,creek,1,0,17.688999,0.028700,0.003100
405,creek,1,0,15.950000,0.055800,0.004900
406,creek,1,0,15.788000,0.035300,0.003200
407,creek,1,0,16.569000,0.033300,0.003000
408,creek,1,0,16.437000,0.032400,0.002800
409,creek,1,0,16.599001,0.031500,0.003100
410,creek,1,0,17.493000,0.031300,0.002700
411,creek,1,0,15.824001,0.031600,0.002600
412,creek,1,0,17.664000,0.034600,0.002700
413,creek,1,0,15.490000,0.035800,0.003300
414,creek,1,0,17.318001,0.034700,0.002900
415,creek,1,0,16.855000,0.035100,0.002800
416,creek,1,0,16.280999,0.043300,0.003500
417,creek,1,0,16.054001,0.035700,0.003600
418,creek,1,0,16.726999,0.033800,0.003300
419,creek,1,0,16.954001,0.032400,0.003100
420,creek,1,0,17.184000,0.034600,0.003400
421,creek,1,0,16.817000,0.035800,0.003300
422,creek,1,0,15.540000,0.037100,0.003400
423,creek,1,0,17.213000,0.035100,0.002900
424,creek,1,0,16.981000,0.040700,0.003800
425,creek,1,0,15.930999,0.037700,0.003200
426,creek,1,0,16.091999,0.039000,0.002900
427,creek,1,0,16.739000,0.037100,0.002600
428,creek,1,0,17.438000,0.035600,0.002900
429,creek,1,0,16.114000,0.036000,0.003100
430,creek,1,0,16.356001,0.034300,0.002300
431,creek,1,0,18.838000,0.038900,0.002400
432,creek,1,0,15.467000,0.040000,0.003400
433,creek,1,0,16.476000,0.041500,0.003600
434,creek,1,0,15.505999,0.041200,0.003200
435,creek,1,0,16.570998,0.038000,0.003400
436,creek,1,0,16.712001,0.035600,0.003600
437,creek,1,0,16.191000,0.033200,0.003300
438,creek,1,0,15.542000,0.032800,0.003300
439,creek,1,0,17.386001,0.032400,0.003600
440,creek,1,0,16.122000,0.033900,0.003400
441,creek,1,0,16.683001,0.034100,0.003300
442,creek,1,0,15.395001,0.043900,0.004600
443,creek,1,0,16.913999,0.031000,0.003300
444,creek,1,0,15.941000,0.031700,0.003100
445,creek,1,0,16.774999,0.030900,0.003200
446,creek,1,0,16.108999,0.029700,0.003100
447,creek,1,0,17.108999,0.029100,0.002500
448,creek,1,0,17.278001,0.031600,0.002900
449,creek,1,0,15.991000,0.034900,0.003400
450,creek,1,0,16.630000,0.032900,0.003200
451,creek,1,0,16.322000,0.032100,0.002800
452,creek,1,0,16.882000,0.030700,0.003300
453,creek,1,0,16.666001,0.032400,0.003100
454,creek,1,0,16.717000,0.033600,0.003000
455,creek,1,0,16.139999,0.032400,0.003100
456,creek,1,0,17.031999,0.033000,0.003100
457,creek,1,0,16.436001,0.035100,0.003300
458,creek,1,0,15.954999,0.036200,0.003400
459,creek,1,0,16.483000,0.034400,0.003100
460,creek,1,0,16.714999,0.036700,0.003200
461,creek,1,0,16.647000,0.169700,0.003400
462,creek,1,0,16.104000,0.031400,0.003200
463,creek,1,0,18.062999,0.029200,0.002700
464,creek,1,0,18.786000,0.046400,0.004900
465,creek,1,0,15.565000,0.057500,0.006200
466,creek,1,0,19.204000,0.048400,0.005200
467,creek,1,0,12.304000,0.056100,0.005700
468,creek,1,0,17.308000,0.041700,0.004800
469,creek,1,0,16.702998,0.053000,0.005500
470,creek,1,0,16.709000,0.043900,0.004700
471,creek,1,0,17.608998,0.063800,0.005100
472,creek,1,0,15.862999,0.054900,0.006600
473,creek,1,0,16.280999,0.047700,0.005400
474,creek,1,0,16.319001,0.045300,0.004800
475,creek,1,0,15.636999,0.044400,0.004800
476,creek,1,0,16.594000,0.042100,0.004500
477,creek,1,0,16.136000,0.039500,0.004600
478,creek,1,0,16.593000,0.036300,0.003700
479,creek,1,0,16.179001,0.033400,0.003500
480,creek,1,0,17.320000,0.031100,0.003500
481,creek,1,0,16.625000,0.035100,0.003200
482,creek,1,0,16.743999,0.035100,0.003300
483,creek,1,0,16.406000,0.035600,0.003400
484,creek,1,0,17.075000,0.034000,0.003400
485,creek,1,0,15.957000,0.039300,0.003200
486,creek,1,0,17.194001,0.033100,0.004300
487,creek,1,0,16.207000,0.039600,0.004000
488,creek,1,0,16.268000,0.037000,0.003700
489,creek,1,0,17.044000,0.042300,0.003800
490,creek,1,0,15.937999,0.038400,0.003700
491,creek,1,0,17.064000,0.036500,0.003600
492,creek,1,0,17.510999,0.038400,0.003700
493,creek,1,0,15.891001,0.042600,0.004200
494,creek,1,0,16.690001,0.041300,0.004200
495,creek,1,0,15.449001,0.042300,0.004100
496,creek,1,0,16.427999,0.040800,0.004100
497,creek,1,0,15.862001,0.039000,0.003900
498,creek,1,0,16.183000,0.036700,0.003700
499,creek,1,0,16.535999,0.037200,0.003400
500,creek,1,0,17.099001,0.036200,0.003000
501,creek,1,0,15.676999,0.046700,0.003400
502,creek,1,0,16.408000,0.036600,0.009300
503,creek,1,0,16.925000,0.036000,0.002900
504,creek,1,0,16.576000,0.038000,0.003000
505,creek,1,0,15.977999,0.038200,0.003000
506,creek,1,0,16.743001,0.040900,0.003200
507,creek,1,0,17.444000,0.040100,0.003000
508,creek,1,0,16.359000,0.041000,0.002900
509,creek,1,0,15.626000,0.054300,0.003100
510,creek,1,0,16.791999,0.039900,0.003800
511,creek,1,0,15.953001,0.040200,0.003200
512,creek,1,0,17.023001,0.041100,0.003100
513,creek,1,0,15.198000,0.041100,0.003800
514,creek,1,0,16.285999,0.033700,0.003400
515,creek,1,0,16.242001,0.030700,0.003100
516,creek,1,0,16.491000,0.030600,0.003200
517,creek,1,0,16.094999,0.029800,0.003000
518,creek,1,0,17.641000,0.032500,0.002900
519,creek,1,0,16.590999,0.037800,0.003700
520,creek,1,0,15.950000,0.036800,0.003600
521,creek,1,0,16.175000,0.032300,0.003100
522,creek,1,0,17.556001,0.033300,0.002900
523,creek,1,0,16.012000,0.033000,0.013100
524,creek,1,0,16.518001,0.033800,0.002700
525,creek,1,0,16.596001,0.035200,0.003200
526,creek,1,0,16.702000,0.034600,0.002800
527,creek,1,0,17.366000,0.033800,0.003100
528,creek,1,0,16.259002,0.033500,0.002800
529,creek,1,0,16.633000,0.031800,0.002800
530,creek,1,0,16.630000,0.032700,0.002700
531,creek,1,0,16.683999,0.035400,0.003000
532,creek,1,0,16.777001,0.032900,0.002900
533,creek,1,0,16.352000,0.035400,0.002700
534,creek,1,0,16.298000,0.036500,0.003000
535,creek,1,0,15.852001,0.033400,0.003000
536,creek,1,0,17.759001,0.034900,0.003000
537,creek,1,0,15.976001,0.054900,0.004900
538,creek,1,0,15.777001,0.044700,0.004200
539,creek,1,0,15.788000,0.039700,0.004300
540,creek,1,0,16.260000,0.041000,0.004300
541,creek,1,0,13.127000,0.050900,0.004700
542,creek,1,0,16.527001,0.036000,0.004300
543,creek,1,0,15.647000,0.041700,0.003600
544,creek,1,0,15.866000,0.040900,0.004400
545,creek,1,0,15.562001,0.037700,0.004000
546,creek,1,0,16.510999,0.036500,0.003700
547,creek,1,0,16.184999,0.037200,0.004100
548,creek,1,0,16.311999,0.035200,0.003700
549,creek,1,0,16.489999,0.035300,0.003600
550,creek,1,0,15.885001,0.037400,0.004000
551,creek,1,0,16.398001,0.033400,0.003400
552,creek,1,0,16.049000,0.034200,0.003400
553,creek,1,0,16.508000,0.032800,0.003500
554,creek,1,0,16.515000,0.034000,0.003600
555,creek,1,0,14.802000,0.041100,0.004300
556,creek,1,0,15.976001,0.047100,0.004800
557,creek,1,0,16.311999,0.037800,0.004600
558,creek,1,0,15.862001,0.037200,0.004300
559,creek,1,0,16.240999,0.035400,0.003800
560,creek,1,0,16.964002,0.035200,0.004000
561,creek,1,0,16.132001,0.037100,0.004000
562,creek,1,0,16.086999,0.039700,0.003500
563,creek,1,0,16.325001,0.041200,0.004200
564,creek,1,0,16.502000,0.040500,0.003800
565,creek,1,0,16.122999,0.039000,0.003600
566,creek,1,0,19.895000,0.038600,0.003600
567,creek,1,0,14.526000,0.047000,0.004400
568,creek,1,0,16.343001,0.041200,0.004100
569,creek,1,0,16.208000,0.071700,0.008400
570,creek,1,0,17.033001,0.038000,0.004100
571,creek,1,0,15.573000,0.051200,0.004300
572,creek,1,0,17.278999,0.035000,0.003500
573,creek,1,0,16.929001,0.046600,0.003100
574,creek,1,0,16.292000,0.036100,0.003300
575,creek,1,0,16.000999,0.034400,0.002800
576,creek,1,0,17.176000,0.033700,0.002700
577,creek,1,0,15.703000,0.036000,0.003000
578,creek,1,0,16.633000,0.056300,0.003500
579,creek,1,0,16.714001,0.035600,0.003100
580,creek,1,0,16.968001,0.035300,0.002600
581,creek,1,0,16.346000,0.044700,0.002900
582,outer,1,0,16.784001,0.034300,0.002800
583,outer,1,0,16.353000,0.033900,0.002600
584,outer,1,0,17.541001,0.034700,0.002400
585,outer,1,0,16.278999,0.036500,0.002900
586,outer,1,0,16.830999,0.033300,0.003200
587,outer,1,0,19.398000,0.035900,0.002700
588,outer,1,0,15.087000,0.040600,0.004200
589,outer,1,0,15.555000,0.049400,0.004400
590,outer,1,0,17.601999,0.041900,0.004000
591,outer,1,0,15.220000,0.037200,0.004800
592,outer,1,0,17.443001,0.042300,0.003300
593,outer,1,0,16.928000,0.043400,0.004400
594,outer,1,0,16.215000,0.039000,0.003900
595,outer,1,0,15.996000,0.040800,0.004000
596,outer,1,0,16.395001,0.037300,0.003300
597,outer,1,0,16.239999,0.032600,0.003000
598,outer,1,0,16.729999,0.036100,0.003100
599,outer,1,0,16.337000,0.036100,0.003300
600,outer,1,0,16.911000,0.029900,0.002900
601,outer,1,0,17.184999,0.032600,0.002600
602,outer,1,0,17.051000,0.034800,0.003200
603,outer,1,0,16.004998,0.031200,0.003400
604,outer,1,0,16.999001,0.036300,0.003000
605,outer,1,0,16.834999,0.035700,0.002800
606,outer,1,0,16.271999,0.029300,0.002800
607,outer,1,0,16.951000,0.034700,0.002600
608,outer,1,0,16.090000,0.026800,0.002700
609,outer,1,0,16.510000,0.033600,0.003100
610,outer,1,0,17.066000,0.025700,0.003200
611,outer,1,0,16.385000,0.037900,0.003000
612,outer,1,0,16.569000,0.025000,0.002900
613,outer,1,0,16.318001,0.033100,0.002800
614,outer,1,0,16.736999,0.036900,0.002800
615,outer,1,0,17.194001,0.035100,0.003400
616,outer,1,0,16.549999,0.029600,0.003400
617,outer,1,0,15.916999,0.034200,0.003300
618,outer,1,0,16.687000,0.027900,0.003100
619,outer,1,0,16.237000,0.034100,0.003300
620,outer,1,0,16.631000,0.028000,0.003200
621,outer,1,0,17.440001,0.035600,0.003300
622,outer,1,0,16.687000,0.027300,0.002900
623,outer,1,0,16.090000,0.033400,0.002900
624,outer,1,0,16.215000,0.027400,0.002900
625,outer,1,0,17.101999,0.031100,0.002900
626,outer,1,0,16.322000,0.026700,0.003200
627,outer,1,0,16.948000,0.031700,0.003000
628,outer,1,0,17.275000,0.027000,0.003100
629,outer,1,0,16.251000,0.033100,0.003200
630,outer,1,0,16.779000,0.028300,0.003700
631,outer,1,0,16.472999,0.036600,0.003500
632,outer,1,0,17.399000,0.028800,0.003100
633,outer,1,0,15.811000,0.036800,0.003800
634,outer,1,0,16.864000,0.031800,0.003200
635,outer,1,0,15.689999,0.037600,0.003400
636,outer,1,0,16.770000,0.030200,0.003300
637,outer,1,0,17.238000,0.030700,0.003600
638,outer,1,0,15.996000,0.036900,0.003200
639,outer,1,0,18.263001,0.029000,0.003300
640,outer,1,0,15.541000,0.038000,0.003600
641,outer,1,0,16.597001,0.036900,0.003800
642,outer,1,0,20.254999,0.037300,0.004000
643,outer,1,0,15.911000,0.053800,0.004400
644,outer,1,0,14.931000,0.039000,0.004100
645,outer,1,0,18.718001,0.043100,0.003700
646,outer,1,0,14.912000,0.048000,0.005400
647,outer,1,0,16.656000,0.042400,0.004800
648,outer,1,0,15.410000,0.046500,0.004400
649,outer,1,0,17.589001,0.032100,0.003800
650,outer,1,0,17.698999,0.035600,0.004000
651,outer,1,0,14.377000,0.042400,0.004000
652,outer,1,0,18.783001,0.032000,0.003600
653,outer,1,0,16.301000,0.046400,0.005600
654,outer,1,0,14.818000,0.049400,0.004400
655,outer,1,0,16.990999,0.034000,0.003800
656,outer,1,0,17.410999,0.034100,0.004100
657,outer,1,0,17.527001,0.041800,0.003900
658,outer,1,0,15.923001,0.034400,0.004100
659,outer,1,0,15.410000,0.037000,0.004300
660,outer,1,0,16.648000,0.039600,0.004300
661,outer,1,0,16.232001,0.037200,0.004100
662,outer,1,0,17.108999,0.036700,0.004300
663,outer,1,0,16.997999,0.042100,0.003700
664,outer,1,0,15.680000,0.040700,0.004000
665,outer,1,0,16.681999,0.039600,0.004100
666,outer,1,0,16.604999,0.036500,0.004200
667,outer,1,0,16.050000,0.036600,0.003400
668,outer,1,0,17.215999,0.030800,0.003700
669,outer,1,0,16.424000,0.035500,0.003500
670,outer,1,0,16.443001,0.029400,0.003300
671,outer,1,0,15.947999,0.031300,0.002800
672,outer,1,0,16.957000,0.027200,0.003000
673,outer,1,0,17.400000,0.031200,0.003200
674,outer,1,0,15.859000,0.030300,0.002800
675,outer,1,0,16.224001,0.032300,0.002900
676,outer,1,0,16.688999,0.029500,0.003200
677,outer,1,0,17.455000,0.025800,0.002600
678,outer,1,0,16.115000,0.028200,0.002700
679,outer,1,0,16.909000,0.032600,0.003000
680,outer,1,0,17.010000,0.028100,0.003100
681,outer,1,0,16.367001,0.031800,0.003100
682,outer,1,0,16.084000,0.027500,0.002800
683,outer,1,0,16.311999,0.026700,0.002800
684,outer,1,0,16.723000,0.038100,0.002700
685,outer,1,0,16.443001,0.029700,0.002600
686,outer,1,0,16.702998,0.023900,0.002300
687,outer,1,0,16.732000,0.024000,0.002300
688,outer,1,0,16.466999,0.026900,0.002700
689,outer,1,0,16.566001,0.025800,0.002700
690,outer,1,0,17.841998,0.026300,0.002500
691,outer,1,0,15.944000,0.042000,0.003400
692,outer,1,0,16.617000,0.030700,0.002800
693,outer,1,0,16.280001,0.029500,0.002500
694,outer,1,0,17.488001,0.030000,0.002400
695,outer,1,0,16.097000,0.030200,0.002800
696,outer,1,0,16.194001,0.027900,0.003100
697,outer,1,0,16.705999,0.027000,0.002600
698,outer,1,0,16.302999,0.025400,0.002500
699,outer,1,0,16.959000,0.025100,0.002100
700,outer,1,0,16.050000,0.029400,0.002000
701,outer,1,0,15.831999,0.025600,0.002000
702,outer,1,0,17.381001,0.026300,0.002100
703,outer,1,0,16.503001,0.031100,0.002600
704,outer,1,0,15.659999,0.029200,0.002900
705,outer,1,0,16.954001,0.035900,0.003500
706,outer,1,0,16.507000,0.038200,0.003200
707,outer,1,0,15.470000,0.039400,0.003800
708,outer,1,0,16.558001,0.038200,0.003500
709,outer,1,0,16.081000,0.043700,0.003900
710,outer,1,0,15.949000,0.038200,0.003900
711,outer,1,0,16.162001,0.037200,0.003900
712,outer,1,0,16.278999,0.035700,0.003000
713,outer,1,0,16.570998,0.041900,0.003900
714,outer,1,0,16.774001,0.034400,0.003200
715,outer,1,0,15.899001,0.040500,0.003500
716,outer,1,0,16.378000,0.039600,0.003500
717,outer,1,0,16.030001,0.036500,0.003600
718,outer,1,0,15.372000,0.035900,0.003600
719,outer,1,0,16.177999,0.034800,0.003100
720,outer,1,0,15.977001,0.042100,0.003500
721,outer,1,0,16.308000,0.036200,0.003400
722,outer,1,0,16.458001,0.037600,0.003500
723,outer,1,0,16.100001,0.037600,0.003500
724,outer,1,0,15.893999,0.035500,0.003100
725,outer,1,0,16.256999,0.041300,0.003400
726,outer,1,0,16.478000,0.034700,0.002900
727,outer,1,0,16.365999,0.037400,0.003400
728,outer,1,0,16.181000,0.037200,0.003000
729,outer,1,0,16.621999,0.034900,0.002900
730,outer,1,0,16.254000,0.035800,0.003000
731,outer,1,0,16.492000,0.034700,0.003000
732,outer,1,0,16.485000,0.037300,0.003800
733,outer,1,0,16.301000,0.039300,0.003700
734,outer,1,0,15.840000,0.034700,0.003300
735,outer,1,0,16.681999,0.030100,0.003400
736,outer,1,0,15.718000,0.028100,0.002900
737,outer,1,0,16.632000,0.027400,0.002400
738,outer,1,0,16.386000,0.027500,0.002300
739,outer,1,0,16.221000,0.026400,0.002400
740,outer,1,0,16.781000,0.024700,0.002000
741,outer,1,0,16.170001,0.024700,0.002200
742,outer,1,0,16.501000,0.024100,0.002200
743,outer,1,0,17.069999,0.024500,0.002400
744,outer,1,0,15.937999,0.025100,0.001900
745,outer,1,0,16.466999,0.024400,0.002100
746,outer,1,0,16.158001,0.024000,0.001800
747,outer,1,0,16.169000,0.023800,0.001900
748,outer,1,0,16.652001,0.044300,0.003500
749,outer,1,0,15.982000,0.023200,0.001900
750,outer,1,0,16.438998,0.023900,0.002000
751,outer,1,0,16.273001,0.023400,0.002000
752,outer,1,0,16.282000,0.023800,0.001800
753,outer,1,0,16.403999,0.023300,0.002000
754,outer,1,0,16.501000,0.023400,0.002000
755,outer,1,0,16.448000,0.023500,0.001900
756,outer,1,0,16.694000,0.023600,0.002000
757,outer,1,0,17.177999,0.034500,0.002500
758,outer,1,0,16.012000,0.026700,0.002100
759,outer,1,0,16.805999,0.024300,0.001900
760,outer,1,0,16.625999,0.024500,0.002100
761,outer,1,0,16.150000,0.024500,0.002000
762,outer,1,0,16.936000,0.044900,0.003600
763,outer,1,0,16.378000,0.026300,0.032900
764,outer,1,0,16.211001,0.024800,0.002100
765,outer,1,0,16.597001,0.024400,0.001900
766,outer,1,0,16.525000,0.024300,0.002000
767,outer,1,0,16.562000,0.025000,0.002000
768,outer,1,0,17.228000,0.024100,0.001900
769,outer,1,0,16.443999,0.026300,0.002100
770,outer,1,0,17.379999,0.028800,0.002300
771,outer,1,0,16.051000,0.031400,0.003100
772,outer,1,0,17.124001,0.031100,0.002700
773,outer,1,0,15.671000,0.033400,0.002900
774,outer,1,0,16.393999,0.031200,0.002900
775,outer,1,0,16.224001,0.029200,0.002800
776,outer,1,0,16.392000,0.025900,0.002600
777,outer,1,0,16.638000,0.026600,0.003000
778,outer,1,0,16.225999,0.027400,0.002600
779,outer,1,0,15.698001,0.029500,0.002600
780,outer,1,0,17.346000,0.028300,0.002500
781,outer,1,0,15.154000,0.041300,0.004200
782,outer,1,0,17.231001,0.030600,0.002800
783,outer,1,0,15.843000,0.033700,0.003000
784,outer,1,0,16.274000,0.031300,0.002600
785,outer,1,0,16.702000,0.033100,0.002600
786,outer,1,0,16.578000,0.037800,0.003100
787,outer,1,0,17.155999,0.030100,0.002800
788,outer,1,0,16.136998,0.033800,0.003100
789,outer,1,0,16.076999,0.033100,0.003100
790,outer,1,0,16.745999,0.031800,0.002900
791,outer,1,0,16.607000,0.031500,0.002900
792,outer,1,0,17.177999,0.031700,0.002700
793,outer,1,0,15.310001,0.032100,0.003000
794,outer,1,0,16.553000,0.030900,0.002900
795,outer,1,0,15.606000,0.030900,0.002600
796,outer,1,0,17.019000,0.030500,0.002900
797,outer,1,0,16.093999,0.030400,0.002800
798,outer,1,0,16.568001,0.031200,0.002900
799,outer,1,0,15.942000,0.030600,0.002800
800,outer,1,0,16.725000,0.024700,0.002300
801,outer,1,0,15.924999,0.024700,0.002400
802,outer,1,0,16.553000,0.041800,0.004000
803,outer,1,0,16.762000,0.023600,0.002600
804,outer,1,0,16.535999,0.022600,0.002200
805,outer,1,0,16.633000,0.022600,0.002100
806,outer,1,0,17.031999,0.022800,0.002200
807,outer,1,0,16.228002,0.021900,0.002000
808,outer,1,0,17.315000,0.024600,0.002100
809,outer,1,0,16.232001,0.022200,0.001900
810,outer,1,0,16.520999,0.022200,0.001800
811,outer,1,0,16.628999,0.021300,0.001900
812,outer,1,0,16.494000,0.021400,0.001900
813,outer,1,0,17.129000,0.021900,0.001900
814,outer,1,0,16.072001,0.024200,0.001800
815,outer,1,0,17.042000,0.023600,0.002000
816,outer,1,0,16.642999,0.026400,0.002000
817,outer,1,0,15.993001,0.026500,0.001900
818,outer,1,0,16.654000,0.026500,0.002000
819,outer,1,0,15.994001,0.026500,0.002000
820,outer,1,0,16.791999,0.027600,0.002100
821,outer,1,0,16.347000,0.025100,0.002400
822,outer,1,0,16.093999,0.023200,0.002400
823,outer,1,0,16.658001,0.023200,0.002300
824,outer,1,0,16.980000,0.021900,0.002200
825,outer,1,0,15.916001,0.024200,0.002600
826,outer,1,0,16.422002,0.023600,0.002100
827,outer,1,0,16.575001,0.022300,0.002000
828,outer,1,0,16.702998,0.021000,0.002100
829,outer,1,0,16.672000,0.021400,0.002100
830,outer,1,0,16.635999,0.023200,0.002200
831,outer,1,0,16.632000,0.027600,0.002100
832,outer,1,0,16.337000,0.023100,0.002200
833,outer,1,0,17.037001,0.025400,0.002500
834,outer,1,0,16.000999,0.025800,0.002200
835,outer,1,0,16.894000,0.024500,0.002200
836,outer,1,0,16.287001,0.023900,0.002000
837,outer,1,0,17.353000,0.024400,0.001900
838,outer,1,0,15.990000,0.024300,0.002000
839,outer,1,0,16.152000,0.024000,0.001900
840,outer,1,0,16.992999,0.022900,0.002000
841,outer,1,0,17.007999,0.024100,0.002200
842,outer,1,0,16.719000,0.025700,0.002200
843,outer,1,0,16.048001,0.026100,0.002100
844,outer,1,0,16.999001,0.025000,0.002300
845,outer,1,0,16.162001,0.030300,0.002000
846,outer,1,0,16.962999,0.023300,0.002000
847,outer,1,0,16.457001,0.023500,0.001800
848,outer,1,0,16.966999,0.024600,0.001800
849,outer,1,0,16.160998,0.024000,0.002000
850,outer,1,0,16.611999,0.024300,0.001900
851,outer,1,0,16.679000,0.024000,0.001900
852,outer,1,0,16.645001,0.023500,0.001900
853,outer,1,0,16.756000,0.023000,0.001900
854,outer,1,0,16.582001,0.022500,0.001900
855,outer,1,0,16.687000,0.022300,0.001900
856,outer,1,0,16.486999,0.022300,0.001800
857,outer,1,0,16.610000,0.022800,0.001900
858,outer,1,0,17.070999,0.022400,0.001800
859,outer,1,0,16.495001,0.023000,0.001900
860,outer,1,0,17.146001,0.022900,0.001900
861,outer,1,0,15.930999,0.023800,0.002000
862,outer,1,0,16.985001,0.023200,0.001900
863,outer,1,0,16.340999,0.043200,0.003600
864,outer,1,0,16.674999,0.022700,0.001900
865,outer,1,0,16.488001,0.023300,0.001800
866,outer,1,0,16.513001,0.022600,0.001900
867,outer,1,0,16.580001,0.022700,0.001900
868,outer,1,0,16.718000,0.022800,0.002100
869,outer,1,0,16.770000,0.023100,0.002000
870,outer,1,0,16.573001,0.022500,0.001800
871,outer,1,0,16.572000,0.022900,0.001800
872,outer,1,0,16.783001,0.023900,0.001800
873,outer,1,0,16.518999,0.023700,0.001900
874,outer,1,0,16.826000,0.023500,0.001900
875,outer,1,0,16.836001,0.023100,0.002100
876,outer,1,0,16.299998,0.022700,0.002000
877,outer,1,0,16.860999,0.022800,0.001900
878,outer,1,0,16.319001,0.022400,0.001900
879,outer,1,0,16.648000,0.022600,0.001900
880,outer,1,0,16.887000,0.023300,0.001900
881,outer,1,0,16.239000,0.023600,0.001800
882,outer,1,0,16.362000,0.023100,0.002000
883,outer,1,0,17.289000,0.023200,0.002000
884,outer,1,0,16.047001,0.024600,0.002100
885,outer,1,0,16.872998,0.023600,0.002100
886,outer,1,0,17.074000,0.024800,0.002200
887,outer,1,0,15.758000,0.024300,0.002100
888,outer,1,0,16.719999,0.023800,0.002000
889,outer,1,0,16.768999,0.024200,0.001800
890,outer,1,0,16.558999,0.023400,0.002000
891,outer,1,0,16.740000,0.023000,0.002100
892,outer,1,0,17.219000,0.024300,0.001900
893,outer,1,0,16.091999,0.026300,0.002200
894,outer,1,0,16.162001,0.028000,0.002300
895,outer,1,0,16.590999,0.023800,0.002000
896,outer,1,0,16.363000,0.023800,0.001900
897,outer,1,0,16.803000,0.023600,0.002300
898,creek,1,0,16.438998,0.023600,0.002000
899,creek,1,0,16.940001,0.024700,0.002200
900,creek,1,0,16.151000,0.023800,0.002000
901,creek,1,0,16.937999,0.025400,0.002100
902,creek,1,0,16.357001,0.024600,0.002100
903,creek,1,0,16.277000,0.023800,0.002100
904,creek,1,0,17.007999,0.023400,0.001900
905,creek,1,0,16.245000,0.023200,0.001900
906,creek,1,0,16.896999,0.023300,0.001900
907,creek,1,0,16.843000,0.022900,0.002000
908,creek,1,0,17.106000,0.022800,0.001900
909,creek,1,0,16.195999,0.024300,0.002000
910,creek,1,0,15.772000,0.026100,0.002200
911,creek,1,0,16.601998,0.024700,0.002300
912,creek,1,0,16.205000,0.023800,0.002000
913,creek,1,0,16.701000,0.023700,0.002000
914,creek,1,0,15.943000,0.022800,0.001900
915,creek,1,0,16.887000,0.023300,0.001900
916,creek,1,0,16.131001,0.022800,0.001800
917,creek,1,0,16.524000,0.023000,0.001900
918,creek,1,0,16.740000,0.023000,0.001900
919,creek,1,0,16.754000,0.022600,0.001800
920,creek,1,0,16.652999,0.023200,0.001900
921,creek,1,0,16.590001,0.024300,0.002100
922,creek,1,0,16.476000,0.023400,0.001900
923,creek,1,0,16.916001,0.023000,0.001900
924,creek,1,0,16.601998,0.022800,0.001900
925,creek,1,0,16.673999,0.022800,0.001900
926,creek,1,0,16.656000,0.038000,0.002000
927,creek,1,0,17.066000,0.023300,0.001800
928,creek,1,0,16.089000,0.022700,0.001800
929,creek,1,0,16.733998,0.022900,0.002200
930,creek,1,0,16.452000,0.022700,0.002000
931,creek,1,0,17.038001,0.022700,0.001900
932,creek,1,0,16.405001,0.022500,0.001800
933,creek,1,0,16.783001,0.022900,0.002000
934,creek,1,0,16.251000,0.022900,0.002000
935,creek,1,0,16.035000,0.026500,0.001800
936,creek,1,0,16.700001,0.040300,0.001900
937,creek,1,0,16.515000,0.036700,0.002000
938,creek,1,0,15.989000,0.035800,0.001900
939,creek,1,0,16.570998,0.038600,0.002300
940,creek,1,0,16.113000,0.035200,0.002000
941,creek,1,0,16.566001,0.030900,0.002000
942,creek,1,0,16.275998,0.048600,0.003600
943,creek,1,0,16.712999,0.026000,0.001800
944,creek,1,0,16.824000,0.026200,0.001900
945,creek,1,0,16.309999,0.026400,0.002200
946,creek,1,0,17.673999,0.026500,0.002000
947,creek,1,0,15.929000,0.028700,0.002100
948,creek,1,0,16.518001,0.026900,0.002100
949,creek,1,0,16.740000,0.027100,0.002000
950,creek,1,0,16.458999,0.026700,0.001900
951,creek,1,0,16.539000,0.025700,0.001900
952,creek,1,0,17.388999,0.025800,0.001900
953,creek,1,0,16.218001,0.028000,0.002400
954,creek,1,0,16.208000,0.027100,0.002300
955,creek,1,0,16.899999,0.024000,0.002100
956,creek,1,0,16.424999,0.024000,0.002000
957,creek,1,0,17.097000,0.023700,0.001900
958,creek,1,0,16.127001,0.023400,0.001800
959,creek,1,0,16.661000,0.023400,0.001800
960,creek,1,0,16.916001,0.043900,0.003600
961,creek,1,0,17.160999,0.024000,0.001900
962,creek,1,0,16.225001,0.029700,0.002300
963,creek,1,0,16.773000,0.028300,0.002200
964,creek,1,0,16.510999,0.028600,0.002000
965,creek,1,0,16.614001,0.028800,0.002100
966,creek,1,0,16.875999,0.026900,0.002100
967,creek,1,0,16.311001,0.026800,0.002000
968,creek,1,0,16.911000,0.026400,0.002000
969,creek,1,0,16.501000,0.026900,0.002000
970,creek,1,0,16.438000,0.028400,0.002300
971,creek,1,0,16.448000,0.027200,0.002500
972,creek,1,0,16.820999,0.026600,0.002400
973,creek,1,0,16.316000,0.025700,0.002000
974,creek,1,0,16.642999,0.025800,0.001800
975,creek,1,0,16.662000,0.025300,0.001900
976,creek,1,0,16.677000,0.025300,0.001800
977,creek,1,0,16.906999,0.025200,0.001800
978,creek,1,0,16.640000,0.025400,0.002000
979,creek,1,0,16.884001,0.025600,0.001900
980,creek,1,0,16.408000,0.026500,0.001800
981,creek,1,0,16.323999,0.026600,0.002000
982,creek,1,0,16.781999,0.026600,0.001800
983,creek,1,0,16.383000,0.026400,0.001900
984,creek,1,0,16.688999,0.025400,0.001900
985,creek,1,0,15.744999,0.025700,0.002000
986,creek,1,0,16.750000,0.025400,0.001900
987,creek,1,0,16.052999,0.026300,0.002300
988,creek,1,0,16.860001,0.024600,0.002100
989,creek,1,0,16.176000,0.023000,0.001900
990,creek,1,0,16.942000,0.023500,0.002000
991,creek,1,0,16.353000,0.023900,0.002100
992,creek,1,0,17.316999,0.022800,0.002500
993,creek,1,0,16.024001,0.024700,0.002300
994,creek,1,0,16.992999,0.023400,0.001900
995,creek,1,0,15.895000,0.023200,0.002200
996,creek,1,0,16.918000,0.023400,0.001900
997,creek,1,0,16.307000,0.022400,0.001900
998,creek,1,0,16.756000,0.022800,0.001900
999,creek,1,0,16.590001,0.022900,0.002000
1000,outer,1,0,16.582999,0.023000,0.001900
1001,outer,1,0,16.697001,0.022900,0.001900
1002,outer,1,0,16.361000,0.023100,0.001900
1003,outer,1,0,17.208001,0.022900,0.001900
1004,outer,1,0,16.069001,0.022600,0.001900
1005,outer,1,0,17.086999,0.023500,0.002100
1006,outer,1,0,16.738001,0.023000,0.002000
1007,outer,1,0,16.808001,0.023000,0.002100
1008,outer,1,0,16.271001,0.023800,0.002000
1009,outer,1,0,16.530002,0.023400,0.002100
1010,outer,1,0,16.501000,0.023800,0.002300
1011,outer,1,0,16.642001,0.023600,0.002100
1012,outer,1,0,17.151000,0.023500,0.002100
1013,outer,1,0,15.981000,0.025000,0.002000
1014,outer,1,0,16.681001,0.024200,0.002300
1015,outer,1,0,16.627001,0.024100,0.002200
1016,outer,1,0,16.927000,0.023400,0.002000
1017,outer,1,0,16.076999,0.023900,0.002000
1018,outer,1,0,16.773000,0.027400,0.001900
1019,outer,1,0,16.677000,0.023300,0.001900
1020,outer,1,0,16.945999,0.023600,0.001900
1021,outer,1,0,16.822999,0.027400,0.002000
1022,outer,1,0,15.998000,0.026600,0.002300
1023,outer,1,0,16.834999,0.025700,0.002000
1024,outer,1,0,16.857000,0.023700,0.002200
1025,outer,1,0,16.323000,0.023800,0.001900
1026,outer,1,0,16.621999,0.023900,0.001900
1027,outer,1,0,16.551001,0.023300,0.001900
1028,outer,1,0,16.485000,0.022600,0.002000
1029,outer,1,0,16.937999,0.022300,0.002000
1030,outer,1,0,16.200000,0.023500,0.001900
1031,outer,1,0,16.768999,0.022500,0.001900
1032,outer,1,0,16.548000,0.023500,0.001900
1033,outer,1,0,16.905000,0.023100,0.002100
1034,outer,1,0,16.357999,0.022300,0.001800
1035,outer,1,0,16.600000,0.022500,0.001900
1036,outer,1,0,16.809000,0.025900,0.002100
1037,outer,1,0,16.609000,0.022100,0.001900
1038,outer,1,0,16.741000,0.022500,0.002000
1039,outer,1,0,17.261999,0.022200,0.001800
1040,outer,1,0,15.614999,0.022700,0.001900
1041,outer,1,0,15.970001,0.023000,0.002000
1042,outer,1,0,16.518001,0.022900,0.001900
1043,outer,1,0,16.563000,0.022800,0.001900
1044,outer,1,0,17.484000,0.026900,0.002200
1045,outer,1,0,14.784001,0.025600,0.002200
1046,outer,1,0,16.204001,0.025200,0.002100
1047,outer,1,0,16.697999,0.023700,0.002000
1048,outer,1,0,16.134001,0.023600,0.002000
1049,outer,1,0,16.601000,0.022900,0.002000
1050,outer,1,0,16.322000,0.024000,0.002000
1051,outer,1,0,16.072001,0.023200,0.001800
1052,outer,1,0,16.570998,0.022900,0.001900
1053,outer,1,0,16.339000,0.023100,0.002000
1054,outer,1,0,16.385000,0.023500,0.002100
1055,outer,1,0,16.198000,0.028900,0.002100
1056,outer,1,0,16.292999,0.022200,0.001800
1057,outer,1,0,16.375000,0.022400,0.001900
1058,outer,1,0,16.423000,0.022300,0.001900
1059,outer,1,0,16.287999,0.022800,0.001800
1060,outer,1,0,16.749000,0.023400,0.001900
1061,outer,1,0,16.672000,0.022800,0.001900
1062,outer,1,0,15.909001,0.022700,0.001900
1063,outer,1,0,16.434001,0.022800,0.001900
1064,outer,1,0,16.244000,0.023300,0.001900
1065,outer,1,0,16.834000,0.028600,0.002000
1066,outer,1,0,16.136998,0.023300,0.001700
1067,outer,1,0,16.254999,0.024100,0.001900
1068,outer,1,0,17.081000,0.027300,0.002000
1069,outer,1,0,15.930999,0.029100,0.002000
1070,outer,1,0,16.174000,0.034000,0.002400
1071,outer,1,0,16.156999,0.029200,0.002000
1072,outer,1,0,17.402001,0.029500,0.002300
1073,outer,1,0,15.695000,0.035100,0.002500
1074,outer,1,0,16.542001,0.032000,0.002100
1075,outer,1,0,16.357001,0.031000,0.002200
1076,outer,1,0,17.132999,0.032300,0.002100
1077,outer,1,0,16.205000,0.029400,0.002000
1078,outer,1,0,17.233999,0.029700,0.002000
1079,outer,1,0,16.573001,0.028300,0.001800
1080,outer,1,0,16.562000,0.030100,0.001900
1081,outer,1,0,16.736999,0.034500,0.002100
1082,outer,1,0,16.735001,0.030900,0.002000
1083,outer,1,0,16.106000,0.029700,0.002300
1084,outer,1,0,16.586000,0.029500,0.002000
1085,outer,1,0,16.586000,0.029700,0.001900
1086,outer,1,0,16.617000,0.029100,0.001900
1087,outer,1,0,16.378000,0.029900,0.002200
1088,outer,1,0,16.316999,0.029400,0.002300
1089,outer,1,0,16.524000,0.030100,0.002300
1090,outer,1,0,16.156001,0.029300,0.002100
1091,outer,1,0,16.834999,0.025700,0.001900
1092,outer,1,0,16.132001,0.025600,0.001900
1093,outer,1,0,16.990000,0.026400,0.002300
1094,outer,1,0,15.834000,0.029000,0.002400
1095,outer,1,0,16.134001,0.028100,0.002300
1096,outer,1,0,16.249999,0.026900,0.002600
1097,outer,1,0,16.292999,0.027600,0.001900
1098,outer,1,0,16.408000,0.026400,0.001800
1099,outer,1,0,16.820999,0.025900,0.001900
1100,outer,1,0,16.252000,0.026200,0.002000
1101,outer,1,0,16.568001,0.026400,0.002000
1102,outer,1,0,16.534999,0.025900,0.001900
1103,outer,1,0,15.787000,0.026400,0.001900
1104,outer,1,0,16.356001,0.026200,0.001900
1105,outer,1,0,16.455999,0.026100,0.002000
1106,outer,1,0,16.175000,0.025500,0.001800
1107,outer,1,0,16.151000,0.025500,0.001900
1108,outer,1,0,16.412001,0.025500,0.002000
1109,outer,1,0,16.610000,0.025200,0.001900
1110,outer,1,0,16.638000,0.026800,0.001800
1111,outer,1,0,16.260000,0.025900,0.001900
1112,outer,1,0,16.190000,0.025200,0.001900
1113,outer,1,0,16.934000,0.025700,0.002100
1114,outer,1,0,16.179001,0.023600,0.002000
1115,outer,1,0,16.438998,0.023200,0.002100
1116,outer,1,0,16.414000,0.022400,0.001900
1117,outer,1,0,16.256999,0.022400,0.001800
1118,outer,1,0,16.222000,0.022300,0.001900
1119,outer,1,0,16.391002,0.022200,0.001900
1120,outer,1,0,16.352000,0.022900,0.001900
1121,outer,1,0,16.436001,0.022200,0.002000
1122,outer,1,0,16.462998,0.030300,0.001800
1123,outer,1,0,16.452000,0.023000,0.001900
1124,outer,1,0,16.496999,0.022400,0.001900
1125,outer,1,0,16.115999,0.022800,0.001800
1126,outer,1,0,16.863002,0.030200,0.002000
1127,outer,1,0,16.187001,0.021900,0.001900
1128,outer,1,0,16.666001,0.022300,0.001900
1129,outer,1,0,17.070999,0.029900,0.001900
1130,outer,1,0,16.648000,0.028000,0.002500
1131,outer,1,0,16.405001,0.025000,0.002100
1132,outer,1,0,17.174000,0.029900,0.002100
1133,outer,1,0,16.151000,0.026700,0.002200
1134,outer,1,0,16.623000,0.024200,0.002200
1135,outer,1,0,16.139999,0.029200,0.002100
1136,outer,1,0,16.121000,0.024700,0.002100
1137,outer,1,0,15.893999,0.022700,0.002200
1138,outer,1,0,16.215999,0.027900,0.002000
1139,outer,1,0,15.822999,0.025600,0.002200
1140,outer,1,0,16.556999,0.022400,0.002200
1141,outer,1,0,16.100001,0.030200,0.002200
1142,outer,1,0,16.407000,0.023500,0.002200
1143,outer,1,0,16.510000,0.031400,0.002100
1144,outer,1,0,16.681001,0.023700,0.002000
1145,outer,1,0,16.200000,0.023600,0.002200
1146,outer,1,0,16.669001,0.029600,0.001900
1147,outer,1,0,16.496001,0.023100,0.001900
1148,outer,1,0,16.760999,0.030800,0.001700
1149,outer,1,0,16.755000,0.022800,0.001900
1150,outer,1,0,16.635001,0.028500,0.001800
1151,outer,1,0,16.236000,0.022600,0.002000
1152,outer,1,0,16.597999,0.022700,0.002200
1153,outer,1,0,16.062999,0.030000,0.001900
1154,outer,1,0,16.361000,0.023800,0.002000
1155,outer,1,0,16.259002,0.031000,0.002000
1156,outer,1,0,16.081000,0.022200,0.002000
1157,outer,1,0,16.488001,0.028800,0.002000
1158,outer,1,0,16.584000,0.022100,0.001900
1159,outer,1,0,16.909000,0.027900,0.001900
1160,outer,1,0,16.240999,0.022500,0.001900
1161,outer,1,0,16.565001,0.028400,0.002000
1162,outer,1,0,17.122999,0.022600,0.002000
1163,outer,1,0,16.148999,0.028400,0.002000
1164,outer,1,0,16.894000,0.023000,0.001800
1165,outer,1,0,16.752001,0.029000,0.002000
1166,outer,1,0,16.496999,0.022300,0.002000
1167,outer,1,0,17.433001,0.027500,0.001800
1168,outer,1,0,16.359000,0.023400,0.002500
1169,outer,1,0,16.208999,0.028000,0.001800
1170,outer,1,0,16.370000,0.022500,0.001800
1171,outer,1,0,16.937001,0.028100,0.001900
1172,outer,1,0,17.312000,0.024900,0.002000
1173,outer,1,0,16.496999,0.036500,0.002500
1174,outer,1,0,16.024999,0.029500,0.002400
1175,outer,1,0,16.570998,0.033800,0.002200
1176,outer,1,0,16.645001,0.027200,0.002100
1177,outer,1,0,16.532000,0.031600,0.002100
1178,outer,1,0,16.503999,0.024500,0.002400
1179,outer,1,0,16.714001,0.029600,0.002100
1180,outer,1,0,16.858000,0.026900,0.002400
1181,outer,1,0,16.665000,0.028100,0.002100
1182,outer,1,0,16.765000,0.027000,0.001900
1183,outer,1,0,16.334999,0.028800,0.002000
1184,outer,1,0,16.565001,0.023000,0.002000
1185,outer,1,0,16.464001,0.029400,0.002100
1186,outer,1,0,16.891001,0.022900,0.002000
1187,outer,1,0,16.343001,0.028700,0.001800
1188,outer,1,0,16.593000,0.022700,0.002000
1189,outer,1,0,16.576000,0.028300,0.001900
1190,outer,1,0,17.110001,0.022800,0.002100
1191,outer,1,0,16.412001,0.031500,0.002300
1192,outer,1,0,16.942000,0.025200,0.002000
1193,outer,1,0,16.237000,0.032700,0.002400
1194,outer,1,0,16.694000,0.025800,0.002200
1195,outer,1,0,16.441001,0.023600,0.002300
1196,outer,1,0,16.779000,0.029900,0.002000
1197,outer,1,0,16.992001,0.025700,0.001900
1198,outer,1,0,16.152000,0.029900,0.002100
1199,outer,1,0,16.517000,0.023600,0.002000
1200,outer,1,0,17.408000,0.031100,0.001900
1201,outer,1,0,15.579000,0.027100,0.002000
1202,outer,1,0,16.604999,0.031200,0.002100
1203,outer,1,0,16.290002,0.023900,0.002000
1204,outer,1,0,16.937999,0.023400,0.002100
1205,outer,1,0,16.284000,0.030100,0.002000
1206,outer,1,0,16.817000,0.023300,0.002100
1207,outer,1,0,16.523000,0.031200,0.002000
1208,outer,1,0,17.469000,0.023700,0.002200
1209,outer,1,0,15.928000,0.030400,0.002100
1210,outer,1,0,16.146999,0.024200,0.002000
1211,outer,1,0,16.554002,0.023700,0.002000
1212,outer,1,0,16.458999,0.031200,0.001900
1213,outer,1,0,16.520999,0.023000,0.001800
1214,outer,1,0,17.162001,0.030400,0.001900
1215,outer,1,0,16.173000,0.023800,0.001900
1216,outer,1,0,16.658001,0.025200,0.002100
1217,outer,1,0,16.732000,0.030000,0.001800
1218,outer,1,0,16.628001,0.022500,0.001800
1219,outer,1,0,16.681999,0.030100,0.002000
1220,outer,1,0,16.570000,0.022500,0.001800
1221,outer,1,0,16.330000,0.023900,0.002000
1222,outer,1,0,16.887000,0.036500,0.001900
1223,outer,1,0,16.632000,0.023400,0.001900
1224,outer,1,0,16.680000,0.031000,0.001800
1225,outer,1,0,16.593000,0.022800,0.002000
1226,outer,1,0,16.527999,0.022000,0.001900
1227,outer,1,0,17.238000,0.028600,0.001800
1228,outer,1,0,16.136000,0.040900,0.003600
1229,outer,1,0,16.494000,0.028400,0.002000
1230,outer,1,0,17.388999,0.023200,0.001900
1231,outer,1,0,15.900999,0.042400,0.003800
1232,outer,1,0,16.618000,0.030500,0.001900
1233,outer,1,0,16.666001,0.022900,0.001800
1234,outer,1,0,16.506001,0.028100,0.001900
1235,outer,1,0,16.604001,0.022700,0.001900
1236,outer,1,0,17.214000,0.022500,0.001900
1237,outer,1,0,16.031001,0.027600,0.001900
1238,outer,1,0,16.881000,0.022300,0.001900
1239,outer,1,0,16.736999,0.028800,0.001900
1240,outer,1,0,16.597001,0.023500,0.001900
1241,outer,1,0,16.491000,0.024100,0.002000
1242,outer,1,0,16.846001,0.028000,0.001900
1243,outer,1,0,16.295999,0.022300,0.001900
1244,outer,1,0,16.489999,0.028500,0.001900
1245,outer,1,0,16.679000,0.023100,0.001900
1246,outer,1,0,16.608000,0.022800,0.001800
1247,outer,1,0,16.549999,0.028100,0.001800
1248,outer,1,0,16.718000,0.022400,0.001900
1249,outer,1,0,16.504999,0.028100,0.002000
1250,outer,1,0,16.958000,0.023200,0.002000
1251,outer,1,0,17.688001,0.023900,0.001900
1252,outer,1,0,15.829999,0.037500,0.002900
1253,outer,1,0,16.799999,0.030000,0.003200
1254,outer,1,0,15.729001,0.036200,0.002600
1255,outer,1,0,16.386999,0.027500,0.002700
1256,outer,1,0,16.172001,0.025200,0.002100
1257,outer,1,0,16.491000,0.032000,0.002000
1258,outer,1,0,15.934000,0.025200,0.002000
1259,outer,1,0,15.751000,0.029900,0.002500
1260,outer,1,0,15.991999,0.028900,0.002400
1261,outer,1,0,16.292000,0.036500,0.002500
1262,outer,1,0,15.846999,0.025700,0.002200
1263,outer,1,0,16.399000,0.038800,0.002800
1264,outer,1,0,16.804000,0.030600,0.001900
1265,outer,1,0,15.961999,0.030200,0.002000
1266,outer,1,0,17.201999,0.031800,0.002100
1267,outer,1,0,15.651001,0.029900,0.002000
1268,outer,1,0,16.636999,0.033300,0.001900
1269,outer,1,0,17.350001,0.032000,0.001800
1270,outer,1,0,15.980000,0.033800,0.002100
1271,outer,1,0,16.287001,0.032600,0.001800
1272,outer,1,0,16.600000,0.032500,0.002000
1273,outer,1,0,16.225999,0.036800,0.001800
1274,outer,1,0,17.126000,0.037600,0.001900
1275,outer,1,0,16.290002,0.031600,0.001900
1276,outer,1,0,16.618999,0.032800,0.001800
1277,outer,1,0,16.587000,0.033400,0.001900
1278,outer,1,0,16.472999,0.033200,0.001800
1279,outer,1,0,16.655000,0.031800,0.001900
1280,outer,1,0,16.749000,0.033200,0.001900
1281,outer,1,0,16.635001,0.032400,0.001900
1282,outer,1,0,16.537001,0.033000,0.002000
1283,outer,1,0,16.983001,0.033200,0.001900
1284,outer,1,0,16.280999,0.031900,0.002000
1285,outer,1,0,16.555000,0.032700,0.001900
1286,outer,1,0,16.913999,0.032400,0.001900
1287,outer,1,0,16.458999,0.032500,0.001800
1288,outer,1,0,16.638000,0.033200,0.001900
1289,outer,1,0,16.503001,0.032600,0.001900
1290,outer,1,0,16.638000,0.032500,0.001900
1291,outer,1,0,17.121000,0.032800,0.001800
1292,outer,1,0,15.910000,0.035000,0.001800
1293,outer,1,0,17.634001,0.031700,0.001800
1294,outer,1,0,15.538001,0.031900,0.001900
1295,outer,1,0,16.708000,0.032300,0.001800
1296,outer,1,0,16.474999,0.032300,0.001900
1297,outer,1,0,16.603000,0.033000,0.001900
1298,outer,1,0,16.589001,0.045600,0.001900
1299,outer,1,0,16.472001,0.043200,0.001900
1300,outer,1,0,16.609000,0.040400,0.002000
1301,outer,1,0,16.271001,0.043800,0.001900
1302,outer,1,0,16.863002,0.042900,0.001900
1303,outer,1,0,16.542999,0.043800,0.001800
1304,outer,1,0,16.376000,0.042600,0.001800
1305,outer,1,0,16.523000,0.043000,0.001800
1306,outer,1,0,16.690001,0.043000,0.002000
1307,outer,1,0,16.332000,0.043800,0.002000
1308,outer,1,0,16.809000,0.038600,0.002000
1309,outer,1,0,16.036000,0.033300,0.002000
1310,outer,1,0,16.527001,0.033900,0.001900
1311,outer,1,0,16.683999,0.033100,0.001900
1312,outer,1,0,16.695000,0.033100,0.001800
1313,outer,1,0,16.390000,0.039900,0.002900
1314,outer,1,0,16.163001,0.039300,0.002400
1315,outer,1,0,16.532000,0.036500,0.002000
1316,outer,1,0,16.827000,0.035300,0.002100
1317,outer,1,0,16.330000,0.035600,0.002000
1318,outer,1,0,16.513001,0.034900,0.002200
1319,outer,1,0,16.344000,0.035600,0.002100
1320,outer,1,0,17.227000,0.035000,0.002300
1321,outer,1,0,16.334999,0.045900,0.002700
1322,outer,1,0,16.119000,0.034700,0.002100
1323,outer,1,0,16.587000,0.064700,0.003400
1324,outer,1,0,16.990000,0.034100,0.002000
1325,outer,1,0,16.009001,0.036000,0.001800
1326,outer,1,0,16.483000,0.033400,0.002000
1327,outer,1,0,16.618999,0.034200,0.001800
1328,outer,1,0,16.510999,0.031500,0.001900
1329,outer,1,0,17.040001,0.033800,0.001900
1330,outer,1,0,15.929000,0.035200,0.001900
1331,outer,1,0,16.350001,0.040800,0.002000
1332,outer,1,0,16.765000,0.033700,0.001900
1333,outer,1,0,16.155001,0.032300,0.001900
1334,outer,1,0,16.697001,0.032400,0.001900
1335,outer,1,0,16.777001,0.033000,0.001800
1336,outer,1,0,16.740000,0.032500,0.001900
1337,outer,1,0,16.762000,0.048700,0.001900
1338,outer,1,0,16.558001,0.158600,0.001900
1339,outer,1,0,16.826000,0.072900,0.278600
1340,outer,1,0,16.277000,0.387700,0.002500
1341,outer,1,0,16.384000,0.404000,0.002200
1342,lab,1,0,16.694000,0.532200,0.002200
1343,lab,1,0,16.615000,0.592400,0.002100
1344,lab,1,0,16.659001,1.792100,0.002000
1345,lab,1,0,16.600000,2.080900,0.002000
1346,lab,1,0,16.705001,1.913400,0.281000
1347,lab,1,0,16.553000,2.164400,0.001800
1348,lab,1,0,16.708000,2.013500,0.002000
1349,lab,1,0,16.760999,2.672200,0.001900
1350,lab,1,0,16.927000,2.804300,0.002100
1351,lab,1,0,16.768999,1.750300,0.002000
1352,lab,1,0,16.231000,2.370900,0.277000
1353,lab,1,0,16.729999,2.248700,0.002000
1354,lab,1,0,16.434999,3.233200,0.002300
1355,lab,1,0,16.379999,2.803500,0.002000
1356,lab,1,0,16.247999,2.605900,0.002000
1357,lab,1,0,16.474001,2.754900,0.001900
1358,lab,1,0,16.379999,3.563700,0.002000
1359,lab,1,0,16.585000,3.530900,0.270400
1360,lab,1,0,16.476000,2.865100,0.002000
1361,lab,1,0,16.338000,2.705800,0.002000
1362,lab,1,0,16.305000,2.374200,0.001800
1363,lab,1,0,16.532000,1.825400,0.001900
1364,lab,1,0,16.561002,1.682900,0.002100
1365,lab,1,0,16.593000,2.191300,0.007900
1366,lab,1,0,16.448999,2.211200,0.273100
1367,lab,1,0,16.429001,2.317700,0.002000
1368,lab,1,0,16.709998,2.024400,0.002000
1369,lab,1,0,16.239000,1.854800,0.001900
1370,lab,1,0,16.652999,1.909000,0.002000
1371,lab,1,0,16.673999,1.743800,0.001900
1372,lab,1,0,16.791001,1.527700,0.001800
1373,lab,1,0,16.695000,1.005600,0.283900
1374,lab,1,0,16.278001,1.006300,0.002200
1375,lab,1,0,17.069999,0.867800,0.002000
1376,lab,1,0,16.086001,0.511400,0.002100
1377,lab,1,0,16.839001,0.495600,0.002100
1378,lab,1,0,16.448999,0.556500,0.001900
1379,lab,1,0,16.908001,1.531900,0.002000
1380,lab,1,0,16.760999,0.774900,0.274000
1381,lab,1,0,16.527999,1.401700,0.002100
1382,lab,1,0,16.739000,1.240300,0.002200
1383,lab,1,0,16.616000,0.760700,0.002000
1384,lab,1,0,16.709000,0.814300,0.002100
1385,lab,1,0,16.292999,0.891500,0.002300
1386,lab,1,0,16.618999,0.846400,0.002000
1387,lab,1,0,16.470000,0.883100,0.271600
1388,lab,1,0,15.999001,1.101200,0.002100
1389,lab,1,0,16.646000,1.300000,0.002200
1390,lab,1,0,15.930001,2.204000,0.002200
1391,lab,1,0,16.403999,1.570200,0.002100
1392,lab,1,0,16.403999,1.603900,0.002300
1393,lab,1,0,16.801002,1.847100,0.002300
1394,lab,1,0,15.348000,2.091000,0.274500
1395,lab,1,0,16.676001,1.707200,0.002100
1396,lab,1,0,16.594999,1.135500,0.001900
1397,lab,1,0,15.866000,1.293400,0.001900
1398,lab,1,0,17.268999,1.708500,0.002200
1399,lab,1,0,15.957000,2.071200,0.002200
1400,lab,1,0,16.103001,2.279900,0.002100
1401,lab,1,0,16.714001,1.057800,0.278400
1402,lab,1,0,16.577000,1.902800,0.001800
1403,lab,1,0,16.417999,0.610900,0.001800
1404,lab,1,0,16.363000,0.095900,0.001900
1405,lab,1,0,16.721999,0.056800,0.001800
1406,lab,1,0,16.542999,0.053500,0.001900
1407,lab,1,0,16.743001,0.054900,0.001900
1408,lab,1,0,16.518001,0.055100,0.269800
1409,lab,1,0,16.923999,0.053200,0.001800
1410,lab,1,0,16.658001,0.049400,0.001900
1411,lab,1,0,16.785000,0.052300,0.001800
1412,lab,1,0,16.635001,0.057300,0.002100
1413,lab,1,0,16.271999,0.054100,0.002000
1414,lab,1,0,16.676001,0.044800,0.002000
1415,lab,1,0,16.263999,0.042400,0.001900
1416,lab,1,0,16.590001,0.044300,0.001900
1417,lab,1,0,16.731001,0.041300,0.001800
1418,lab,1,0,16.437000,0.043700,0.002100
1419,lab,1,0,16.786000,0.044300,0.001900
1420,lab,1,0,16.671000,0.045400,0.001900
1421,lab,1,0,16.484000,0.045700,0.001900
1422,lab,1,0,16.741000,0.045100,0.001800
1423,lab,1,0,16.659999,0.042100,0.001900
1424,lab,1,0,16.868001,0.043400,0.001900
1425,lab,1,0,16.611999,0.042000,0.002100
1426,lab,1,0,16.679000,0.041500,0.001900
1427,lab,1,0,16.518999,0.041500,0.001800
1428,lab,1,0,16.916001,0.041400,0.001900
1429,lab,1,0,16.441001,0.054400,0.001900
1430,lab,1,0,15.890000,0.054600,0.001900
1431,lab,1,0,16.336000,0.056200,0.001900
1432,lab,1,0,16.889999,0.058400,0.002000
1433,lab,1,0,15.733000,0.070100,0.002900
1434,lab,1,0,16.423000,0.064200,0.002500
1435,lab,1,0,16.069999,0.065200,0.002700
1436,lab,1,0,16.151000,0.062800,0.002100
1437,lab,1,0,16.545000,0.068100,0.002100
1438,lab,1,0,16.957000,0.062300,0.002000
1439,lab,1,0,16.597001,0.069100,0.002100
1440,lab,1,0,17.194001,0.066600,0.002000
1441,lab,1,0,16.135000,0.180500,0.002100
1442,lab,1,0,16.438000,0.837800,0.002400
1443,lab,1,0,16.486000,0.753700,0.002100
1444,lab,1,0,16.634000,1.072100,0.002000
1445,lab,1,0,16.956000,0.911000,0.002000
1446,lab,1,0,16.975001,1.366500,0.002000
1447,lab,1,0,15.961001,0.834400,0.001900
1448,lab,1,0,16.671000,1.027200,0.002000
1449,lab,1,0,16.316999,1.245900,0.002100
1450,lab,1,0,16.575001,1.730800,0.002000
1451,lab,1,0,16.182000,0.938200,0.002000
1452,lab,1,0,16.233999,1.051400,0.002000
1453,lab,1,0,16.384000,3.016000,0.002200
1454,lab,1,0,16.481001,3.161100,0.002200
1455,lab,1,0,16.282000,1.475500,0.002000
1456,lab,1,0,16.278999,1.636700,0.001800
1457,lab,1,0,16.414000,1.376700,0.002000
1458,lab,1,0,16.508000,1.259800,0.002100
1459,lab,1,0,16.297001,1.166900,0.001900
1460,lab,1,0,17.070999,1.198200,0.002100
1461,lab,1,0,16.021000,1.154900,0.002100
1462,lab,1,0,16.392000,0.725100,0.001900
1463,lab,1,0,16.362000,0.792700,0.002500
1464,lab,1,0,16.152000,0.740400,0.002000
1465,lab,1,0,16.614001,0.324900,0.001900
1466,lab,1,0,16.019000,0.072600,0.001900
1467,lab,1,0,16.899001,0.047400,0.001900
1468,lab,1,0,16.448000,0.048500,0.001900
1469,lab,1,0,16.452000,0.047600,0.001800
1470,lab,1,0,16.849000,0.040300,0.001800
1471,lab,1,0,16.422002,0.035900,0.002100
1472,lab,1,0,16.565001,0.035600,0.001800
1473,lab,1,0,16.760001,0.032700,0.001900
1474,lab,1,0,16.913999,0.032300,0.002000
1475,lab,1,0,15.954999,0.032500,0.002100
1476,lab,1,0,16.515000,0.028200,0.001900
1477,lab,1,0,16.992001,0.027700,0.001900
1478,lab,1,0,16.020000,0.026800,0.002000
1479,lab,1,0,17.021000,0.026700,0.001900
1480,lab,1,0,15.935000,0.025700,0.002000
1481,lab,1,0,16.160998,0.025500,0.002000
1482,lab,1,0,16.166000,0.025000,0.001900
1483,lab,1,0,16.345000,0.024900,0.001900
1484,lab,1,0,16.190000,0.025000,0.002000
1485,lab,1,0,16.357999,0.024500,0.001900
1486,lab,1,0,16.117001,0.024000,0.002000
1487,lab,1,0,16.309999,0.026300,0.002000
1488,lab,1,0,16.174000,0.025400,0.002000
1489,lab,1,0,16.318001,0.025100,0.002000
1490,lab,1,0,16.482001,0.029300,0.002000
1491,lab,1,0,15.628999,0.027500,0.001900
1492,lab,1,0,16.458001,0.030000,0.001900
1493,lab,1,0,16.283002,0.030900,0.002400
1494,lab,1,0,16.060000,0.032000,0.002000
1495,lab,1,0,15.877999,0.031800,0.002300
1496,lab,1,0,16.461000,0.031900,0.002200
1497,lab,1,0,16.339000,0.032100,0.002300
1498,lab,1,0,16.940001,0.031300,0.002000
1499,lab,1,0,16.337000,0.033200,0.002500
1500,lab,1,0,16.372999,0.033200,0.002400
1501,lab,1,0,16.745999,0.033600,0.002200
1502,lab,1,0,16.774001,0.038300,0.002500
1503,lab,1,0,15.955999,0.037000,0.002100
1504,lab,1,0,16.385000,0.035600,0.002100
1505,lab,1,0,16.568001,0.035700,0.001900
1506,lab,1,0,16.049000,0.037700,0.001900
1507,lab,1,0,16.511999,0.037600,0.001900
1508,lab,1,0,16.976001,0.042100,0.001900
1509,lab,1,0,16.513001,0.043400,0.001900
1510,lab,1,0,16.627001,0.046800,0.001900
1511,lab,1,0,16.496999,0.051700,0.002400
1512,lab,1,0,16.712001,0.062500,0.002200
1513,lab,1,0,16.412999,0.064900,0.002100
1514,lab,1,0,16.599001,0.063200,0.001900
1515,lab,1,0,16.584000,0.060900,0.001900
1516,lab,1,0,17.148999,0.064000,0.001800
1517,lab,1,0,16.114000,0.068300,0.001900
1518,lab,1,0,16.779000,0.060600,0.001900
1519,lab,1,0,17.157000,0.063700,0.001900
1520,lab,1,0,16.076000,0.080900,0.001900
1521,lab,1,0,16.802000,0.077700,0.002000
1522,lab,1,0,16.674999,0.087200,0.002000
1523,lab,1,0,16.429001,0.457000,0.002200
1524,lab,1,0,16.702998,2.105900,0.305800
1525,lab,1,0,16.834000,2.798900,0.001900
1526,lab,1,0,16.542999,2.671600,0.001800
1527,lab,1,0,16.801002,2.427800,0.002000
1528,lab,1,0,16.483000,1.935200,0.001800
1529,lab,1,0,16.533000,2.104600,0.001900
1530,lab,1,0,16.745999,2.391400,0.001900
1531,lab,1,0,16.553000,2.141300,0.274200
1532,lab,1,0,16.534999,1.820900,0.002100
1533,lab,1,0,16.584000,1.945700,0.001800
1534,lab,1,0,17.213000,2.600500,0.002000
1535,lab,1,0,16.249001,2.446700,0.001900
1536,lab,1,0,16.520001,2.143200,0.001900
1537,lab,1,0,16.666001,1.782100,0.001900
1538,lab,1,0,16.674999,2.044900,0.280100
1539,lab,1,0,16.856002,1.927800,0.001800
1540,lab,1,0,16.431998,0.934200,0.002000
1541,lab,1,0,16.688000,1.455400,0.002000
1542,lab,1,0,16.251000,1.051500,0.001800
1543,lab,1,0,16.311001,1.847300,0.001900
1544,lab,1,0,16.308000,1.023700,0.001800
1545,lab,1,0,16.632000,0.541300,0.269000
1546,lab,1,0,16.502000,0.503900,0.001900
1547,lab,1,0,16.062999,0.439200,0.001900
1548,lab,1,0,16.124999,0.910900,0.001900
1549,lab,1,0,16.462000,0.544500,0.001700
1550,lab,1,0,16.391002,0.985800,0.001900
1551,lab,1,0,16.663000,0.956700,0.001900
1552,lab,1,0,17.148999,0.700900,0.272700
1553,lab,1,0,15.946001,1.147600,0.002100
1554,lab,1,0,16.489001,0.916000,0.001800
1555,lab,1,0,16.585000,0.896600,0.002000
1556,lab,1,0,16.711000,0.855800,0.001900
1557,lab,1,0,17.163999,1.040000,0.001900
1558,lab,1,0,16.587000,1.749200,0.274900
1559,lab,1,0,16.458001,1.529100,0.001900
1560,lab,1,0,17.297002,1.507400,0.002000
1561,lab,1,0,15.825000,0.813900,0.002000
1562,lab,1,0,16.481001,0.873400,0.001800
1563,lab,1,0,16.575001,1.208400,0.002000
1564,lab,1,0,16.906001,0.956400,0.002000
1565,lab,1,0,16.395001,0.973600,0.291300
1566,lab,1,0,16.479000,1.495200,0.001900
1567,lab,1,0,16.692000,1.201000,0.001800
1568,lab,1,0,16.593000,1.060500,0.001900
1569,lab,1,0,16.661000,0.930100,0.001800
1570,lab,1,0,16.570998,0.841500,0.002100
1571,lab,1,0,16.072001,0.825300,0.002100
1572,lab,1,0,16.631000,1.182400,0.278100
1573,lab,1,0,17.021999,0.928700,0.001900
1574,lab,1,0,15.923999,1.061900,0.002000
1575,lab,1,0,16.920999,1.017300,0.001900
1576,lab,1,0,16.139001,0.986500,0.001900
1577,lab,1,0,15.873000,0.536000,0.001900
1578,lab,1,0,16.446000,0.829000,0.001800
1579,lab,1,0,16.323000,0.426500,0.278900
1580,outer,1,0,16.354000,0.351200,0.001900
1581,outer,1,0,16.879000,0.422000,0.001700
1582,outer,1,0,16.500000,0.401400,0.002100
1583,outer,1,0,15.905000,0.253800,0.002000
1584,outer,1,0,16.347999,0.225600,0.002000
1585,outer,1,0,16.302001,0.032500,0.001800
1586,outer,1,0,16.721999,0.032000,0.273700
1587,outer,1,0,16.148999,0.028700,0.001900
1588,outer,1,0,16.426001,0.027600,0.001900
1589,outer,1,0,16.513001,0.028500,0.001900
1590,outer,1,0,16.455999,0.028000,0.001800
1591,outer,1,0,16.688999,0.028400,0.001900
1592,outer,1,0,16.724002,0.028500,0.002100
1593,outer,1,0,16.136000,0.027900,0.002000
1594,outer,1,0,16.190000,0.027700,0.001900
1595,outer,1,0,16.377000,0.028300,0.001900
1596,outer,1,0,16.431998,0.029000,0.001900
1597,outer,1,0,16.009001,0.027400,0.001800
1598,outer,1,0,16.415002,0.028000,0.001800
1599,outer,1,0,16.527999,0.027900,0.001900
1600,outer,1,0,16.721999,0.028300,0.001800
1601,outer,1,0,16.793000,0.029300,0.001900
1602,outer,1,0,15.810000,0.029300,0.001800
1603,outer,1,0,16.594000,0.028600,0.001900
1604,outer,1,0,16.146000,0.027700,0.001800
1605,outer,1,0,16.618000,0.028700,0.001800
1606,outer,1,0,16.395999,0.028100,0.001900
1607,outer,1,0,16.132999,0.029500,0.002000
1608,outer,1,0,15.867000,0.029100,0.001900
1609,outer,1,0,16.825002,0.028700,0.001900
1610,outer,1,0,16.062001,0.027900,0.001900
1611,outer,1,0,16.328000,0.027800,0.001900
1612,outer,1,0,16.789000,0.027300,0.002000
1613,outer,1,0,15.842000,0.029200,0.002100
1614,outer,1,0,16.026000,0.028800,0.002000
1615,outer,1,0,16.066000,0.028000,0.002000
1616,outer,1,0,16.132999,0.027800,0.002000
1617,outer,1,0,16.809000,0.033100,0.002100
1618,outer,1,0,16.485000,0.027500,0.001900
1619,outer,1,0,16.357999,0.051800,0.003600
1620,outer,1,0,15.583999,0.028700,0.002000
1621,outer,1,0,16.899001,0.028700,0.002100
1622,outer,1,0,16.148999,0.030200,0.002100
1623,outer,1,0,16.676001,0.034300,0.002300
1624,outer,1,0,16.163999,0.028800,0.002000
1625,outer,1,0,16.628001,0.024300,0.002000
1626,outer,1,0,16.333001,0.023600,0.001900
1627,outer,1,0,16.024001,0.023800,0.001900
1628,outer,1,0,16.677000,0.028800,0.001900
1629,outer,1,0,16.288999,0.030200,0.001900
1630,outer,1,0,16.572000,0.023600,0.001900
1631,outer,1,0,16.163999,0.035500,0.002000
1632,outer,1,0,16.497999,0.032800,0.002000
1633,outer,1,0,16.256999,0.032200,0.002000
1634,outer,1,0,16.445000,0.032600,0.001900
1635,outer,1,0,16.141001,0.038400,0.002000
1636,outer,1,0,18.051000,0.038700,0.002200
1637,outer,1,0,15.394000,0.047400,0.002800
1638,outer,1,0,16.664000,0.049100,0.002800
1639,outer,1,0,15.529000,0.044700,0.002700
1640,outer,1,0,15.850000,0.044300,0.002400
1641,outer,1,0,15.967000,0.047800,0.002400
1642,outer,1,0,16.796000,0.051200,0.002100
1643,outer,1,0,16.080000,0.045700,0.002100
1644,outer,1,0,16.302001,0.048000,0.002300
1645,outer,1,0,16.623000,0.048000,0.002300
1646,outer,1,0,16.486999,0.048200,0.002000
1647,outer,1,0,16.662000,0.046700,0.002000
1648,outer,1,0,17.037001,0.046400,0.001900
1649,outer,1,0,16.695999,0.046100,0.001900
1650,outer,1,0,16.501000,0.046600,0.002300
1651,outer,1,0,16.633000,0.042600,0.002000
1652,outer,1,0,16.733000,0.041300,0.001800
1653,outer,1,0,16.670000,0.043700,0.001900
1654,outer,1,0,16.827999,0.042100,0.002000
1655,outer,1,0,16.450999,0.046400,0.002300
1656,outer,1,0,16.333001,0.046900,0.002900
1657,outer,1,0,16.755000,0.048200,0.002300
1658,outer,1,0,17.359000,0.047300,0.002300
1659,outer,1,0,16.043000,0.053500,0.003500
1660,outer,1,0,16.662000,0.043200,0.003000
1661,outer,1,0,16.504999,0.047500,0.002400
1662,outer,1,0,16.726999,0.045300,0.002300
1663,outer,1,0,17.790001,0.044100,0.002100
1664,outer,1,0,15.831001,0.047800,0.002500
1665,outer,1,0,17.704999,0.042500,0.002700
1666,outer,1,0,15.809000,0.040800,0.002900
1667,outer,1,0,15.961999,0.037200,0.002700
1668,outer,1,0,16.481001,0.038500,0.002300
1669,outer,1,0,16.683001,0.034600,0.002000
1670,outer,1,0,16.249999,0.012900,0.002100
1671,outer,1,0,16.985999,0.013000,0.002100
1672,outer,1,0,16.542001,0.012800,0.002200
1673,outer,1,0,16.295001,0.013400,0.002500
1674,outer,1,0,16.791999,0.012500,0.002200
1675,outer,1,0,16.446000,0.012700,0.001900
1676,outer,1,0,17.437000,0.011800,0.001900
1677,outer,1,0,15.952000,0.011600,0.002000
1678,outer,1,0,16.884001,0.011700,0.002000
1679,outer,1,0,16.465999,0.012900,0.002200
1680,outer,1,0,16.587999,0.013100,0.002800
1681,outer,1,0,16.611001,0.012900,0.002200
1682,outer,1,0,16.150000,0.014700,0.002300
1683,outer,1,0,16.391002,0.013800,0.002100
1684,outer,1,0,16.724002,0.012700,0.001900
1685,outer,1,0,16.288999,0.012300,0.002000
1686,outer,1,0,16.694000,0.011800,0.001800
1687,outer,1,0,16.587000,0.014700,0.002400
1688,outer,1,0,16.551999,0.011200,0.002000
1689,outer,1,0,16.740000,0.011600,0.001900
1690,outer,1,0,16.916001,0.011600,0.001900
1691,outer,1,0,17.224001,0.011900,0.002000
1692,outer,1,0,16.229000,0.012000,0.002000
1693,outer,1,0,16.330000,0.011500,0.002000
1694,outer,1,0,16.402001,0.011400,0.001900
1695,outer,1,0,17.853001,0.011200,0.001900
1696,outer,1,0,15.412000,0.014400,0.002700
1697,outer,1,0,16.408000,0.013200,0.002100
1698,outer,1,0,16.524000,0.012600,0.002100
1699,outer,1,0,16.641000,0.012000,0.002000
1700,outer,1,0,16.949000,0.012200,0.002000
1701,outer,1,0,16.390000,0.012300,0.001900
1702,outer,1,0,17.086001,0.011600,0.001900
1703,outer,1,0,16.422002,0.012800,0.002100
1704,outer,1,0,16.263001,0.025400,0.002100
1705,outer,1,0,16.561002,0.027600,0.002100
1706,outer,1,0,16.472001,0.026600,0.002200
1707,outer,1,0,16.667999,0.025000,0.002000
1708,outer,1,0,16.681999,0.024400,0.001900
1709,outer,1,0,16.841998,0.024800,0.001900
1710,outer,1,0,16.726999,0.024300,0.002000
1711,outer,1,0,16.532000,0.024100,0.001900
1712,outer,1,0,16.422002,0.024000,0.001900
1713,outer,1,0,16.587999,0.023700,0.002000
1714,outer,1,0,17.028999,0.023400,0.001800
1715,outer,1,0,16.350001,0.023900,0.002000
1716,outer,1,0,16.865000,0.024200,0.001900
1717,outer,1,0,16.534001,0.023200,0.001900
1718,outer,1,0,16.331000,0.011800,0.001900
1719,outer,1,0,16.381001,0.011700,0.002000
1720,outer,1,0,16.818000,0.012000,0.002000
1721,outer,1,0,16.657000,0.011800,0.001800
1722,outer,1,0,16.470000,0.011500,0.001900
1723,outer,1,0,16.844001,0.012000,0.002100
1724,outer,1,0,16.906001,0.012300,0.001900
1725,outer,1,0,16.514000,0.012100,0.001900
1726,outer,1,0,16.688000,0.011900,0.001900
1727,outer,1,0,16.666999,0.012000,0.002000
1728,outer,1,0,16.393999,0.011800,0.001800
1729,outer,1,0,16.412999,0.011500,0.002000
1730,outer,1,0,16.775999,0.012200,0.002000
1731,outer,1,0,16.541000,0.011800,0.001900
1732,outer,1,0,16.985001,0.012000,0.001900
1733,outer,1,0,16.429001,0.013700,0.002300
1734,outer,1,0,16.229000,0.012800,0.002400
1735,outer,1,0,16.688999,0.012100,0.002000
1736,outer,0,0,15.650000,0.012300,0.002300
1737,outer,0,0,16.990000,0.013000,0.002000
1738,outer,0,0,15.927000,0.014500,0.002300
1739,outer,0,0,16.688000,0.013800,0.002200
1740,outer,0,0,17.091999,0.014400,0.002000
1741,outer,0,0,15.999001,0.017400,0.002700
1742,outer,0,0,16.371999,0.015900,0.002800
1743,outer,0,0,16.983001,0.014700,0.002300
1744,outer,0,0,16.316000,0.013700,0.002100
1745,outer,0,0,16.476000,0.013200,0.001900
1746,outer,0,0,16.681999,0.012400,0.002000
1747,outer,0,0,16.850000,0.012100,0.001900
1748,outer,0,0,16.485000,0.011900,0.002000
1749,outer,0,0,16.833000,0.011800,0.001900
1750,outer,0,0,16.525000,0.012300,0.001800
1751,outer,0,0,16.403999,0.012900,0.001900
1752,outer,0,0,16.652001,0.012000,0.001800
1753,outer,0,0,16.507000,0.012200,0.002000
1754,outer,0,0,16.738001,0.012100,0.002200
1755,outer,0,0,17.229000,0.012400,0.001900
1756,outer,0,0,16.183000,0.012000,0.002200
1757,outer,0,0,16.686000,0.012600,0.002100
1758,outer,0,0,16.948000,0.012700,0.002300
1759,outer,0,0,16.527999,0.012300,0.002100
1760,outer,0,0,15.991999,0.012200,0.002100
1761,outer,0,0,16.518001,0.012400,0.002000
1762,outer,0,0,16.245000,0.012600,0.002000
1763,outer,0,0,16.405001,0.013300,0.002000
1764,outer,0,0,16.445000,0.013200,0.001900
1765,outer,0,0,16.565001,0.013100,0.002100
1766,outer,0,0,16.162001,0.014800,0.002600
1767,outer,0,0,16.275998,0.015400,0.002400
1768,outer,0,0,15.800999,0.014600,0.002500
1769,outer,0,0,16.377000,0.014300,0.002200
1770,outer,0,0,16.825002,0.014400,0.002100
1771,outer,0,0,15.664000,0.014300,0.002300
1772,outer,0,0,16.383000,0.013300,0.002000
1773,outer,0,0,16.725000,0.013700,0.002100
1774,outer,0,0,16.228002,0.012600,0.002000
1775,outer,0,0,16.642001,0.012500,0.002000
1776,outer,0,0,16.270000,0.012100,0.001800
1777,outer,0,0,17.246000,0.011900,0.002000
1778,outer,0,0,16.525000,0.011600,0.001900
1779,outer,0,0,16.004000,0.012500,0.002000
1780,outer,0,0,16.233999,0.014500,0.002000
1781,outer,0,0,16.145000,0.012800,0.002000
1782,outer,0,0,16.359000,0.012800,0.002000
1783,outer,0,0,16.287001,0.012700,0.002100
1784,outer,0,0,16.352000,0.012200,0.002100
1785,outer,0,0,16.522000,0.012700,0.001900
1786,outer,0,0,16.042000,0.013000,0.001900
1787,outer,0,0,16.302001,0.017800,0.002200
1788,outer,0,0,16.291000,0.014100,0.002000
1789,outer,0,0,15.937999,0.014300,0.002200
1790,outer,0,0,16.318001,0.013900,0.002300
1791,outer,0,0,16.690999,0.014100,0.002000
1792,outer,0,0,16.003000,0.013400,0.001900
1793,outer,0,0,16.441999,0.015700,0.002300
1794,outer,0,0,15.606000,0.014100,0.002200
1795,outer,0,0,16.421000,0.013900,0.002200
1796,outer,0,0,14.984000,0.014600,0.002100
1797,outer,0,0,16.096001,0.013000,0.001900
1798,outer,0,0,15.961001,0.013300,0.001800
1799,outer,0,0,17.020000,0.013800,0.001900
1800,outer,0,0,16.021999,0.016300,0.002100
1801,outer,0,0,16.919000,0.014600,0.001900
1802,outer,0,0,16.192000,0.015600,0.002400
1803,outer,0,0,16.636999,0.016500,0.002300
1804,outer,0,0,16.753001,0.012800,0.001900
1805,outer,0,0,17.290002,0.012600,0.001900
1806,outer,0,0,15.858000,0.012200,0.001900
1807,outer,0,0,16.469000,0.012100,0.001900
1808,outer,0,0,16.992001,0.011900,0.001900
1809,outer,0,0,16.414000,0.012000,0.001900
1810,outer,0,0,16.400998,0.011500,0.002000
1811,outer,0,0,16.621001,0.011900,0.002000
1812,outer,0,0,16.540000,0.011400,0.002000
1813,outer,0,0,16.826000,0.011400,0.002000
1814,outer,0,0,16.306000,0.011700,0.001900
1815,outer,0,0,16.676001,0.011700,0.001900
1816,outer,0,0,16.657000,0.011600,0.001900
1817,outer,0,0,16.757999,0.011200,0.001800
1818,outer,0,0,16.947001,0.012000,0.001800
