frame,distance_m,mode,cpu_ms,simulation_ms,residency_ms,generation_ms,hf_build_ms,hf_retire_ms,draw_ms,present_ms,resident_packages,resident_cells,far_field_ms,far_prefetch_ms,far_tiles_built,packages_built
1,0.0,walk,0.3312,0.0000,0.0000,0.0000,0.0000,0.0000,0.0263,0.0162,361,12853,0.0000,0.0000,0,0
2,1.0,walk,12.7616,0.0000,0.6469,0.1900,0.0000,0.0001,11.9015,0.0208,361,12982,0.0000,11.8797,0,0
3,2.0,walk,13.7760,0.0000,0.2008,0.1885,0.0000,0.0001,13.3615,0.0230,361,13111,0.0000,13.3389,0,0
4,3.0,walk,12.9771,0.0000,0.1814,0.1942,0.0000,0.0000,12.5881,0.0112,361,13240,0.0000,12.5673,0,0
5,4.0,walk,12.7196,0.0000,0.1761,0.2298,0.0000,0.0000,12.2912,0.0216,361,13369,0.0000,12.2690,0,0
6,5.0,walk,12.9932,0.0000,0.1864,0.1768,0.0000,0.0001,12.6070,0.0208,361,13441,0.0000,12.5837,0,0
7,6.0,walk,12.9749,0.0000,0.1843,0.1853,0.0000,0.0001,12.5832,0.0200,361,13479,0.0000,12.5594,0,0
8,7.0,walk,12.7282,0.0000,0.2081,0.1888,0.0000,0.0000,12.3077,0.0212,361,13505,0.0000,12.2840,0,0
9,8.0,walk,59.5709,0.0000,0.1995,0.1813,0.0000,0.0001,59.1670,0.0205,342,13523,58.2826,0.0000,118,0
10,9.0,walk,12.8069,0.0000,0.2488,0.1910,0.0000,0.0001,12.3418,0.0220,342,13535,0.0000,7.9990,0,0
11,10.0,walk,12.8403,0.0000,0.2450,0.1813,0.0000,0.0000,12.3910,0.0201,342,13545,0.0000,12.3662,0,0
12,11.0,walk,12.7512,0.0000,0.2159,0.1913,0.0000,0.0000,12.3209,0.0205,342,13553,0.0000,12.2965,0,0
13,12.0,walk,13.1277,0.0000,0.2070,0.1798,0.0000,0.0000,12.7154,0.0230,342,13559,0.0000,12.6880,0,0
14,13.0,walk,12.9324,0.0000,0.2148,0.1836,0.0000,0.0001,12.5118,0.0197,342,13563,0.0000,12.4875,0,0
15,14.0,walk,13.0628,0.0000,0.2185,0.1830,0.0000,0.0000,12.6380,0.0209,342,13567,0.0000,12.6116,0,0
16,15.0,walk,12.9465,0.0000,0.2170,0.1852,0.0000,0.0001,12.5136,0.0196,342,13569,0.0000,12.4896,0,0
17,16.0,walk,19.5068,0.0000,0.2263,0.2241,0.3345,0.0004,18.6923,0.0208,324,13571,18.0052,0.0000,99,1
18,17.0,walk,13.1360,0.0000,0.2638,0.2283,0.3249,0.0002,12.2775,0.0386,325,13573,0.0000,8.0024,0,1
19,18.0,walk,13.0382,0.0000,0.3422,0.2637,0.2659,0.0002,12.1434,0.0202,326,13575,0.0000,12.1126,0,1
20,19.0,walk,13.1552,0.0000,0.2169,0.1839,0.3178,0.0003,12.3957,0.0383,327,13577,0.0000,12.3552,0,1
21,20.0,walk,13.2846,0.0000,0.2609,0.1881,0.3240,0.0003,12.4701,0.0384,328,13579,0.0000,12.4285,0,1
22,21.0,walk,13.2108,0.0000,0.3484,0.3377,0.2619,0.0001,12.2384,0.0202,329,13581,0.0000,12.2069,0,1
23,22.0,walk,13.0940,0.0000,0.2262,0.1862,0.2758,0.0001,12.3828,0.0206,330,13583,0.0000,12.3392,0,1
24,23.0,walk,11.1643,0.0000,0.2176,0.1856,0.3315,0.0001,10.3879,0.0390,331,13583,0.0000,10.3482,0,1
25,24.0,walk,14.9533,0.0000,0.3076,0.2597,0.4794,0.0000,13.8808,0.0230,313,13583,13.1501,0.0000,95,1
26,25.0,walk,13.0448,0.0000,0.2772,0.2030,0.2659,0.0002,12.2745,0.0215,314,13583,0.0000,7.7995,0,1
27,26.0,walk,13.0801,0.0000,0.2631,0.1834,0.2652,0.0003,12.3460,0.0200,315,13583,0.0000,12.3146,0,1
28,27.0,walk,13.3423,0.0000,0.2379,0.1809,0.2683,0.0003,12.6322,0.0204,316,13583,0.0000,12.5984,0,1
29,28.0,walk,13.1007,0.0000,0.2596,0.1947,0.3018,0.0004,12.3217,0.0202,317,13583,0.0000,12.2897,0,1
30,29.0,walk,12.0183,0.0000,0.2339,0.1860,0.3362,0.0003,11.2214,0.0382,318,13583,0.0000,11.1803,0,1
31,30.0,walk,11.3419,0.0000,0.3873,0.3415,0.2644,0.0000,10.3240,0.0203,319,13583,0.0000,10.2899,0,1
32,31.0,walk,11.9646,0.0000,0.2468,0.1845,0.3200,0.0000,11.1728,0.0378,320,13583,0.0000,11.1319,0,1
33,32.0,walk,10.7110,0.0000,0.3269,0.3394,1.5267,0.0002,8.4946,0.0203,310,13583,7.9501,0.0000,93,9
34,33.0,walk,13.0257,0.0000,0.2417,0.1693,0.2670,0.0002,12.3230,0.0219,311,13583,0.0000,7.8897,0,1
35,34.0,walk,13.1030,0.0000,0.3168,0.2364,0.3330,0.0002,12.1825,0.0213,312,13583,0.0000,12.1480,0,1
36,35.0,walk,14.6690,0.0000,0.2803,0.1916,0.2721,0.0002,13.8926,0.0204,313,13583,0.0000,13.8604,0,1
37,36.0,walk,13.1112,0.0000,0.2411,0.1829,0.2730,0.0003,12.3916,0.0207,314,13583,0.0000,12.3578,0,1
38,37.0,walk,12.9556,0.0000,0.2585,0.1900,0.3340,0.0000,12.1327,0.0379,315,13583,0.0000,12.0892,0,1
39,38.0,walk,10.7093,0.0000,0.2581,0.1873,0.7319,0.0001,9.5085,0.0207,319,13583,0.0000,9.4708,0,4
40,39.0,walk,18.1103,0.0000,0.2365,0.1875,0.2615,0.0000,17.4014,0.0209,320,13583,0.0000,17.3597,0,1
41,40.0,walk,54.7203,0.0000,0.3137,0.1884,0.4764,0.0003,53.7184,0.0205,302,13583,52.9362,0.0000,118,1
42,41.0,walk,13.0384,0.0000,0.2833,0.1836,0.2711,0.0002,12.2770,0.0206,303,13583,0.0000,8.4303,0,1
43,42.0,walk,13.1057,0.0000,0.2827,0.1886,0.3481,0.0004,12.2444,0.0390,304,13583,0.0000,12.1981,0,1
44,43.0,walk,13.4388,0.0000,0.3323,0.3294,0.3491,0.0004,12.3877,0.0373,305,13583,0.0000,12.3341,0,1
45,44.0,walk,12.9843,0.0000,0.2235,0.1878,0.2603,0.0003,12.2902,0.0197,306,13583,0.0000,12.2568,0,1
46,45.0,walk,10.7523,0.0000,0.2241,0.1773,0.9354,0.0000,9.3929,0.0202,312,13583,0.0000,9.3541,0,6
47,46.0,walk,10.7824,0.0000,0.2473,0.1746,1.4956,0.0000,8.8423,0.0202,322,13583,0.0000,8.8017,0,10
48,47.0,walk,11.2563,0.0000,0.2354,0.1776,0.3187,0.0001,10.5031,0.0189,323,13583,0.0000,10.4726,0,1
49,48.0,walk,10.8289,0.0000,0.2413,0.1703,2.7785,0.0000,7.6160,0.0204,322,13583,7.1052,0.0000,99,18
50,49.0,walk,13.3073,0.0000,0.2517,0.1800,0.3417,0.0006,12.5075,0.0241,323,13583,0.0000,8.4511,0,1
51,50.0,walk,13.2566,0.0000,0.2868,0.1730,0.2651,0.0003,12.5093,0.0200,324,13583,0.0000,12.4765,0,1
52,51.0,walk,13.4875,0.0000,0.2332,0.1801,0.3217,0.0003,12.7031,0.0376,325,13583,0.0000,12.6612,0,1
53,52.0,walk,13.1056,0.0000,0.3183,0.3126,0.3257,0.0003,12.1081,0.0380,326,13583,0.0000,12.0652,0,1
54,53.0,walk,10.7218,0.0000,0.3072,0.2275,1.5193,0.0003,8.6451,0.0199,334,13583,0.0000,8.6043,0,8
55,54.0,walk,10.7701,0.0000,0.2334,0.1843,1.0764,0.0000,9.2535,0.0201,339,13583,0.0000,9.2137,0,5
56,55.0,walk,11.2330,0.0000,0.2376,0.1814,0.0000,0.0001,10.7900,0.0216,339,13583,0.0000,10.7618,0,0
57,56.0,walk,10.7130,0.0000,0.2434,0.1782,2.6404,0.0001,7.6263,0.0224,335,13583,7.1336,0.0000,95,15
58,57.0,walk,14.5302,0.0000,0.3460,0.2533,0.0000,0.0004,13.9016,0.0258,335,13583,0.0000,9.6952,0,0
59,58.0,walk,12.9785,0.0000,0.2637,0.1792,0.0000,0.0002,12.5134,0.0200,335,13583,0.0000,12.4878,0,0
60,59.0,walk,12.9483,0.0000,0.2397,0.1802,0.0000,0.0001,12.5062,0.0200,335,13583,0.0000,12.4812,0,0
61,60.0,walk,12.7496,0.0000,0.2418,0.1822,0.0000,0.0003,12.3029,0.0201,335,13583,0.0000,12.2763,0,0
62,61.0,walk,10.8148,0.0000,0.2399,0.1771,1.5917,0.0002,8.7837,0.0201,345,13583,0.0000,8.7450,0,10
63,62.0,walk,10.8689,0.0000,0.2321,0.1858,0.0000,0.0001,10.4268,0.0219,345,13583,0.0000,10.4001,0,0
64,63.0,walk,10.7147,0.0000,0.2370,0.1784,0.0000,0.0001,10.2758,0.0212,345,13583,0.0000,10.2488,0,0
65,64.0,walk,10.8204,0.0000,0.2479,0.1706,3.0539,0.0001,7.3257,0.0201,348,13583,6.8684,0.0000,93,22
66,66.0,sprint,14.4623,0.0000,0.2538,0.3655,0.0000,0.0002,13.8177,0.0227,348,13581,0.0000,9.8441,0,0
67,68.0,sprint,12.8618,0.0000,0.3165,0.3627,0.0000,0.0002,12.1588,0.0211,348,13579,0.0000,12.1331,0,0
68,70.0,sprint,13.0753,0.0000,0.2506,0.3623,0.0000,0.0001,12.4388,0.0209,348,13577,0.0000,12.4117,0,0
69,72.0,sprint,59.6339,0.0000,0.2472,0.3581,0.5091,0.0004,58.4947,0.0220,330,13575,57.8114,0.0000,118,1
70,74.0,sprint,13.1538,0.0000,0.4208,0.3787,0.3524,0.0006,11.9681,0.0224,331,13573,0.0000,7.0805,0,1
71,76.0,sprint,13.0659,0.0000,0.4421,0.3878,0.3164,0.0006,11.8950,0.0208,332,13571,0.0000,11.8551,0,1
72,78.0,sprint,13.4919,0.0000,0.3319,0.3691,0.3121,0.0003,12.4552,0.0207,333,13569,0.0000,12.4136,0,1
73,80.0,sprint,22.9490,0.0000,0.2941,0.3794,0.4243,0.0004,21.8252,0.0227,315,13567,20.9128,0.0000,99,1
74,82.0,sprint,13.2627,0.0000,0.4635,0.3790,0.3907,0.0004,12.0028,0.0237,316,13565,0.0000,6.5137,0,1
75,84.0,sprint,13.2677,0.0000,0.5279,0.3882,0.3734,0.0005,11.9542,0.0204,317,13563,0.0000,11.8931,0,1
76,86.0,sprint,13.0885,0.0000,0.5410,0.3908,0.3355,0.0008,11.7882,0.0293,318,13561,0.0000,11.7416,0,1
77,88.0,sprint,27.5087,0.0000,0.4070,0.4229,0.4292,0.0004,26.2227,0.0229,300,13561,25.2230,0.0000,95,1
78,90.0,sprint,13.5164,0.0000,0.5665,0.3874,0.3487,0.0005,12.1871,0.0222,301,13561,0.0000,6.3893,0,1
79,92.0,sprint,13.0932,0.0000,0.4516,0.3843,0.3248,0.0004,11.9059,0.0220,302,13561,0.0000,11.8651,0,1
80,94.0,sprint,13.3569,0.0000,0.3123,0.3871,0.3177,0.0004,12.3162,0.0202,303,13561,0.0000,12.2814,0,1
81,96.0,sprint,24.9493,0.0000,0.2725,0.3686,0.3807,0.0003,23.9043,0.0203,285,13561,23.2945,0.0000,93,1
82,98.0,sprint,13.3557,0.0000,0.2690,0.3835,0.2857,0.0003,12.3937,0.0211,286,13561,0.0000,7.4378,0,1
83,100.0,sprint,13.0933,0.0000,0.3016,0.3857,0.2708,0.0004,12.1111,0.0208,287,13561,0.0000,12.0743,0,1
84,102.0,sprint,13.1674,0.0000,0.2894,0.3733,0.3497,0.0004,12.1196,0.0201,288,13561,0.0000,12.0850,0,1
85,104.0,sprint,68.8303,0.0000,0.2655,0.3765,0.5452,0.0006,67.6101,0.0222,270,13561,66.7270,0.0000,118,1
86,106.0,sprint,13.5562,0.0000,0.4236,0.3935,0.3783,0.0003,12.3365,0.0215,271,13561,0.0000,7.2213,0,1
87,108.0,sprint,13.1696,0.0000,0.3243,0.3772,0.3532,0.0003,12.0729,0.0389,272,13561,0.0000,12.0263,0,1
88,110.0,sprint,13.3599,0.0000,0.2864,0.3759,0.2982,0.0003,12.3757,0.0210,273,13561,0.0000,12.3357,0,1
89,112.0,sprint,24.0505,0.0000,0.2884,0.3660,0.3921,0.0003,22.9811,0.0205,255,13561,22.4579,0.0000,99,1
90,114.0,sprint,13.1553,0.0000,0.2868,0.3647,0.3128,0.0004,12.1666,0.0216,256,13561,0.0000,6.8521,0,1
91,116.0,sprint,13.1848,0.0000,0.3362,0.3857,0.2826,0.0003,12.1567,0.0206,257,13561,0.0000,12.1120,0,1
92,118.0,sprint,13.0973,0.0000,0.2656,0.3862,0.2910,0.0004,12.1314,0.0201,258,13561,0.0000,12.0937,0,1
93,120.0,sprint,21.6350,0.0000,0.2617,0.3850,0.3549,0.0003,20.6108,0.0201,240,13561,20.1026,0.0000,95,1
94,122.0,sprint,13.2887,0.0000,0.2653,0.3818,0.2937,0.0003,12.3248,0.0204,241,13561,0.0000,7.4912,0,1
95,124.0,sprint,13.2875,0.0000,0.2950,0.3798,0.2880,0.0002,12.3014,0.0204,242,13561,0.0000,12.2590,0,1
96,126.0,sprint,13.2689,0.0000,0.2810,0.3744,0.3538,0.0002,12.2374,0.0197,243,13561,0.0000,12.1999,0,1
97,128.0,sprint,24.8133,0.0000,0.3020,0.5097,0.4069,0.0002,23.5707,0.0207,225,13561,23.0076,0.0000,93,1
98,132.0,free_fly,13.2154,0.0000,0.3579,0.7221,0.3522,0.0003,11.7519,0.0203,226,13559,0.0000,6.8951,0,1
99,136.0,free_fly,70.5957,0.0000,0.3288,0.6980,0.5301,0.0003,69.0155,0.0207,208,13557,68.3690,0.0000,118,1
100,140.0,free_fly,13.0568,0.0000,0.3614,0.7313,0.2889,0.0003,11.6519,0.0206,209,13555,0.0000,6.5160,0,1
101,144.0,free_fly,28.0927,0.0000,0.3311,0.7234,0.3655,0.0003,26.6511,0.0191,191,13553,26.1542,0.0000,99,1
102,148.0,free_fly,13.4937,0.0000,0.3040,0.7475,0.3355,0.0004,12.0640,0.0398,192,13551,0.0000,7.4560,0,1
103,152.0,free_fly,41.1732,0.0000,0.4120,1.1116,0.4228,0.0003,39.2023,0.0212,174,13549,38.5192,0.0000,95,1
104,156.0,free_fly,13.4463,0.0000,0.3744,0.7260,0.3717,0.0003,11.9322,0.0391,175,13549,0.0000,6.5460,0,1
105,160.0,free_fly,42.8377,0.0000,0.3905,0.7865,0.4334,0.0003,41.2032,0.0211,157,13549,40.5946,0.0000,93,1
106,164.0,free_fly,13.1747,0.0000,0.3819,0.7311,0.3302,0.0004,11.6987,0.0209,158,13549,0.0000,6.3901,0,1
107,168.0,free_fly,88.1271,0.0000,0.3046,0.7318,0.4894,0.0002,86.5770,0.0218,140,13549,85.8822,0.0000,118,1
108,172.0,free_fly,13.4341,0.0000,0.3984,0.7078,0.3437,0.0004,11.9606,0.0210,141,13549,0.0000,5.8914,0,1
109,176.0,free_fly,43.3976,0.0000,0.3280,0.7288,0.3924,0.0003,41.9250,0.0204,123,13549,41.3880,0.0000,99,1
110,180.0,free_fly,13.3863,0.0000,0.3035,0.7103,0.3632,0.0004,11.9689,0.0375,124,13549,0.0000,6.6094,0,1
111,184.0,free_fly,41.6419,0.0000,0.3451,0.7184,0.4073,0.0003,40.1440,0.0241,106,13549,39.5662,0.0000,95,1
112,188.0,free_fly,13.4050,0.0000,0.3260,0.7896,0.2971,0.0003,11.9668,0.0211,107,13549,0.0000,6.5337,0,1
113,192.0,free_fly,42.8580,0.0000,0.3221,0.7254,0.4003,0.0003,41.3870,0.0203,90,13549,40.8446,0.0000,93,1
114,192.0,free_fly,13.1557,0.0000,0.0000,0.0000,0.2968,0.0002,12.8283,0.0204,91,13549,0.0000,7.8333,0,1
115,192.0,free_fly,13.0871,0.0000,0.0000,0.0000,0.3542,0.0003,12.7120,0.0196,92,13549,0.0000,12.6695,0,1
116,192.0,free_fly,13.0950,0.0000,0.0000,0.0000,0.2826,0.0003,12.7908,0.0203,93,13549,0.0000,12.7473,0,1
117,192.0,free_fly,13.1369,0.0000,0.0000,0.0000,0.2881,0.0003,12.8271,0.0203,94,13549,0.0000,12.7859,0,1
118,192.0,free_fly,13.2603,0.0000,0.0000,0.0000,0.2741,0.0003,12.9657,0.0192,95,13549,0.0000,12.9230,0,1
119,192.0,free_fly,13.2585,0.0000,0.0000,0.0000,0.4042,0.0003,12.8335,0.0196,96,13549,0.0000,12.7921,0,1
120,192.0,free_fly,13.0666,0.0000,0.0000,0.0000,0.2817,0.0002,12.7639,0.0198,97,13549,0.0000,12.7231,0,1
121,192.0,free_fly,24.5658,0.0000,0.0000,0.0000,0.3913,0.0003,24.1277,0.0453,98,13549,0.0000,24.0761,0,1
122,192.0,free_fly,13.4004,0.0001,0.0000,0.0000,0.3366,0.0002,13.0226,0.0386,99,13549,0.0000,12.9698,0,1
123,192.0,free_fly,13.1099,0.0000,0.0000,0.0000,0.2764,0.0005,12.8108,0.0203,100,13549,0.0000,12.7651,0,1
124,192.0,free_fly,13.1430,0.0000,0.0000,0.0000,0.3572,0.0005,12.7459,0.0384,101,13549,0.0000,12.6938,0,1
125,192.0,free_fly,13.0737,0.0000,0.0000,0.0000,0.2964,0.0003,12.7550,0.0200,102,13549,0.0000,12.7071,0,1
126,192.0,free_fly,12.3552,0.0000,0.0000,0.0000,0.3720,0.0002,11.9452,0.0364,103,13549,0.0000,11.8926,0,1
127,192.0,free_fly,11.4750,0.0001,0.0000,0.0000,0.2744,0.0003,11.1783,0.0200,104,13549,0.0000,11.1328,0,1
128,192.0,free_fly,13.1329,0.0000,0.0000,0.0000,0.3665,0.0003,12.7265,0.0386,105,13549,0.0000,12.6742,0,1
129,192.0,free_fly,13.1044,0.0000,0.0000,0.0000,0.3466,0.0003,12.7228,0.0327,106,13549,0.0000,12.6698,0,1
130,192.0,free_fly,14.7771,0.0000,0.0000,0.0000,0.2909,0.0003,14.4645,0.0204,107,13549,0.0000,14.4166,0,1
131,192.0,free_fly,34.3242,0.0000,0.0000,0.0000,0.3964,0.0006,33.8925,0.0250,108,13549,0.0000,33.8214,0,1
132,192.0,free_fly,13.1380,0.0000,0.0000,0.0000,0.3660,0.0005,12.7401,0.0216,109,13549,0.0000,12.6888,0,1
133,192.0,free_fly,12.6687,0.0000,0.0000,0.0000,0.2853,0.0003,12.3608,0.0211,110,13549,0.0000,12.3159,0,1
134,192.0,free_fly,10.7761,0.0000,0.0000,0.0000,3.8939,0.0001,6.8585,0.0223,133,13549,0.0000,6.7738,0,23
135,192.0,free_fly,10.7286,0.0000,0.0000,0.0000,3.5886,0.0003,7.1256,0.0128,158,13549,0.0000,7.0669,0,25
136,192.0,free_fly,10.7776,0.0001,0.0000,0.0000,3.6972,0.0003,7.0557,0.0239,184,13549,0.0000,6.9957,0,26
137,192.0,free_fly,10.7167,0.0000,0.0000,0.0000,3.6351,0.0002,7.0567,0.0236,204,13549,0.0000,6.9915,0,20
138,192.0,free_fly,10.7523,0.0000,0.0000,0.0000,1.4459,0.0003,9.2839,0.0211,211,13549,0.0000,9.2243,0,7
139,192.0,free_fly,10.7992,0.0000,0.0000,0.0000,3.2611,0.0003,7.5157,0.0211,232,13549,0.0000,7.4539,0,21
140,192.0,free_fly,10.8349,0.0001,0.0000,0.0000,3.5852,0.0003,7.2267,0.0217,254,13549,0.0000,7.1659,0,22
141,192.0,free_fly,10.8025,0.0000,0.0000,0.0000,3.3153,0.0003,7.4651,0.0208,276,13549,0.0000,7.4107,0,22
142,192.0,free_fly,10.8163,0.0001,0.0000,0.0000,3.5136,0.0004,7.2811,0.0204,300,13549,0.0000,7.2276,0,24
143,192.0,free_fly,10.8111,0.0000,0.0000,0.0000,3.8127,0.0004,6.9765,0.0206,327,13549,0.0000,6.9220,0,27
144,192.0,free_fly,10.7566,0.0000,0.0000,0.0000,3.9136,0.0003,6.8215,0.0202,354,13549,0.0000,6.7582,0,27
145,192.0,free_fly,7.9989,0.0001,0.0000,0.0000,1.1518,0.0003,6.8263,0.0196,361,13549,0.0000,6.7833,0,7
146,192.0,free_fly,6.8028,0.0000,0.0000,0.0000,0.0000,0.0003,6.7897,0.0121,361,13549,0.0000,6.7633,0,0
147,192.0,free_fly,6.6980,0.0001,0.0000,0.0000,0.0000,0.0003,6.6769,0.0206,361,13549,0.0000,6.6519,0,0
148,192.0,free_fly,6.6632,0.0000,0.0000,0.0000,0.0000,0.0001,6.6499,0.0123,361,13549,0.0000,6.6247,0,0
149,192.0,free_fly,6.6766,0.0000,0.0000,0.0000,0.0000,0.0002,6.6538,0.0223,361,13549,0.0000,6.6290,0,0
150,192.0,free_fly,6.6539,0.0000,0.0000,0.0000,0.0000,0.0003,6.6315,0.0211,361,13549,0.0000,6.6050,0,0
151,192.0,free_fly,6.6956,0.0001,0.0000,0.0000,0.0000,0.0002,6.6720,0.0223,361,13549,0.0000,6.6455,0,0
152,192.0,free_fly,6.6125,0.0001,0.0000,0.0000,0.0000,0.0000,6.5994,0.0119,361,13549,0.0000,6.5750,0,0
153,192.0,free_fly,6.8571,0.0001,0.0000,0.0000,0.0000,0.0000,6.8348,0.0218,361,13549,0.0000,6.8088,0,0
154,192.0,free_fly,7.0280,0.0000,0.0000,0.0000,0.0000,0.0000,6.9965,0.0213,361,13549,0.0000,6.9679,0,0
155,192.0,free_fly,6.7480,0.0001,0.0000,0.0000,0.0000,0.0000,6.7187,0.0209,361,13549,0.0000,6.6922,0,0
156,192.0,free_fly,6.6929,0.0000,0.0000,0.0000,0.0000,0.0001,6.6692,0.0225,361,13549,0.0000,6.6432,0,0
157,192.0,free_fly,6.6208,0.0000,0.0000,0.0000,0.0000,0.0000,6.6078,0.0118,361,13549,0.0000,6.5833,0,0
158,192.0,free_fly,6.7704,0.0001,0.0000,0.0000,0.0000,0.0000,6.7474,0.0225,361,13549,0.0000,6.7218,0,0
159,192.0,free_fly,6.6687,0.0001,0.0000,0.0000,0.0000,0.0001,6.6556,0.0119,361,13549,0.0000,6.6309,0,0
160,192.0,free_fly,6.9320,0.0000,0.0000,0.0000,0.0000,0.0000,6.8090,0.1221,361,13549,0.0000,6.7803,0,0
161,192.0,free_fly,7.1531,0.0000,0.0000,0.0000,0.0000,0.0001,7.1350,0.0159,361,13549,0.0000,7.1023,0,0
162,192.0,free_fly,6.7630,0.0000,0.0000,0.0000,0.0000,0.0000,6.7416,0.0209,361,13549,0.0000,6.7166,0,0
163,192.0,free_fly,6.7856,0.0000,0.0000,0.0000,0.0000,0.0001,6.7628,0.0216,361,13549,0.0000,6.7350,0,0
164,192.0,free_fly,6.6610,0.0001,0.0000,0.0000,0.0000,0.0000,6.6481,0.0117,361,13549,0.0000,6.6232,0,0
165,192.0,free_fly,6.5837,0.0000,0.0000,0.0000,0.0000,0.0000,6.5626,0.0206,361,13549,0.0000,6.5378,0,0
166,192.0,free_fly,6.5402,0.0000,0.0000,0.0000,0.0000,0.0000,6.5275,0.0116,361,13549,0.0000,6.5037,0,0
167,192.0,free_fly,6.4729,0.0001,0.0000,0.0000,0.0000,0.0000,6.4507,0.0217,361,13549,0.0000,6.4239,0,0
168,192.0,free_fly,6.5890,0.0000,0.0000,0.0000,0.0000,0.0001,6.5672,0.0204,361,13549,0.0000,6.5415,0,0
169,192.0,free_fly,6.4292,0.0000,0.0000,0.0000,0.0000,0.0000,6.4168,0.0114,361,13549,0.0000,6.3932,0,0
170,192.0,free_fly,6.5796,0.0000,0.0000,0.0000,0.0000,0.0000,6.5581,0.0210,361,13549,0.0000,6.5334,0,0
171,192.0,free_fly,6.4904,0.0000,0.0000,0.0000,0.0000,0.0001,6.4777,0.0116,361,13549,0.0000,6.4536,0,0
172,192.0,free_fly,6.4865,0.0000,0.0000,0.0000,0.0000,0.0000,6.4639,0.0221,361,13549,0.0000,6.4400,0,0
173,192.0,free_fly,6.5837,0.0000,0.0000,0.0000,0.0000,0.0000,6.5614,0.0211,361,13549,0.0000,6.5356,0,0
174,192.0,free_fly,6.4605,0.0000,0.0000,0.0000,0.0000,0.0000,6.4466,0.0113,361,13549,0.0000,6.4208,0,0
175,192.0,free_fly,6.6283,0.0001,0.0000,0.0000,0.0000,0.0000,6.6056,0.0222,361,13549,0.0000,6.5802,0,0
176,192.0,free_fly,6.5251,0.0000,0.0000,0.0000,0.0000,0.0000,6.5125,0.0115,361,13549,0.0000,6.4787,0,0
177,192.0,free_fly,6.7095,0.0001,0.0000,0.0000,0.0000,0.0000,6.6850,0.0240,361,13549,0.0000,6.6606,0,0
178,192.0,free_fly,6.7224,0.0000,0.0000,0.0000,0.0000,0.0000,6.7003,0.0209,361,13549,0.0000,6.6747,0,0
179,192.0,free_fly,6.5290,0.0000,0.0000,0.0000,0.0000,0.0000,6.5044,0.0234,361,13549,0.0000,6.4779,0,0
180,192.0,free_fly,6.6172,0.0000,0.0000,0.0000,0.0000,0.0001,6.5951,0.0208,361,13549,0.0000,6.5689,0,0
181,192.0,free_fly,6.4840,0.0000,0.0000,0.0000,0.0000,0.0000,6.4701,0.0128,361,13549,0.0000,6.4451,0,0
182,192.0,free_fly,6.6268,0.0000,0.0000,0.0000,0.0000,0.0000,6.6026,0.0236,361,13549,0.0000,6.5768,0,0
183,192.0,free_fly,6.5546,0.0001,0.0000,0.0000,0.0000,0.0000,6.5311,0.0221,361,13549,0.0000,6.5052,0,0
184,192.0,free_fly,7.5352,0.0001,0.0000,0.0000,0.0000,0.0001,7.5094,0.0246,361,13549,0.0000,7.4798,0,0
185,192.0,free_fly,7.7107,0.0000,0.0000,0.0000,0.0000,0.0000,7.6859,0.0233,361,13549,0.0000,7.6583,0,0
186,192.0,free_fly,6.5680,0.0000,0.0000,0.0000,0.0000,0.0000,6.5445,0.0222,361,13549,0.0000,6.5186,0,0
187,192.0,free_fly,6.4950,0.0001,0.0000,0.0000,0.0000,0.0000,6.4723,0.0214,361,13549,0.0000,6.4418,0,0
188,192.0,free_fly,6.5312,0.0000,0.0000,0.0000,0.0000,0.0000,6.5184,0.0117,361,13549,0.0000,6.4941,0,0
189,192.0,free_fly,7.1566,0.0000,0.0000,0.0000,0.0000,0.0000,7.1338,0.0223,361,13549,0.0000,7.1098,0,0
190,192.0,free_fly,6.5477,0.0000,0.0000,0.0000,0.0000,0.0001,6.5250,0.0216,361,13549,0.0000,6.4994,0,0
191,192.0,free_fly,6.5174,0.0000,0.0000,0.0000,0.0000,0.0000,6.4845,0.0222,361,13549,0.0000,6.4591,0,0
192,192.0,free_fly,6.4848,0.0000,0.0000,0.0000,0.0000,0.0000,6.4549,0.0223,361,13549,0.0000,6.4243,0,0
193,192.0,free_fly,6.5572,0.0000,0.0000,0.0000,0.0000,0.0000,6.5278,0.0221,361,13549,0.0000,6.5027,0,0
194,192.0,free_fly,6.4504,0.0000,0.0000,0.0000,0.0000,0.0001,6.4374,0.0119,361,13549,0.0000,6.4135,0,0
195,192.0,free_fly,6.5271,0.0000,0.0000,0.0000,0.0000,0.0001,6.5061,0.0205,361,13549,0.0000,6.4818,0,0
196,192.0,free_fly,6.6313,0.0001,0.0000,0.0000,0.0000,0.0000,6.6085,0.0216,361,13549,0.0000,6.5833,0,0
197,192.0,free_fly,6.4864,0.0000,0.0000,0.0000,0.0000,0.0000,6.4736,0.0118,361,13549,0.0000,6.4499,0,0
198,192.0,free_fly,6.6279,0.0000,0.0000,0.0000,0.0000,0.0001,6.6035,0.0239,361,13549,0.0000,6.5790,0,0
199,192.0,free_fly,6.4706,0.0000,0.0000,0.0000,0.0000,0.0001,6.4578,0.0117,361,13549,0.0000,6.4335,0,0
200,192.0,free_fly,6.5879,0.0000,0.0000,0.0000,0.0000,0.0000,6.5651,0.0223,361,13549,0.0000,6.5410,0,0
201,192.0,free_fly,6.5064,0.0001,0.0000,0.0000,0.0000,0.0000,6.4937,0.0115,361,13549,0.0000,6.4698,0,0
202,192.0,free_fly,6.4444,0.0000,0.0000,0.0000,0.0000,0.0000,6.4327,0.0113,361,13549,0.0000,6.4104,0,0
