frame,distance_m,cpu_ms,live_ms,far_field_ms,lookahead_ms,draw_ms,packages_built,far_tiles_built,resident_packages,resident_cells
1,0.0,11.0405,10.7141,0.0000,0.0000,0.0658,9,0,1207,12853
2,4.0,11.2351,9.8077,0.0000,0.0000,0.0821,7,0,1214,13363
3,8.0,11.1829,10.3320,0.0000,0.0000,0.0687,9,0,1193,13511
4,12.0,11.5134,10.7066,0.0000,0.0000,0.0676,8,0,1201,13541
5,16.0,11.4928,10.6882,0.0000,0.0000,0.0708,8,0,1176,13547
6,20.0,11.2728,10.2008,0.0000,0.0000,0.0600,8,0,1184,13549
7,24.0,10.8070,10.0118,0.0000,0.0000,0.0789,7,0,1157,13549
8,28.0,11.6058,10.8169,0.0000,0.0000,0.0662,9,0,1166,13549
9,32.0,12.4272,11.6338,0.0000,0.0000,0.0739,7,0,1138,13549
10,36.0,11.5912,10.8124,0.0000,0.0000,0.0623,9,0,1147,13549
11,40.0,11.5399,10.7124,0.0000,0.0000,0.0705,6,0,1118,13549
12,44.0,10.7654,9.9574,0.0000,0.0000,0.0621,9,0,1127,13549
13,48.0,11.2491,10.4436,0.0000,0.0000,0.0652,7,0,1099,13549
14,52.0,11.3067,10.5102,0.0000,0.0000,0.0601,8,0,1107,13549
15,56.0,11.2261,10.4177,0.0000,0.0000,0.0716,10,0,1082,13549
16,60.0,12.3225,11.5140,0.0000,0.0000,0.0782,9,0,1091,13549
17,64.0,11.6171,10.6466,0.0000,0.0000,0.0758,9,0,1065,13549
18,68.0,11.4601,10.6446,0.0000,0.0000,0.0671,10,0,1075,13549
19,72.0,11.3463,10.2349,0.0000,0.0000,0.0716,8,0,1048,13549
20,76.0,11.2070,10.3755,0.0000,0.0000,0.0612,8,0,1056,13549
21,80.0,11.0597,10.1533,0.0000,0.0000,0.0711,10,0,1031,13549
22,84.0,11.4829,10.5844,0.0000,0.0000,0.0634,10,0,1041,13549
23,88.0,11.2977,10.4358,0.0000,0.0000,0.0737,9,0,1015,13549
24,92.0,11.1570,10.2770,0.0000,0.0000,0.0646,9,0,1024,13549
25,96.0,11.8232,10.9516,0.0000,0.0000,0.0696,7,0,996,13549
26,100.0,10.7499,9.8800,0.0000,0.0000,0.0695,7,0,1003,13549
27,104.0,12.8262,11.9438,0.0000,0.0000,0.0749,8,0,976,13549
28,108.0,10.7592,9.8601,0.0000,0.0000,0.0620,8,0,984,13549
29,112.0,11.5586,10.6073,0.0000,0.0000,0.0809,8,0,957,13549
30,116.0,11.3747,10.3919,0.0000,0.0000,0.0668,8,0,965,13549
31,120.0,11.2053,10.3043,0.0000,0.0000,0.0754,9,0,939,13549
32,124.0,11.3394,10.4385,0.0000,0.0000,0.0620,8,0,947,13549
33,128.0,10.9540,10.0427,0.0000,0.0000,0.0746,8,0,920,13549
34,132.0,10.9579,10.0682,0.0000,0.0000,0.0718,7,0,927,13549
35,136.0,11.5629,10.6711,0.0000,0.0000,0.0711,8,0,900,13549
36,140.0,11.7007,10.7940,0.0000,0.0000,0.0683,9,0,909,13549
37,144.0,11.0206,10.1385,0.0000,0.0000,0.0694,8,0,882,13549
38,148.0,12.0700,11.1950,0.0000,0.0000,0.0661,9,0,891,13549
39,152.0,11.2527,10.3639,0.0000,0.0000,0.0776,8,0,864,13549
40,156.0,10.8038,9.9317,0.0000,0.0000,0.0653,8,0,872,13549
41,160.0,11.2743,10.1934,0.0000,0.0000,0.0834,8,0,845,13549
42,164.0,11.0050,10.1448,0.0000,0.0000,0.0849,7,0,852,13549
43,168.0,11.3947,10.5381,0.0000,0.0000,0.0849,8,0,825,13549
44,172.0,11.8022,10.9196,0.0000,0.0000,0.0673,8,0,833,13549
45,176.0,11.8646,10.9961,0.0000,0.0000,0.0800,7,0,805,13549
46,180.0,11.2328,10.3721,0.0000,0.0000,0.0822,8,0,813,13549
47,184.0,10.8175,9.9170,0.0000,0.0000,0.0781,8,0,786,13549
48,188.0,11.7876,10.9389,0.0000,0.0000,0.0677,8,0,794,13549
49,192.0,11.6403,10.7742,0.0000,0.0000,0.0894,8,0,767,13549
50,196.0,11.0539,10.2059,0.0000,0.0000,0.0685,7,0,774,13549
51,200.0,11.4587,10.6142,0.0000,0.0000,0.0758,7,0,746,13549
52,204.0,10.7705,9.9171,0.0000,0.0000,0.0747,9,0,755,13549
53,208.0,11.5970,10.6554,0.0000,0.0000,0.0820,9,0,729,13549
54,212.0,11.5239,10.6453,0.0000,0.0000,0.0725,8,0,737,13549
55,216.0,11.0319,10.1506,0.0000,0.0000,0.0846,9,0,711,13549
56,220.0,11.0536,10.1713,0.0000,0.0000,0.0741,9,0,720,13549
57,224.0,11.8233,10.9217,0.0000,0.0000,0.0820,8,0,693,13549
58,228.0,11.7421,10.6666,0.0000,0.0000,0.0766,7,0,700,13549
59,232.0,11.5318,10.5057,0.0000,0.0000,0.0891,9,0,674,13549
60,236.0,11.1124,10.1345,0.0000,0.0000,0.0741,7,0,681,13549
61,240.0,11.4392,10.5562,0.0000,0.0000,0.0831,8,0,654,13549
62,244.0,10.8612,10.0000,0.0000,0.0000,0.0731,7,0,661,13549
63,248.0,11.4791,10.5744,0.0000,0.0000,0.0852,9,0,635,13549
64,252.0,12.0409,11.1332,0.0000,0.0000,0.0748,8,0,643,13549
65,256.0,11.4996,10.6140,0.0000,0.0000,0.0845,9,0,617,13549
66,260.0,10.7576,9.8963,0.0000,0.0000,0.0737,9,0,626,13549
67,264.0,11.4988,10.6280,0.0000,0.0000,0.0883,9,0,600,13549
68,268.0,11.8446,10.9674,0.0000,0.0000,0.0753,8,0,608,13549
69,272.0,10.8964,10.0225,0.0000,0.0000,0.0773,8,0,582,13549
70,276.0,12.0424,11.1632,0.0000,0.0000,0.0774,8,0,590,13549
71,280.0,11.3410,10.4667,0.0000,0.0000,0.0868,10,0,567,13549
72,284.0,10.9343,10.0920,0.0000,0.0000,0.0759,9,0,576,13549
73,288.0,10.7828,9.9414,0.0000,0.0000,0.0832,9,0,552,13549
74,292.0,10.9135,10.0847,0.0000,0.0000,0.0842,8,0,560,13549
75,296.0,12.2165,11.3817,0.0000,0.0000,0.0891,8,0,540,13549
76,300.0,11.6804,10.8749,0.0000,0.0000,0.0762,8,0,548,13549
77,304.0,10.9274,10.0748,0.0000,0.0000,0.0911,7,0,529,13549
78,308.0,11.6431,10.8216,0.0000,0.0000,0.0770,7,0,536,13549
79,312.0,11.8603,10.8124,0.0000,0.0000,0.0845,7,0,517,13549
80,316.0,11.4083,10.5957,0.0000,0.0000,0.0768,7,0,524,13549
81,320.0,12.2694,11.4421,0.0000,0.0000,0.0871,9,0,507,13549
82,324.0,12.5334,11.6980,0.0000,0.0000,0.0788,8,0,515,13549
83,328.0,11.6761,10.8315,0.0000,0.0000,0.0840,9,0,500,13549
84,332.0,11.0781,10.2340,0.0000,0.0000,0.0756,7,0,507,13549
85,336.0,11.6698,10.6405,0.0000,0.0000,0.0910,8,0,491,13549
86,340.0,29.3469,28.4655,0.0000,0.0000,0.0850,4,0,495,13549
87,344.0,11.4806,10.3038,0.0000,0.0000,0.0919,8,0,479,13549
88,348.0,11.2816,10.3295,0.0000,0.0000,0.0958,9,0,488,13549
89,352.0,11.1417,10.2746,0.0000,0.0000,0.0955,10,0,474,13549
90,356.0,11.4762,10.6088,0.0000,0.0000,0.0782,9,0,483,13549
91,360.0,11.0829,10.2608,0.0000,0.0000,0.0898,9,0,470,13549
92,364.0,10.9492,10.1048,0.0000,0.0000,0.0752,7,0,477,13549
93,368.0,10.7733,9.9437,0.0000,0.0000,0.0880,7,0,462,13549
94,372.0,11.2689,10.3861,0.0000,0.0000,0.0827,8,0,470,13549
95,376.0,11.4335,10.5776,0.0000,0.0000,0.1022,7,0,455,13549
96,380.0,11.0149,9.7371,0.0000,0.0000,0.0788,8,0,463,13549
97,384.0,11.3651,10.3651,0.0000,0.0000,0.0871,7,0,448,13549
98,388.0,11.6746,9.6959,0.0000,0.0000,0.0808,9,0,457,13549
99,392.0,11.7680,10.7095,0.0000,0.0000,0.0836,8,0,443,13549
100,396.0,11.8761,10.3918,0.0000,0.0000,0.0799,8,0,451,13549
101,400.0,11.4160,10.1225,0.0000,0.0000,0.0857,9,0,439,13549
102,404.0,11.2443,9.0016,0.0000,0.0000,0.0797,8,0,447,13549
103,408.0,10.9934,9.5466,0.0000,0.0000,0.0861,9,0,436,13549
104,412.0,11.4886,9.9173,0.0000,0.0000,0.0798,10,0,446,13549
105,416.0,36.1504,34.8986,0.0000,0.0000,0.1235,3,0,429,13549
106,420.0,11.0685,7.4045,0.0000,0.0000,0.0826,8,0,437,13549
107,424.0,11.4348,8.8072,0.0000,0.0000,0.0857,8,0,425,13549
108,428.0,12.2491,8.5969,0.0000,0.0000,0.0805,8,0,433,13549
109,432.0,11.6731,8.9802,0.0000,0.0000,0.0857,9,0,422,13549
110,436.0,11.7132,7.3598,0.0000,0.0000,0.0804,7,0,429,13549
111,440.0,11.8610,8.4686,0.0000,0.0000,0.0806,8,0,417,13549
112,444.0,10.9789,5.2778,0.0000,0.0000,0.0804,4,0,421,13549
113,448.0,11.0548,4.6369,0.0000,0.0000,0.0837,7,0,408,13549
114,452.0,11.4072,4.0912,0.0000,0.0000,0.0809,5,0,413,13549
115,456.0,11.0593,4.3834,0.0000,0.0000,0.0886,8,0,401,13549
116,460.0,11.2060,4.4051,0.0000,0.0000,0.0809,7,0,408,13549
117,464.0,11.1807,4.0553,0.0000,0.0000,0.0838,7,0,396,13549
118,468.0,11.1479,3.5267,0.0000,0.0000,0.0930,7,0,403,13549
119,472.0,10.7745,3.3004,0.0000,0.0000,0.0853,8,0,393,13549
120,476.0,10.7710,3.8018,0.0000,0.0000,0.0821,8,0,401,13549
121,480.0,10.9263,4.6418,0.0000,0.0000,0.0838,10,0,393,13549
122,484.0,11.2151,5.2701,0.0000,0.0000,0.0823,10,0,403,13549
123,488.0,11.1802,5.7261,0.0000,0.0000,0.0837,9,0,394,13549
124,492.0,11.0075,5.9925,0.0000,0.0000,0.0985,9,0,403,13549
125,496.0,10.9479,5.5804,0.0000,0.0000,0.0940,7,0,392,13549
126,500.0,11.3221,5.5199,0.0000,0.0000,0.0878,7,0,399,13549
127,504.0,11.3488,6.2154,0.0000,0.0000,0.0889,10,0,391,13549
128,508.0,10.8608,3.5714,0.0000,0.0000,0.0871,5,0,396,13549
129,512.0,10.9905,3.3848,0.0000,0.0000,0.0845,6,0,384,13549
130,512.0,11.4212,11.3422,0.0000,0.0000,0.0788,11,0,395,13549
131,512.0,11.2347,11.1640,0.0000,0.0000,0.0786,10,0,405,13549
132,512.0,10.7078,10.6311,0.0000,0.0000,0.0761,9,0,414,13549
133,512.0,12.4822,12.3810,0.0000,0.0000,0.1016,9,0,423,13549
134,512.0,11.3517,11.2721,0.0000,0.0000,0.0800,9,0,432,13549
135,512.0,11.3432,11.2549,0.0000,0.0000,0.0907,11,0,443,13549
136,512.0,11.1014,11.0225,0.0000,0.0000,0.0814,8,0,451,13549
137,512.0,11.5992,11.5190,0.0000,0.0000,0.0821,9,0,460,13549
138,512.0,12.1826,12.1033,0.0000,0.0000,0.0815,9,0,469,13549
139,512.0,11.0502,10.9746,0.0000,0.0000,0.0779,9,0,478,13549
140,512.0,11.3488,11.2730,0.0000,0.0000,0.0781,10,0,488,13549
141,512.0,12.5837,12.4968,0.0000,0.0000,0.0783,10,0,498,13549
142,512.0,10.9842,10.9071,0.0000,0.0000,0.0789,8,0,506,13549
143,512.0,11.0127,10.9445,0.0000,0.0000,0.0743,9,0,515,13549
144,512.0,11.7689,11.6972,0.0000,0.0000,0.0732,9,0,524,13549
145,512.0,11.6730,11.5849,0.0000,0.0000,0.0832,9,0,533,13549
146,512.0,11.4307,11.3544,0.0000,0.0000,0.0812,10,0,543,13549
147,512.0,12.2116,12.1461,0.0000,0.0000,0.0758,10,0,553,13549
148,512.0,11.4056,11.3343,0.0000,0.0000,0.0747,8,0,561,13549
149,512.0,11.8264,11.7496,0.0000,0.0000,0.0833,11,0,572,13549
150,512.0,11.2702,11.1971,0.0000,0.0000,0.0784,10,0,582,13549
151,512.0,10.8058,10.7407,0.0000,0.0000,0.0753,8,0,590,13549
152,512.0,10.9380,10.8692,0.0000,0.0000,0.0732,9,0,599,13549
153,512.0,11.3715,11.3086,0.0000,0.0000,0.0728,9,0,608,13549
154,512.0,11.5437,11.4771,0.0000,0.0000,0.0702,8,0,616,13549
155,512.0,12.4238,12.3495,0.0000,0.0000,0.0808,11,0,627,13549
156,512.0,11.3095,11.2398,0.0000,0.0000,0.0771,8,0,635,13549
157,512.0,10.9532,10.8812,0.0000,0.0000,0.0786,7,0,642,13549
158,512.0,11.7408,11.6621,0.0000,0.0000,0.0770,8,0,650,13549
159,512.0,10.9401,10.8664,0.0000,0.0000,0.0778,8,0,658,13549
160,512.0,11.3970,11.3264,0.0000,0.0000,0.0804,9,0,667,13549
161,512.0,11.3561,11.2893,0.0000,0.0000,0.0728,8,0,675,13549
162,512.0,11.9045,11.8188,0.0000,0.0000,0.0812,10,0,685,13549
163,512.0,11.3128,11.2332,0.0000,0.0000,0.0838,8,0,693,13549
164,512.0,10.9978,10.9323,0.0000,0.0000,0.0733,7,0,700,13549
165,512.0,12.3891,12.3223,0.0000,0.0000,0.0757,8,0,708,13549
166,512.0,11.4291,11.3616,0.0000,0.0000,0.0766,8,0,716,13549
167,512.0,12.2840,12.2167,0.0000,0.0000,0.0765,9,0,725,13549
168,512.0,11.2098,11.1441,0.0000,0.0000,0.0744,9,0,734,13549
169,512.0,11.0730,11.0197,0.0000,0.0000,0.0681,8,0,742,13549
170,512.0,10.7631,10.6958,0.0000,0.0000,0.0761,8,0,750,13549
171,512.0,10.9151,10.8455,0.0000,0.0000,0.0801,8,0,758,13549
172,512.0,11.7328,11.6579,0.0000,0.0000,0.0717,9,0,767,13549
173,512.0,11.3776,11.3131,0.0000,0.0000,0.0750,10,0,777,13549
174,512.0,11.3131,11.2514,0.0000,0.0000,0.0710,8,0,785,13549
175,512.0,10.7187,10.6568,0.0000,0.0000,0.0704,7,0,792,13549
176,512.0,10.9104,10.8501,0.0000,0.0000,0.0680,8,0,800,13549
177,512.0,11.2618,11.1987,0.0000,0.0000,0.0730,7,0,807,13549
178,512.0,11.6186,11.5580,0.0000,0.0000,0.0713,9,0,816,13549
179,512.0,11.3490,11.2888,0.0000,0.0000,0.0703,9,0,825,13549
180,512.0,11.7532,11.6878,0.0000,0.0000,0.0754,9,0,834,13549
181,512.0,11.4095,11.3534,0.0000,0.0000,0.0688,9,0,843,13549
182,512.0,11.0002,10.9371,0.0000,0.0000,0.0757,9,0,852,13549
183,512.0,10.7749,10.6957,0.0000,0.0000,0.0729,9,0,861,13549
184,512.0,11.5321,11.4659,0.0000,0.0000,0.0692,9,0,870,13549
185,512.0,11.5819,11.5170,0.0000,0.0000,0.0680,9,0,879,13549
186,512.0,10.7434,10.6831,0.0000,0.0000,0.0723,9,0,888,13549
187,512.0,11.2623,11.2061,0.0000,0.0000,0.0673,9,0,897,13549
188,512.0,11.0767,11.0227,0.0000,0.0000,0.0641,8,0,905,13549
