stage,bearing,phase,distance_m,x,y,mode,resident_cells,resident_packages,frame_ms,pending_packages,workers_idle,column_queue,pending_kind
mw4,north,3,1.0,128.500,129.500,walk,830,2601,0.5240,0,1,0,0
mw4,north,3,2.0,128.500,130.500,walk,863,2601,0.5871,0,1,0,0
mw4,north,3,3.0,128.500,131.500,walk,896,2601,0.5011,0,1,0,0
mw4,north,3,4.0,128.500,132.500,walk,929,2601,0.5484,0,1,0,0
mw4,north,3,5.0,128.500,133.500,walk,947,2601,0.5657,0,1,0,0
mw4,north,3,6.0,128.500,134.500,walk,957,2601,0.5642,0,1,0,0
mw4,north,3,7.0,128.500,135.500,walk,963,2601,0.5257,0,1,0,0
mw4,north,3,8.0,128.500,136.500,walk,967,2601,0.5700,51,1,0,0
mw4,north,3,9.0,128.500,137.500,walk,969,2581,3.9336,20,0,0,0
mw4,north,3,10.0,128.500,138.500,walk,971,2601,2.4635,0,0,0,0
mw4,north,3,11.0,128.500,139.500,walk,973,2601,0.6749,0,1,0,0
mw4,north,3,12.0,128.500,140.500,walk,975,2601,0.5950,0,1,0,0
mw4,north,3,13.0,128.500,141.500,walk,975,2601,0.5888,0,1,0,0
mw4,north,3,14.0,128.500,142.500,walk,975,2601,0.5399,0,1,0,0
mw4,north,3,15.0,128.500,143.500,walk,975,2601,0.6373,0,1,0,0
mw4,north,3,16.0,128.500,144.500,walk,975,2601,0.5463,51,1,0,0
mw4,north,3,17.0,128.500,145.500,walk,975,2581,3.7884,20,0,0,0
mw4,north,3,18.0,128.500,146.500,walk,975,2601,2.1694,0,0,0,0
mw4,north,3,19.0,128.500,147.500,walk,975,2601,0.5683,0,0,0,0
mw4,north,3,20.0,128.500,148.500,walk,975,2601,0.5869,0,1,0,0
mw4,north,3,21.0,128.500,149.500,walk,975,2601,0.6416,0,1,0,0
mw4,north,3,22.0,128.500,150.500,walk,975,2601,0.5598,0,1,0,0
mw4,north,3,23.0,128.500,151.500,walk,975,2601,0.7517,0,1,0,0
mw4,north,3,24.0,128.500,152.500,walk,975,2601,0.8233,51,1,0,0
mw4,north,3,25.0,128.500,153.500,walk,975,2579,3.7283,22,0,0,0
mw4,north,3,26.0,128.500,154.500,walk,975,2601,2.4881,0,0,0,0
mw4,north,3,27.0,128.500,155.500,walk,975,2601,0.6766,0,1,0,0
mw4,north,3,28.0,128.500,156.500,walk,975,2601,0.6735,0,1,0,0
mw4,north,3,29.0,128.500,157.500,walk,975,2601,0.5495,0,1,0,0
mw4,north,3,30.0,128.500,158.500,walk,975,2601,0.5295,0,1,0,0
mw4,north,3,31.0,128.500,159.500,walk,975,2601,0.5192,0,1,0,0
mw4,north,3,32.0,128.500,160.500,walk,975,2601,0.5189,51,1,0,0
mw4,north,3,33.0,128.500,161.500,walk,975,2581,3.9717,20,1,0,0
mw4,north,3,34.0,128.500,162.500,walk,975,2601,2.6023,0,0,0,0
mw4,north,3,35.0,128.500,163.500,walk,975,2601,0.8225,0,1,0,0
mw4,north,3,36.0,128.500,164.500,walk,975,2601,0.5763,0,1,0,0
mw4,north,3,37.0,128.500,165.500,walk,975,2601,0.5509,0,1,0,0
mw4,north,3,38.0,128.500,166.500,walk,975,2601,0.5994,0,1,0,0
mw4,north,3,39.0,128.500,167.500,walk,975,2601,0.5378,0,1,0,0
mw4,north,3,40.0,128.500,168.500,walk,975,2601,0.5167,51,1,0,0
mw4,north,3,41.0,128.500,169.500,walk,975,2579,3.7475,22,0,0,0
mw4,north,3,42.0,128.500,170.500,walk,975,2601,2.6787,0,0,0,0
mw4,north,3,43.0,128.500,171.500,walk,975,2601,0.6146,0,1,0,0
mw4,north,3,44.0,128.500,172.500,walk,975,2601,0.5907,0,1,0,0
mw4,north,3,45.0,128.500,173.500,walk,975,2601,0.5352,0,1,0,0
mw4,north,3,46.0,128.500,174.500,walk,975,2601,0.5186,0,1,0,0
mw4,north,3,47.0,128.500,175.500,walk,975,2601,0.5120,0,1,0,0
mw4,north,3,48.0,128.500,176.500,walk,975,2601,0.5063,51,1,0,0
mw4,north,3,49.0,128.500,177.500,walk,975,2580,3.5610,21,0,0,0
mw4,north,3,50.0,128.500,178.500,walk,975,2601,2.6451,0,0,0,0
mw4,north,3,51.0,128.500,179.500,walk,975,2601,1.0764,0,1,0,0
mw4,north,3,52.0,128.500,180.500,walk,975,2601,0.6166,0,1,0,0
mw4,north,3,53.0,128.500,181.500,walk,975,2601,0.5797,0,1,0,0
mw4,north,3,54.0,128.500,182.500,walk,975,2601,0.6101,0,1,0,0
mw4,north,3,55.0,128.500,183.500,walk,975,2601,0.5212,0,1,0,0
mw4,north,3,56.0,128.500,184.500,walk,975,2601,0.5118,51,1,0,0
mw4,north,3,57.0,128.500,185.500,walk,975,2581,3.9378,20,0,0,0
mw4,north,3,58.0,128.500,186.500,walk,975,2601,2.4478,0,0,0,0
mw4,north,3,59.0,128.500,187.500,walk,975,2601,0.5838,0,0,0,0
mw4,north,3,60.0,128.500,188.500,walk,975,2601,0.5924,0,1,0,0
mw4,north,3,61.0,128.500,189.500,walk,975,2601,0.6447,0,1,0,0
mw4,north,3,62.0,128.500,190.500,walk,975,2601,0.5935,0,1,0,0
mw4,north,3,63.0,128.500,191.500,walk,975,2601,0.9958,0,1,0,0
mw4,north,3,64.0,128.500,192.500,walk,975,2601,0.6409,51,1,0,0
mw4,north,3,66.0,128.500,194.500,sprint,973,2581,4.0078,20,1,0,0
mw4,north,3,68.0,128.500,196.500,sprint,971,2601,2.4760,0,0,0,0
mw4,north,3,70.0,128.500,198.500,sprint,969,2601,3.2059,0,1,0,0
mw4,north,3,72.0,128.500,200.500,sprint,967,2601,0.7335,51,1,0,0
mw4,north,3,74.0,128.500,202.500,sprint,965,2581,3.7021,20,0,0,0
mw4,north,3,76.0,128.500,204.500,sprint,963,2601,2.6874,0,0,0,0
mw4,north,3,78.0,128.500,206.500,sprint,963,2601,0.6488,0,1,0,0
mw4,north,3,80.0,128.500,208.500,sprint,963,2601,0.6137,51,1,0,0
mw4,north,3,82.0,128.500,210.500,sprint,963,2580,3.7440,21,0,0,0
mw4,north,3,84.0,128.500,212.500,sprint,963,2601,2.3772,0,0,0,0
mw4,north,3,86.0,128.500,214.500,sprint,963,2601,0.5878,0,1,0,0
mw4,north,3,88.0,128.500,216.500,sprint,963,2601,0.5624,51,1,0,0
mw4,north,3,90.0,128.500,218.500,sprint,963,2582,3.9364,19,0,0,0
mw4,north,3,92.0,128.500,220.500,sprint,963,2601,2.3098,0,0,0,0
mw4,north,3,94.0,128.500,222.500,sprint,963,2601,0.8851,0,1,0,0
mw4,north,3,96.0,128.500,224.500,sprint,963,2601,0.7902,51,1,0,0
mw4,north,3,98.0,128.500,226.500,sprint,963,2579,3.7072,22,0,0,0
mw4,north,3,100.0,128.500,228.500,sprint,963,2601,2.4807,0,0,0,0
mw4,north,3,102.0,128.500,230.500,sprint,963,2601,0.6085,0,1,0,0
mw4,north,3,104.0,128.500,232.500,sprint,963,2601,0.5894,51,1,0,0
mw4,north,3,106.0,128.500,234.500,sprint,963,2582,3.8742,19,0,0,0
mw4,north,3,108.0,128.500,236.500,sprint,963,2601,2.3487,0,0,0,0
mw4,north,3,110.0,128.500,238.500,sprint,963,2601,0.6110,0,0,0,0
mw4,north,3,112.0,128.500,240.500,sprint,963,2601,0.5967,51,1,0,0
mw4,north,3,114.0,128.500,242.500,sprint,963,2579,3.8303,22,0,0,0
mw4,north,3,116.0,128.500,244.500,sprint,963,2601,2.5010,0,0,0,0
mw4,north,3,118.0,128.500,246.500,sprint,963,2601,0.6401,0,1,0,0
mw4,north,3,120.0,128.500,248.500,sprint,963,2601,0.5984,51,1,0,0
mw4,north,3,122.0,128.500,250.500,sprint,963,2582,3.7614,19,0,0,0
mw4,north,3,124.0,128.500,252.500,sprint,963,2601,2.2677,0,0,0,0
mw4,north,3,126.0,128.500,254.500,sprint,963,2601,0.6177,0,0,0,0
mw4,north,3,128.0,128.500,256.500,sprint,963,2601,0.5795,51,1,0,0
mw4,north,3,132.0,128.500,260.500,free_fly,961,2580,4.1722,21,0,0,0
mw4,north,3,136.0,128.500,264.500,free_fly,959,2601,2.5237,51,0,0,0
mw4,north,3,140.0,128.500,268.500,free_fly,957,2579,3.9659,22,0,0,0
mw4,north,3,144.0,128.500,272.500,free_fly,957,2601,2.4425,51,0,0,0
mw4,north,3,148.0,128.500,276.500,free_fly,957,2582,3.9610,19,0,0,0
mw4,north,3,152.0,128.500,280.500,free_fly,957,2601,2.5872,51,0,0,0
mw4,north,3,156.0,128.500,284.500,free_fly,957,2580,3.9136,21,0,0,0
mw4,north,3,160.0,128.500,288.500,free_fly,957,2601,2.3683,51,0,0,0
mw4,north,3,164.0,128.500,292.500,free_fly,957,2580,3.8917,21,0,0,0
mw4,north,3,168.0,128.500,296.500,free_fly,957,2601,2.5472,51,0,0,0
mw4,north,3,172.0,128.500,300.500,free_fly,957,2580,4.2640,21,1,0,0
mw4,north,3,176.0,128.500,304.500,free_fly,957,2601,2.8958,51,0,0,0
mw4,north,3,180.0,128.500,308.500,free_fly,957,2582,4.2184,19,0,0,0
mw4,north,3,184.0,128.500,312.500,free_fly,957,2601,2.3284,51,0,0,0
mw4,north,3,188.0,128.500,316.500,free_fly,957,2580,3.7653,21,0,0,0
mw4,north,3,192.0,128.500,320.500,free_fly,957,2601,2.5189,51,0,0,0
mw4,north,3,196.0,128.500,324.500,free_fly,957,2577,3.9759,24,0,0,0
mw4,north,3,200.0,128.500,328.500,free_fly,957,2601,2.7672,51,0,0,0
mw4,north,3,204.0,128.500,332.500,free_fly,957,2578,3.7425,23,0,0,0
mw4,north,3,208.0,128.500,336.500,free_fly,957,2601,2.8607,51,0,0,0
mw4,north,3,212.0,128.500,340.500,free_fly,957,2578,3.9782,23,0,0,0
mw4,north,3,216.0,128.500,344.500,free_fly,957,2601,2.9564,51,0,0,0
mw4,north,3,220.0,128.500,348.500,free_fly,957,2581,4.0144,20,0,0,0
mw4,north,3,224.0,128.500,352.500,free_fly,957,2601,2.5009,51,0,0,0
mw4,north,3,228.0,128.500,356.500,free_fly,957,2579,3.8965,22,0,0,0
mw4,north,3,232.0,128.500,360.500,free_fly,957,2601,2.6756,51,0,0,0
mw4,north,3,236.0,128.500,364.500,free_fly,957,2578,3.9586,23,0,0,0
mw4,north,3,240.0,128.500,368.500,free_fly,957,2601,2.8490,51,0,0,0
mw4,north,3,244.0,128.500,372.500,free_fly,957,2580,4.1412,21,1,0,0
mw4,north,3,248.0,128.500,376.500,free_fly,957,2601,2.6121,51,0,0,0
mw4,north,3,252.0,128.500,380.500,free_fly,957,2579,4.1923,22,0,0,0
mw4,north,3,256.0,128.500,384.500,free_fly,957,2601,2.9613,51,0,0,0
mw4,north,3,260.0,128.500,388.500,free_fly,957,2580,3.9904,21,0,0,0
mw4,north,3,264.0,128.500,392.500,free_fly,957,2601,2.4379,51,0,0,0
mw4,north,3,268.0,128.500,396.500,free_fly,957,2576,3.7616,25,0,0,0
mw4,north,3,272.0,128.500,400.500,free_fly,957,2601,3.0238,51,0,0,0
mw4,north,3,276.0,128.500,404.500,free_fly,957,2578,4.1056,23,1,0,0
mw4,north,3,280.0,128.500,408.500,free_fly,957,2601,2.6554,51,0,0,0
mw4,north,3,284.0,128.500,412.500,free_fly,957,2579,3.7206,22,0,0,0
mw4,north,3,288.0,128.500,416.500,free_fly,957,2601,2.5194,51,0,0,0
mw4,north,3,292.0,128.500,420.500,free_fly,957,2581,4.3077,20,0,0,0
mw4,north,3,296.0,128.500,424.500,free_fly,957,2601,2.6567,51,0,0,0
mw4,north,3,300.0,128.500,428.500,free_fly,957,2578,3.7888,23,0,0,0
mw4,north,3,304.0,128.500,432.500,free_fly,957,2601,2.6597,51,0,0,0
mw4,north,3,308.0,128.500,436.500,free_fly,957,2580,4.0636,21,0,0,0
mw4,north,3,312.0,128.500,440.500,free_fly,957,2601,2.6370,51,0,0,0
mw4,north,3,316.0,128.500,444.500,free_fly,957,2578,3.9546,23,0,0,0
mw4,north,3,320.0,128.500,448.500,free_fly,957,2601,2.7502,51,0,0,0
mw4,north,3,324.0,128.500,452.500,free_fly,957,2577,3.7681,24,0,0,0
mw4,north,3,328.0,128.500,456.500,free_fly,957,2601,2.6405,51,0,0,0
mw4,north,3,332.0,128.500,460.500,free_fly,957,2581,4.3737,20,0,0,0
mw4,north,3,336.0,128.500,464.500,free_fly,957,2601,2.5109,51,0,0,0
mw4,north,3,340.0,128.500,468.500,free_fly,957,2582,4.1660,19,0,0,0
mw4,north,3,344.0,128.500,472.500,free_fly,957,2601,2.3158,51,0,0,0
mw4,north,3,348.0,128.500,476.500,free_fly,957,2581,3.5437,20,0,0,0
mw4,north,3,352.0,128.500,480.500,free_fly,957,2601,2.4154,51,0,0,0
mw4,north,3,356.0,128.500,484.500,free_fly,957,2577,4.0424,24,0,0,0
mw4,north,3,360.0,128.500,488.500,free_fly,957,2601,2.9396,51,0,0,0
mw4,north,3,364.0,128.500,492.500,free_fly,957,2577,3.6963,24,0,0,0
mw4,north,3,368.0,128.500,496.500,free_fly,957,2601,2.8789,51,0,0,0
mw4,north,3,372.0,128.500,500.500,free_fly,957,2580,4.1707,21,0,0,0
mw4,north,3,376.0,128.500,504.500,free_fly,957,2601,2.6428,51,0,0,0
mw4,north,3,380.0,128.500,508.500,free_fly,957,2581,3.7236,20,0,0,0
mw4,north,3,384.0,128.500,512.500,free_fly,957,2601,2.4578,51,0,0,0
mw4,north,3,388.0,128.500,516.500,free_fly,957,2576,3.8353,25,0,0,0
mw4,north,3,392.0,128.500,520.500,free_fly,957,2601,2.9709,51,0,0,0
mw4,north,3,396.0,128.500,524.500,free_fly,957,2577,3.8036,24,0,0,0
mw4,north,3,400.0,128.500,528.500,free_fly,957,2601,2.8362,51,0,0,0
mw4,north,3,404.0,128.500,532.500,free_fly,957,2576,4.0106,25,0,0,0
mw4,north,3,408.0,128.500,536.500,free_fly,957,2601,2.7067,51,0,0,0
mw4,north,6,404.0,128.500,532.500,free_fly,957,2601,0.8820,51,1,0,0
mw4,north,6,400.0,128.500,528.500,free_fly,957,2582,3.4827,19,0,0,0
mw4,north,6,396.0,128.500,524.500,free_fly,957,2601,2.3317,51,0,0,0
mw4,north,6,392.0,128.500,520.500,free_fly,957,2581,4.1885,20,1,0,0
mw4,north,6,388.0,128.500,516.500,free_fly,957,2601,2.5236,51,0,0,0
mw4,north,6,384.0,128.500,512.500,free_fly,957,2580,3.6096,21,0,0,0
mw4,north,6,380.0,128.500,508.500,free_fly,957,2601,2.5021,51,0,0,0
mw4,north,6,376.0,128.500,504.500,free_fly,957,2581,3.6174,20,0,0,0
mw4,north,6,372.0,128.500,500.500,free_fly,957,2601,2.3053,51,0,0,0
mw4,north,6,368.0,128.500,496.500,free_fly,957,2573,3.6561,28,0,0,0
mw4,north,6,364.0,128.500,492.500,free_fly,957,2601,3.2419,51,0,0,0
mw4,north,6,360.0,128.500,488.500,free_fly,957,2578,3.4626,23,0,0,0
mw4,north,6,356.0,128.500,484.500,free_fly,957,2601,2.7494,51,0,0,0
mw4,north,6,352.0,128.500,480.500,free_fly,957,2580,3.7670,21,0,0,0
mw4,north,6,348.0,128.500,476.500,free_fly,957,2601,2.7673,51,0,0,0
mw4,north,6,344.0,128.500,472.500,free_fly,957,2581,3.8279,20,0,0,0
mw4,north,6,340.0,128.500,468.500,free_fly,957,2601,2.3354,51,0,0,0
mw4,north,6,336.0,128.500,464.500,free_fly,957,2578,3.6167,23,0,0,0
mw4,north,6,332.0,128.500,460.500,free_fly,957,2601,2.6559,51,0,0,0
mw4,north,6,328.0,128.500,456.500,free_fly,957,2578,3.7100,23,0,0,0
mw4,north,6,324.0,128.500,452.500,free_fly,957,2601,2.7556,51,0,0,0
mw4,north,6,320.0,128.500,448.500,free_fly,957,2582,3.6076,19,0,0,0
mw4,north,6,316.0,128.500,444.500,free_fly,957,2601,2.2706,51,0,0,0
mw4,north,6,312.0,128.500,440.500,free_fly,957,2583,3.5156,18,0,0,0
mw4,north,6,308.0,128.500,436.500,free_fly,957,2601,2.0135,51,0,0,0
mw4,north,6,304.0,128.500,432.500,free_fly,957,2577,3.6642,24,0,0,0
mw4,north,6,300.0,128.500,428.500,free_fly,957,2601,2.7487,51,0,0,0
mw4,north,6,296.0,128.500,424.500,free_fly,957,2581,3.6922,20,0,0,0
mw4,north,6,292.0,128.500,420.500,free_fly,957,2601,2.1864,51,0,0,0
mw4,north,6,288.0,128.500,416.500,free_fly,957,2583,3.4300,18,0,0,0
mw4,north,6,284.0,128.500,412.500,free_fly,957,2601,2.5731,51,0,0,0
mw4,north,6,280.0,128.500,408.500,free_fly,957,2581,3.7713,20,0,0,0
mw4,north,6,276.0,128.500,404.500,free_fly,957,2601,2.3723,51,0,0,0
mw4,north,6,272.0,128.500,400.500,free_fly,957,2581,3.4454,20,0,0,0
mw4,north,6,268.0,128.500,396.500,free_fly,957,2601,2.1330,51,0,0,0
mw4,north,6,264.0,128.500,392.500,free_fly,957,2582,3.8171,19,0,0,0
mw4,north,6,260.0,128.500,388.500,free_fly,957,2601,2.6370,51,0,0,0
mw4,north,6,256.0,128.500,384.500,free_fly,957,2583,3.6472,18,0,0,0
mw4,north,6,252.0,128.500,380.500,free_fly,957,2601,2.0351,51,0,0,0
mw4,north,6,248.0,128.500,376.500,free_fly,957,2583,3.7572,18,0,0,0
mw4,north,6,244.0,128.500,372.500,free_fly,957,2601,2.0302,51,0,0,0
mw4,north,6,240.0,128.500,368.500,free_fly,957,2578,3.8311,23,0,0,0
mw4,north,6,236.0,128.500,364.500,free_fly,957,2601,2.9060,51,0,0,0
mw4,north,6,232.0,128.500,360.500,free_fly,957,2582,3.8295,19,0,0,0
mw4,north,6,228.0,128.500,356.500,free_fly,957,2601,2.2305,51,0,0,0
mw4,north,6,224.0,128.500,352.500,free_fly,957,2582,3.4536,19,0,0,0
mw4,north,6,220.0,128.500,348.500,free_fly,957,2601,2.3893,51,0,0,0
mw4,north,6,216.0,128.500,344.500,free_fly,957,2582,3.7821,19,0,0,0
mw4,north,6,212.0,128.500,340.500,free_fly,957,2601,2.1844,51,0,0,0
mw4,north,6,208.0,128.500,336.500,free_fly,957,2580,3.4875,21,0,0,0
mw4,north,6,204.0,128.500,332.500,free_fly,957,2601,2.1516,51,0,0,0
mw4,north,6,200.0,128.500,328.500,free_fly,957,2583,3.4829,18,0,0,0
mw4,north,6,196.0,128.500,324.500,free_fly,957,2601,2.0841,51,0,0,0
mw4,north,6,192.0,128.500,320.500,free_fly,957,2580,3.5615,21,0,0,0
mw4,north,6,188.0,128.500,316.500,free_fly,957,2601,2.3192,51,0,0,0
mw4,north,6,184.0,128.500,312.500,free_fly,957,2583,3.4467,18,0,0,0
mw4,north,6,180.0,128.500,308.500,free_fly,957,2601,2.0931,51,0,0,0
mw4,north,6,176.0,128.500,304.500,free_fly,957,2583,3.6575,18,0,0,0
mw4,north,6,172.0,128.500,300.500,free_fly,957,2601,2.0860,51,0,0,0
mw4,north,6,168.0,128.500,296.500,free_fly,957,2580,3.4920,21,0,0,0
mw4,north,6,164.0,128.500,292.500,free_fly,957,2601,2.3659,51,0,0,0
mw4,north,6,160.0,128.500,288.500,free_fly,957,2584,3.6818,17,0,0,0
mw4,north,6,156.0,128.500,284.500,free_fly,957,2601,2.2639,51,0,0,0
mw4,north,6,152.0,128.500,280.500,free_fly,957,2583,3.3978,18,0,0,0
mw4,north,6,148.0,128.500,276.500,free_fly,957,2601,2.1715,51,0,0,0
mw4,north,6,144.0,128.500,272.500,free_fly,957,2583,3.6812,18,0,0,0
mw4,north,6,140.0,128.500,268.500,free_fly,957,2601,2.1931,51,0,0,0
mw4,north,6,136.0,128.500,264.500,free_fly,957,2582,3.4150,19,0,0,0
mw4,north,6,132.0,128.500,260.500,free_fly,957,2601,2.2063,51,0,0,0
mw4,north,6,128.0,128.500,256.500,free_fly,957,2583,3.4377,18,0,0,0
mw4,north,6,126.0,128.500,254.500,sprint,957,2601,2.1978,51,0,0,0
mw4,north,6,124.0,128.500,252.500,sprint,959,2581,3.7158,20,0,0,0
mw4,north,6,122.0,128.500,250.500,sprint,959,2601,2.3787,0,0,0,0
mw4,north,6,120.0,128.500,248.500,sprint,961,2601,0.6064,0,1,0,0
mw4,north,6,118.0,128.500,246.500,sprint,961,2601,0.7219,51,1,0,0
mw4,north,6,116.0,128.500,244.500,sprint,963,2584,3.7777,17,0,0,0
mw4,north,6,114.0,128.500,242.500,sprint,963,2601,2.0216,0,0,0,0
mw4,north,6,112.0,128.500,240.500,sprint,963,2601,0.5874,0,0,0,0
mw4,north,6,110.0,128.500,238.500,sprint,963,2601,0.6141,51,1,0,0
mw4,north,6,108.0,128.500,236.500,sprint,963,2582,3.7842,19,0,0,0
mw4,north,6,106.0,128.500,234.500,sprint,963,2601,2.2642,0,0,0,0
mw4,north,6,104.0,128.500,232.500,sprint,963,2601,0.6300,0,1,0,0
mw4,north,6,102.0,128.500,230.500,sprint,963,2601,0.5839,51,1,0,0
mw4,north,6,100.0,128.500,228.500,sprint,963,2583,3.9122,18,0,0,0
mw4,north,6,98.0,128.500,226.500,sprint,963,2601,2.3033,0,0,0,0
mw4,north,6,96.0,128.500,224.500,sprint,963,2601,0.6219,0,0,0,0
mw4,north,6,94.0,128.500,222.500,sprint,963,2601,0.6029,51,1,0,0
mw4,north,6,92.0,128.500,220.500,sprint,963,2582,3.9177,19,0,0,0
mw4,north,6,90.0,128.500,218.500,sprint,963,2601,2.4248,0,0,0,0
mw4,north,6,88.0,128.500,216.500,sprint,963,2601,0.6993,0,1,0,0
mw4,north,6,86.0,128.500,214.500,sprint,963,2601,0.6095,51,1,0,0
mw4,north,6,84.0,128.500,212.500,sprint,963,2583,3.6831,18,0,0,0
mw4,north,6,82.0,128.500,210.500,sprint,963,2601,2.1634,0,0,0,0
mw4,north,6,80.0,128.500,208.500,sprint,963,2601,0.5911,0,1,0,0
mw4,north,6,78.0,128.500,206.500,sprint,963,2601,0.6654,51,1,0,0
mw4,north,6,76.0,128.500,204.500,sprint,963,2584,3.7434,17,0,0,0
mw4,north,6,74.0,128.500,202.500,sprint,963,2601,2.2454,0,0,0,0
mw4,north,6,72.0,128.500,200.500,sprint,963,2601,0.6891,0,1,0,0
mw4,north,6,70.0,128.500,198.500,sprint,963,2601,0.6764,51,1,0,0
mw4,north,6,68.0,128.500,196.500,sprint,963,2584,3.4950,17,0,0,0
mw4,north,6,66.0,128.500,194.500,sprint,963,2601,2.1312,0,0,0,0
mw4,north,6,64.0,128.500,192.500,sprint,963,2601,0.7061,0,1,0,0
mw4,north,6,63.0,128.500,191.500,walk,963,2601,0.5905,51,1,0,0
mw4,north,6,62.0,128.500,190.500,walk,965,2584,3.7330,17,0,0,0
mw4,north,6,61.0,128.500,189.500,walk,965,2601,2.0848,0,0,0,0
mw4,north,6,60.0,128.500,188.500,walk,967,2601,0.5919,0,0,0,0
mw4,north,6,59.0,128.500,187.500,walk,967,2601,0.6172,0,1,0,0
mw4,north,6,58.0,128.500,186.500,walk,969,2601,0.6244,0,1,0,0
mw4,north,6,57.0,128.500,185.500,walk,969,2601,0.6137,0,1,0,0
mw4,north,6,56.0,128.500,184.500,walk,971,2601,1.1066,0,1,0,0
mw4,north,6,55.0,128.500,183.500,walk,971,2601,0.6166,51,1,0,0
mw4,north,6,54.0,128.500,182.500,walk,973,2581,3.4527,20,0,0,0
mw4,north,6,53.0,128.500,181.500,walk,973,2601,2.3449,0,0,0,0
mw4,north,6,52.0,128.500,180.500,walk,975,2601,0.7015,0,0,0,0
mw4,north,6,51.0,128.500,179.500,walk,975,2601,0.6413,0,1,0,0
mw4,north,6,50.0,128.500,178.500,walk,975,2601,0.6299,0,1,0,0
mw4,north,6,49.0,128.500,177.500,walk,975,2601,0.6150,0,1,0,0
mw4,north,6,48.0,128.500,176.500,walk,975,2601,0.5355,0,1,0,0
mw4,north,6,47.0,128.500,175.500,walk,975,2601,0.5167,51,1,0,0
mw4,north,6,46.0,128.500,174.500,walk,975,2583,3.5602,18,0,0,0
mw4,north,6,45.0,128.500,173.500,walk,975,2601,2.2296,0,0,0,0
mw4,north,6,44.0,128.500,172.500,walk,975,2601,0.7200,0,1,0,0
mw4,north,6,43.0,128.500,171.500,walk,975,2601,0.6252,0,1,0,0
mw4,north,6,42.0,128.500,170.500,walk,975,2601,0.6286,0,1,0,0
mw4,north,6,41.0,128.500,169.500,walk,975,2601,0.5868,0,1,0,0
mw4,north,6,40.0,128.500,168.500,walk,975,2601,0.5147,0,1,0,0
mw4,north,6,39.0,128.500,167.500,walk,975,2601,0.5087,51,1,0,0
mw4,north,6,38.0,128.500,166.500,walk,975,2583,3.8313,18,0,0,0
mw4,north,6,37.0,128.500,165.500,walk,975,2601,2.2477,0,0,0,0
mw4,north,6,36.0,128.500,164.500,walk,975,2601,0.6146,0,0,0,0
mw4,north,6,35.0,128.500,163.500,walk,975,2601,0.5423,0,1,0,0
mw4,north,6,34.0,128.500,162.500,walk,975,2601,0.5248,0,1,0,0
mw4,north,6,33.0,128.500,161.500,walk,975,2601,0.5285,0,1,0,0
mw4,north,6,32.0,128.500,160.500,walk,975,2601,0.5159,0,1,0,0
mw4,north,6,31.0,128.500,159.500,walk,975,2601,0.5178,51,1,0,0
mw4,north,6,30.0,128.500,158.500,walk,975,2582,3.6939,19,0,0,0
mw4,north,6,29.0,128.500,157.500,walk,975,2601,2.3760,0,0,0,0
mw4,north,6,28.0,128.500,156.500,walk,975,2601,0.6212,0,1,0,0
mw4,north,6,27.0,128.500,155.500,walk,975,2601,0.6228,0,1,0,0
mw4,north,6,26.0,128.500,154.500,walk,975,2601,0.5989,0,1,0,0
mw4,north,6,25.0,128.500,153.500,walk,975,2601,0.5809,0,1,0,0
mw4,north,6,24.0,128.500,152.500,walk,975,2601,0.5624,0,1,0,0
mw4,north,6,23.0,128.500,151.500,walk,975,2601,0.5321,51,1,0,0
mw4,north,6,22.0,128.500,150.500,walk,975,2583,3.7999,18,0,0,0
mw4,north,6,21.0,128.500,149.500,walk,975,2601,2.1522,0,0,0,0
mw4,north,6,20.0,128.500,148.500,walk,975,2601,0.6232,0,1,0,0
mw4,north,6,19.0,128.500,147.500,walk,975,2601,0.6391,0,1,0,0
mw4,north,6,18.0,128.500,146.500,walk,975,2601,0.5833,0,1,0,0
mw4,north,6,17.0,128.500,145.500,walk,975,2601,0.5511,0,1,0,0
mw4,north,6,16.0,128.500,144.500,walk,975,2601,0.5910,0,1,0,0
mw4,north,6,15.0,128.500,143.500,walk,975,2601,0.5857,51,1,0,0
mw4,north,6,14.0,128.500,142.500,walk,975,2577,3.5256,24,0,0,0
mw4,north,6,13.0,128.500,141.500,walk,975,2601,2.5520,0,0,0,0
mw4,north,6,12.0,128.500,140.500,walk,975,2601,0.5732,0,0,0,0
mw4,north,6,11.0,128.500,139.500,walk,975,2601,0.5853,0,1,0,0
mw4,north,6,10.0,128.500,138.500,walk,975,2601,0.5898,0,1,0,0
mw4,north,6,9.0,128.500,137.500,walk,975,2601,0.5302,0,1,0,0
mw4,north,6,8.0,128.500,136.500,walk,975,2601,0.5120,0,1,0,0
mw4,north,6,7.0,128.500,135.500,walk,975,2601,0.5073,51,1,0,0
mw4,north,6,6.0,128.500,134.500,walk,975,2583,3.7404,18,0,0,0
mw4,north,6,5.0,128.500,133.500,walk,975,2601,2.1508,0,0,0,0
mw4,north,6,4.0,128.500,132.500,walk,975,2601,0.5737,0,0,0,0
mw4,north,6,3.0,128.500,131.500,walk,975,2601,0.6731,0,1,0,0
mw4,north,6,2.0,128.500,130.500,walk,975,2601,0.6144,0,1,0,0
mw4,north,6,1.0,128.500,129.500,walk,975,2601,0.9893,0,1,0,0
mw4,north,6,0.0,128.500,128.500,walk,975,2601,0.7223,0,1,0,0
mw4,east,3,1.0,129.500,128.500,walk,830,2601,0.5579,0,1,0,0
mw4,east,3,2.0,130.500,128.500,walk,863,2601,0.6022,0,1,0,0
mw4,east,3,3.0,131.500,128.500,walk,896,2601,0.6888,0,1,0,0
mw4,east,3,4.0,132.500,128.500,walk,929,2601,0.5764,0,1,0,0
mw4,east,3,5.0,133.500,128.500,walk,947,2601,0.7342,0,1,0,0
mw4,east,3,6.0,134.500,128.500,walk,957,2601,0.5984,0,1,0,0
mw4,east,3,7.0,135.500,128.500,walk,963,2601,0.5854,0,1,0,0
mw4,east,3,8.0,136.500,128.500,walk,967,2601,0.6076,51,1,0,0
mw4,east,3,9.0,137.500,128.500,walk,969,2598,4.1426,3,0,0,0
mw4,east,3,10.0,138.500,128.500,walk,971,2601,1.2855,0,0,0,0
mw4,east,3,11.0,139.500,128.500,walk,973,2601,0.6922,0,1,0,0
mw4,east,3,12.0,140.500,128.500,walk,975,2601,0.6260,0,1,0,0
mw4,east,3,13.0,141.500,128.500,walk,975,2601,0.5711,0,1,0,0
mw4,east,3,14.0,142.500,128.500,walk,975,2601,0.5411,0,1,0,0
mw4,east,3,15.0,143.500,128.500,walk,975,2601,0.5321,0,1,0,0
mw4,east,3,16.0,144.500,128.500,walk,975,2601,0.5246,51,1,0,0
mw4,east,3,17.0,145.500,128.500,walk,975,2598,3.8346,3,0,0,0
mw4,east,3,18.0,146.500,128.500,walk,975,2601,0.7994,0,0,0,0
mw4,east,3,19.0,147.500,128.500,walk,975,2601,0.5617,0,0,0,0
mw4,east,3,20.0,148.500,128.500,walk,975,2601,0.7240,0,1,0,0
mw4,east,3,21.0,149.500,128.500,walk,975,2601,0.6148,0,1,0,0
mw4,east,3,22.0,150.500,128.500,walk,975,2601,0.5873,0,1,0,0
mw4,east,3,23.0,151.500,128.500,walk,975,2601,0.5447,0,1,0,0
mw4,east,3,24.0,152.500,128.500,walk,975,2601,0.5363,51,1,0,0
mw4,east,3,25.0,153.500,128.500,walk,975,2599,4.0786,2,1,0,0
mw4,east,3,26.0,154.500,128.500,walk,975,2601,0.9748,0,0,0,0
mw4,east,3,27.0,155.500,128.500,walk,975,2601,0.7152,0,1,0,0
mw4,east,3,28.0,156.500,128.500,walk,975,2601,0.6018,0,1,0,0
mw4,east,3,29.0,157.500,128.500,walk,975,2601,0.5600,0,1,0,0
mw4,east,3,30.0,158.500,128.500,walk,975,2601,0.5407,0,1,0,0
mw4,east,3,31.0,159.500,128.500,walk,975,2601,0.5381,0,1,0,0
mw4,east,3,32.0,160.500,128.500,walk,975,2601,0.5377,51,1,0,0
mw4,east,3,33.0,161.500,128.500,walk,975,2598,3.6510,3,0,0,0
mw4,east,3,34.0,162.500,128.500,walk,975,2601,0.8686,0,0,0,0
mw4,east,3,35.0,163.500,128.500,walk,975,2601,0.7027,0,1,0,0
mw4,east,3,36.0,164.500,128.500,walk,975,2601,0.6220,0,1,0,0
mw4,east,3,37.0,165.500,128.500,walk,975,2601,0.6009,0,1,0,0
mw4,east,3,38.0,166.500,128.500,walk,975,2601,0.5463,0,1,0,0
mw4,east,3,39.0,167.500,128.500,walk,975,2601,0.5279,0,1,0,0
mw4,east,3,40.0,168.500,128.500,walk,975,2601,0.5255,51,1,0,0
mw4,east,3,41.0,169.500,128.500,walk,975,2598,3.6913,3,0,0,0
mw4,east,3,42.0,170.500,128.500,walk,975,2601,1.1118,0,0,0,0
mw4,east,3,43.0,171.500,128.500,walk,975,2601,0.7705,0,1,0,0
mw4,east,3,44.0,172.500,128.500,walk,975,2601,0.6114,0,1,0,0
mw4,east,3,45.0,173.500,128.500,walk,975,2601,0.6079,0,1,0,0
mw4,east,3,46.0,174.500,128.500,walk,975,2601,0.5438,0,1,0,0
mw4,east,3,47.0,175.500,128.500,walk,975,2601,0.5557,0,1,0,0
mw4,east,3,48.0,176.500,128.500,walk,975,2601,0.5256,51,1,0,0
mw4,east,3,49.0,177.500,128.500,walk,975,2598,3.7563,3,0,0,0
mw4,east,3,50.0,178.500,128.500,walk,975,2601,0.8546,0,0,0,0
mw4,east,3,51.0,179.500,128.500,walk,975,2601,0.6375,0,0,0,0
mw4,east,3,52.0,180.500,128.500,walk,975,2601,0.6588,0,1,0,0
mw4,east,3,53.0,181.500,128.500,walk,975,2601,0.6211,0,1,0,0
mw4,east,3,54.0,182.500,128.500,walk,975,2601,0.5573,0,1,0,0
mw4,east,3,55.0,183.500,128.500,walk,975,2601,0.5429,0,1,0,0
mw4,east,3,56.0,184.500,128.500,walk,975,2601,0.5377,51,1,0,0
mw4,east,3,57.0,185.500,128.500,walk,975,2598,3.7712,3,0,0,0
mw4,east,3,58.0,186.500,128.500,walk,975,2601,1.2091,0,0,0,0
mw4,east,3,59.0,187.500,128.500,walk,975,2601,0.6295,0,1,0,0
mw4,east,3,60.0,188.500,128.500,walk,975,2601,0.7582,0,1,0,0
mw4,east,3,61.0,189.500,128.500,walk,975,2601,0.5915,0,1,0,0
mw4,east,3,62.0,190.500,128.500,walk,975,2601,0.6386,0,1,0,0
mw4,east,3,63.0,191.500,128.500,walk,975,2601,0.5743,0,1,0,0
mw4,east,3,64.0,192.500,128.500,walk,975,2601,0.5669,51,1,0,0
mw4,east,3,66.0,194.500,128.500,sprint,973,2597,3.5484,4,0,0,0
mw4,east,3,68.0,196.500,128.500,sprint,971,2601,0.8109,0,0,0,0
mw4,east,3,70.0,198.500,128.500,sprint,969,2601,0.5993,0,0,0,0
mw4,east,3,72.0,200.500,128.500,sprint,967,2601,0.5784,51,1,0,0
mw4,east,3,74.0,202.500,128.500,sprint,965,2598,3.6901,3,0,0,0
mw4,east,3,76.0,204.500,128.500,sprint,963,2601,0.7732,0,0,0,0
mw4,east,3,78.0,206.500,128.500,sprint,963,2601,0.5726,0,1,0,0
mw4,east,3,80.0,208.500,128.500,sprint,963,2601,0.5963,51,1,0,0
mw4,east,3,82.0,210.500,128.500,sprint,963,2599,3.8048,2,1,0,0
mw4,east,3,84.0,212.500,128.500,sprint,963,2601,0.7376,0,0,0,0
mw4,east,3,86.0,214.500,128.500,sprint,963,2601,0.6495,0,1,0,0
mw4,east,3,88.0,216.500,128.500,sprint,963,2601,0.6118,51,1,0,0
mw4,east,3,90.0,218.500,128.500,sprint,963,2599,3.7510,2,0,0,0
mw4,east,3,92.0,220.500,128.500,sprint,963,2601,0.7614,0,0,0,0
mw4,east,3,94.0,222.500,128.500,sprint,963,2601,0.6366,0,1,0,0
mw4,east,3,96.0,224.500,128.500,sprint,963,2601,0.6405,51,1,0,0
mw4,east,3,98.0,226.500,128.500,sprint,963,2600,3.7697,1,0,0,0
mw4,east,3,100.0,228.500,128.500,sprint,963,2601,0.7764,0,0,0,0
mw4,east,3,102.0,230.500,128.500,sprint,963,2601,0.7175,0,1,0,0
mw4,east,3,104.0,232.500,128.500,sprint,963,2601,0.7044,51,1,0,0
mw4,east,3,106.0,234.500,128.500,sprint,963,2598,3.8525,3,1,0,0
mw4,east,3,108.0,236.500,128.500,sprint,963,2601,0.7821,0,0,0,0
mw4,east,3,110.0,238.500,128.500,sprint,963,2601,0.5825,0,1,0,0
mw4,east,3,112.0,240.500,128.500,sprint,963,2601,0.6566,51,1,0,0
mw4,east,3,114.0,242.500,128.500,sprint,963,2600,3.7295,1,0,0,0
mw4,east,3,116.0,244.500,128.500,sprint,963,2601,0.7463,0,0,0,0
mw4,east,3,118.0,246.500,128.500,sprint,963,2601,0.6308,0,1,0,0
mw4,east,3,120.0,248.500,128.500,sprint,963,2601,0.6305,51,1,0,0
mw4,east,3,122.0,250.500,128.500,sprint,963,2598,3.7324,3,0,0,0
mw4,east,3,124.0,252.500,128.500,sprint,963,2601,0.7804,0,0,0,0
mw4,east,3,126.0,254.500,128.500,sprint,963,2601,0.6588,0,0,0,0
mw4,east,3,128.0,256.500,128.500,sprint,963,2601,0.7733,51,1,0,0
mw4,east,3,132.0,260.500,128.500,free_fly,961,2598,3.7813,3,0,0,0
mw4,east,3,136.0,264.500,128.500,free_fly,959,2601,0.8810,51,0,0,0
mw4,east,3,140.0,268.500,128.500,free_fly,957,2598,3.6878,3,0,0,0
mw4,east,3,144.0,272.500,128.500,free_fly,957,2601,0.8296,51,0,0,0
mw4,east,3,148.0,276.500,128.500,free_fly,957,2598,3.7545,3,0,0,0
mw4,east,3,152.0,280.500,128.500,free_fly,957,2601,0.7958,51,0,0,0
mw4,east,3,156.0,284.500,128.500,free_fly,957,2600,3.9535,1,0,0,0
mw4,east,3,160.0,288.500,128.500,free_fly,957,2601,0.7163,51,0,0,0
mw4,east,3,164.0,292.500,128.500,free_fly,957,2598,3.5393,3,0,0,0
mw4,east,3,168.0,296.500,128.500,free_fly,957,2601,0.8023,51,0,0,0
mw4,east,3,172.0,300.500,128.500,free_fly,957,2598,3.7416,3,0,0,0
mw4,east,3,176.0,304.500,128.500,free_fly,957,2601,0.7885,51,0,0,0
mw4,east,3,180.0,308.500,128.500,free_fly,957,2598,3.7146,3,0,0,0
mw4,east,3,184.0,312.500,128.500,free_fly,957,2601,0.8303,51,0,0,0
mw4,east,3,188.0,316.500,128.500,free_fly,957,2598,3.6252,3,0,0,0
mw4,east,3,192.0,320.500,128.500,free_fly,957,2601,0.8402,51,0,0,0
mw4,east,3,196.0,324.500,128.500,free_fly,957,2598,3.7283,3,0,0,0
mw4,east,3,200.0,328.500,128.500,free_fly,957,2601,0.8245,51,0,0,0
mw4,east,3,204.0,332.500,128.500,free_fly,957,2600,3.7101,1,0,0,0
mw4,east,3,208.0,336.500,128.500,free_fly,957,2601,0.6631,51,0,0,0
mw4,east,3,212.0,340.500,128.500,free_fly,957,2600,4.6378,1,1,0,0
mw4,east,3,216.0,344.500,128.500,free_fly,957,2601,0.9140,51,0,0,0
mw4,east,3,220.0,348.500,128.500,free_fly,957,2599,3.7264,2,0,0,0
mw4,east,3,224.0,352.500,128.500,free_fly,957,2601,0.7429,51,0,0,0
mw4,east,3,228.0,356.500,128.500,free_fly,957,2600,3.7338,1,0,0,0
mw4,east,3,232.0,360.500,128.500,free_fly,957,2601,0.6731,51,0,0,0
mw4,east,3,236.0,364.500,128.500,free_fly,957,2600,3.7940,1,0,0,0
mw4,east,3,240.0,368.500,128.500,free_fly,957,2601,0.7485,51,0,0,0
mw4,east,3,244.0,372.500,128.500,free_fly,957,2597,3.6905,4,0,0,0
mw4,east,3,248.0,376.500,128.500,free_fly,957,2601,0.8948,51,0,0,0
mw4,east,3,252.0,380.500,128.500,free_fly,957,2599,3.6016,2,0,0,0
mw4,east,3,256.0,384.500,128.500,free_fly,957,2601,0.9607,51,0,0,0
mw4,east,3,260.0,388.500,128.500,free_fly,957,2598,3.5551,3,0,0,0
mw4,east,3,264.0,392.500,128.500,free_fly,957,2601,0.7955,51,0,0,0
mw4,east,3,268.0,396.500,128.500,free_fly,957,2598,3.6227,3,0,0,0
mw4,east,3,272.0,400.500,128.500,free_fly,957,2601,0.7932,51,0,0,0
mw4,east,3,276.0,404.500,128.500,free_fly,957,2594,3.6691,7,0,0,0
mw4,east,3,280.0,408.500,128.500,free_fly,957,2601,0.9794,51,0,0,0
mw4,east,3,284.0,412.500,128.500,free_fly,957,2585,4.0669,16,0,0,0
mw4,east,3,288.0,416.500,128.500,free_fly,957,2601,1.8743,51,0,0,0
mw4,east,3,292.0,420.500,128.500,free_fly,957,2599,3.5518,2,0,0,0
mw4,east,3,296.0,424.500,128.500,free_fly,957,2601,0.7197,51,0,0,0
mw4,east,3,300.0,428.500,128.500,free_fly,957,2598,3.7066,3,0,0,0
mw4,east,3,304.0,432.500,128.500,free_fly,957,2601,0.8577,51,0,0,0
mw4,east,3,308.0,436.500,128.500,free_fly,957,2583,4.1101,18,1,0,0
mw4,east,3,312.0,440.500,128.500,free_fly,957,2601,1.9294,51,0,0,0
mw4,east,3,316.0,444.500,128.500,free_fly,957,2600,3.7007,1,0,0,0
mw4,east,3,320.0,448.500,128.500,free_fly,957,2601,0.6562,51,0,0,0
mw4,east,3,324.0,452.500,128.500,free_fly,957,2600,3.6218,1,0,0,0
mw4,east,3,328.0,456.500,128.500,free_fly,957,2601,0.8395,51,0,0,0
mw4,east,3,332.0,460.500,128.500,free_fly,957,2588,3.9070,13,0,0,0
mw4,east,3,336.0,464.500,128.500,free_fly,957,2601,1.3284,51,0,0,0
mw4,east,3,340.0,468.500,128.500,free_fly,957,2582,3.5248,19,0,0,0
mw4,east,3,344.0,472.500,128.500,free_fly,957,2601,1.6027,51,0,0,0
mw4,east,3,348.0,476.500,128.500,free_fly,957,2600,3.7012,1,0,0,0
mw4,east,3,352.0,480.500,128.500,free_fly,957,2601,0.7425,51,0,0,0
mw4,east,3,356.0,484.500,128.500,free_fly,957,2592,3.7064,9,0,0,0
mw4,east,3,360.0,488.500,128.500,free_fly,957,2601,1.4088,51,0,0,0
mw4,east,3,364.0,492.500,128.500,free_fly,957,2582,3.9803,19,0,0,0
mw4,east,3,368.0,496.500,128.500,free_fly,957,2601,1.5967,51,0,0,0
mw4,east,3,372.0,500.500,128.500,free_fly,957,2600,3.7692,1,0,0,0
mw4,east,3,376.0,504.500,128.500,free_fly,957,2601,0.8133,51,0,0,0
mw4,east,3,380.0,508.500,128.500,free_fly,957,2593,3.7007,8,0,0,0
mw4,east,3,384.0,512.500,128.500,free_fly,957,2601,1.3888,51,0,0,0
mw4,east,3,388.0,516.500,128.500,free_fly,957,2583,3.7162,18,0,0,0
mw4,east,3,392.0,520.500,128.500,free_fly,957,2601,2.1592,51,0,0,0
mw4,east,3,396.0,524.500,128.500,free_fly,957,2580,3.6773,21,0,0,0
mw4,east,3,400.0,528.500,128.500,free_fly,957,2601,2.4590,51,0,0,0
mw4,east,3,404.0,532.500,128.500,free_fly,957,2581,3.8404,20,0,0,0
mw4,east,3,408.0,536.500,128.500,free_fly,957,2601,2.2852,51,0,0,0
mw4,east,6,404.0,532.500,128.500,free_fly,957,2601,1.0168,51,1,0,0
mw4,east,6,400.0,528.500,128.500,free_fly,957,2599,3.3456,2,0,0,0
mw4,east,6,396.0,524.500,128.500,free_fly,957,2601,1.0403,51,0,0,0
mw4,east,6,392.0,520.500,128.500,free_fly,957,2597,3.7862,4,0,0,0
mw4,east,6,388.0,516.500,128.500,free_fly,957,2601,0.8893,51,0,0,0
mw4,east,6,384.0,512.500,128.500,free_fly,957,2598,3.8456,3,0,0,0
mw4,east,6,380.0,508.500,128.500,free_fly,957,2601,0.7941,51,0,0,0
mw4,east,6,376.0,504.500,128.500,free_fly,957,2598,3.8232,3,0,0,0
mw4,east,6,372.0,500.500,128.500,free_fly,957,2601,0.8995,51,0,0,0
mw4,east,6,368.0,496.500,128.500,free_fly,957,2598,3.8067,3,0,0,0
mw4,east,6,364.0,492.500,128.500,free_fly,957,2601,0.8209,51,0,0,0
mw4,east,6,360.0,488.500,128.500,free_fly,957,2598,3.7289,3,0,0,0
mw4,east,6,356.0,484.500,128.500,free_fly,957,2601,0.7685,51,0,0,0
mw4,east,6,352.0,480.500,128.500,free_fly,957,2598,4.0332,3,1,0,0
mw4,east,6,348.0,476.500,128.500,free_fly,957,2601,1.0370,51,0,0,0
mw4,east,6,344.0,472.500,128.500,free_fly,957,2595,3.6883,6,0,0,0
mw4,east,6,340.0,468.500,128.500,free_fly,957,2601,0.9691,51,0,0,0
mw4,east,6,336.0,464.500,128.500,free_fly,957,2598,3.5362,3,0,0,0
mw4,east,6,332.0,460.500,128.500,free_fly,957,2601,0.7506,51,0,0,0
mw4,east,6,328.0,456.500,128.500,free_fly,957,2600,3.7197,1,0,0,0
mw4,east,6,324.0,452.500,128.500,free_fly,957,2601,0.6668,51,0,0,0
mw4,east,6,320.0,448.500,128.500,free_fly,957,2600,3.8391,1,0,0,0
mw4,east,6,316.0,444.500,128.500,free_fly,957,2601,0.8851,51,0,0,0
mw4,east,6,312.0,440.500,128.500,free_fly,957,2595,3.7238,6,0,0,0
mw4,east,6,308.0,436.500,128.500,free_fly,957,2601,1.0830,51,0,0,0
mw4,east,6,304.0,432.500,128.500,free_fly,957,2598,3.5312,3,0,0,0
mw4,east,6,300.0,428.500,128.500,free_fly,957,2601,0.7817,51,0,0,0
mw4,east,6,296.0,424.500,128.500,free_fly,957,2600,3.5622,1,0,0,0
mw4,east,6,292.0,420.500,128.500,free_fly,957,2601,0.6560,51,0,0,0
mw4,east,6,288.0,416.500,128.500,free_fly,957,2600,3.6308,1,0,0,0
mw4,east,6,284.0,412.500,128.500,free_fly,957,2601,0.8135,51,0,0,0
mw4,east,6,280.0,408.500,128.500,free_fly,957,2598,3.5682,3,0,0,0
mw4,east,6,276.0,404.500,128.500,free_fly,957,2601,0.7856,51,0,0,0
mw4,east,6,272.0,400.500,128.500,free_fly,957,2599,3.6762,2,0,0,0
mw4,east,6,268.0,396.500,128.500,free_fly,957,2601,0.7180,51,0,0,0
mw4,east,6,264.0,392.500,128.500,free_fly,957,2599,3.7770,2,0,0,0
mw4,east,6,260.0,388.500,128.500,free_fly,957,2601,0.7118,51,0,0,0
mw4,east,6,256.0,384.500,128.500,free_fly,957,2599,3.6406,2,0,0,0
mw4,east,6,252.0,380.500,128.500,free_fly,957,2601,0.7952,51,0,0,0
mw4,east,6,248.0,376.500,128.500,free_fly,957,2582,3.7291,19,0,0,0
mw4,east,6,244.0,372.500,128.500,free_fly,957,2601,2.1949,51,0,0,0
mw4,east,6,240.0,368.500,128.500,free_fly,957,2583,3.6565,18,0,0,0
mw4,east,6,236.0,364.500,128.500,free_fly,957,2601,1.5537,51,0,0,0
mw4,east,6,232.0,360.500,128.500,free_fly,957,2600,3.8916,1,1,0,0
mw4,east,6,228.0,356.500,128.500,free_fly,957,2601,0.7464,51,0,0,0
mw4,east,6,224.0,352.500,128.500,free_fly,957,2598,3.7483,3,0,0,0
mw4,east,6,220.0,348.500,128.500,free_fly,957,2601,0.7970,51,0,0,0
mw4,east,6,216.0,344.500,128.500,free_fly,957,2594,3.7929,7,0,0,0
mw4,east,6,212.0,340.500,128.500,free_fly,957,2601,1.0021,51,0,0,0
mw4,east,6,208.0,336.500,128.500,free_fly,957,2598,3.7154,3,0,0,0
mw4,east,6,204.0,332.500,128.500,free_fly,957,2601,0.7759,51,0,0,0
mw4,east,6,200.0,328.500,128.500,free_fly,957,2598,3.6135,3,0,0,0
mw4,east,6,196.0,324.500,128.500,free_fly,957,2601,0.9498,51,0,0,0
mw4,east,6,192.0,320.500,128.500,free_fly,957,2597,3.8620,4,0,0,0
mw4,east,6,188.0,316.500,128.500,free_fly,957,2601,0.8627,51,0,0,0
mw4,east,6,184.0,312.500,128.500,free_fly,957,2600,3.6531,1,0,0,0
mw4,east,6,180.0,308.500,128.500,free_fly,957,2601,0.6535,51,0,0,0
mw4,east,6,176.0,304.500,128.500,free_fly,957,2599,4.0060,2,0,0,0
mw4,east,6,172.0,300.500,128.500,free_fly,957,2601,1.1409,51,0,0,0
mw4,east,6,168.0,296.500,128.500,free_fly,957,2583,3.8814,18,0,0,0
mw4,east,6,164.0,292.500,128.500,free_fly,957,2601,2.2168,51,0,0,0
mw4,east,6,160.0,288.500,128.500,free_fly,957,2598,3.8191,3,0,0,0
mw4,east,6,156.0,284.500,128.500,free_fly,957,2601,0.7906,51,0,0,0
mw4,east,6,152.0,280.500,128.500,free_fly,957,2598,3.6854,3,0,0,0
mw4,east,6,148.0,276.500,128.500,free_fly,957,2601,1.4187,51,0,0,0
mw4,east,6,144.0,272.500,128.500,free_fly,957,2598,3.8183,3,0,0,0
mw4,east,6,140.0,268.500,128.500,free_fly,957,2601,0.8667,51,0,0,0
mw4,east,6,136.0,264.500,128.500,free_fly,957,2600,3.8849,1,0,0,0
mw4,east,6,132.0,260.500,128.500,free_fly,957,2601,0.7069,51,0,0,0
mw4,east,6,128.0,256.500,128.500,free_fly,957,2599,3.8023,2,0,0,0
mw4,east,6,126.0,254.500,128.500,sprint,957,2601,0.7780,51,0,0,0
mw4,east,6,124.0,252.500,128.500,sprint,959,2594,3.9619,7,0,0,0
mw4,east,6,122.0,250.500,128.500,sprint,959,2601,1.0301,0,0,0,0
mw4,east,6,120.0,248.500,128.500,sprint,961,2601,0.6299,0,1,0,0
mw4,east,6,118.0,246.500,128.500,sprint,961,2601,0.6226,51,1,0,0
mw4,east,6,116.0,244.500,128.500,sprint,963,2598,3.8685,3,0,0,0
mw4,east,6,114.0,242.500,128.500,sprint,963,2601,0.7721,0,0,0,0
mw4,east,6,112.0,240.500,128.500,sprint,963,2601,0.5716,0,0,0,0
mw4,east,6,110.0,238.500,128.500,sprint,963,2601,0.5938,51,1,0,0
mw4,east,6,108.0,236.500,128.500,sprint,963,2598,3.7720,3,0,0,0
mw4,east,6,106.0,234.500,128.500,sprint,963,2601,0.7942,0,0,0,0
mw4,east,6,104.0,232.500,128.500,sprint,963,2601,0.6504,0,1,0,0
mw4,east,6,102.0,230.500,128.500,sprint,963,2601,0.6753,51,1,0,0
mw4,east,6,100.0,228.500,128.500,sprint,963,2586,3.7108,15,0,0,0
mw4,east,6,98.0,226.500,128.500,sprint,963,2601,1.9035,0,0,0,0
mw4,east,6,96.0,224.500,128.500,sprint,963,2601,0.6138,0,1,0,0
mw4,east,6,94.0,222.500,128.500,sprint,963,2601,0.6670,51,1,0,0
mw4,east,6,92.0,220.500,128.500,sprint,963,2598,3.7103,3,0,0,0
mw4,east,6,90.0,218.500,128.500,sprint,963,2601,0.7987,0,0,0,0
mw4,east,6,88.0,216.500,128.500,sprint,963,2601,0.6240,0,1,0,0
mw4,east,6,86.0,214.500,128.500,sprint,963,2601,0.7154,51,1,0,0
mw4,east,6,84.0,212.500,128.500,sprint,963,2598,3.7960,3,0,0,0
mw4,east,6,82.0,210.500,128.500,sprint,963,2601,0.7999,0,0,0,0
mw4,east,6,80.0,208.500,128.500,sprint,963,2601,0.9982,0,1,0,0
mw4,east,6,78.0,206.500,128.500,sprint,963,2601,0.8902,51,1,0,0
mw4,east,6,76.0,204.500,128.500,sprint,963,2596,3.7830,5,0,0,0
mw4,east,6,74.0,202.500,128.500,sprint,963,2601,0.8584,0,0,0,0
mw4,east,6,72.0,200.500,128.500,sprint,963,2601,0.5710,0,0,0,0
mw4,east,6,70.0,198.500,128.500,sprint,963,2601,0.5785,51,1,0,0
mw4,east,6,68.0,196.500,128.500,sprint,963,2598,3.6479,3,0,0,0
mw4,east,6,66.0,194.500,128.500,sprint,963,2601,0.9262,0,0,0,0
mw4,east,6,64.0,192.500,128.500,sprint,963,2601,0.6146,0,1,0,0
mw4,east,6,63.0,191.500,128.500,walk,963,2601,0.6241,51,1,0,0
mw4,east,6,62.0,190.500,128.500,walk,965,2598,4.1178,3,1,0,0
mw4,east,6,61.0,189.500,128.500,walk,965,2601,1.1123,0,0,0,0
mw4,east,6,60.0,188.500,128.500,walk,967,2601,0.6469,0,1,0,0
mw4,east,6,59.0,187.500,128.500,walk,967,2601,0.6245,0,1,0,0
mw4,east,6,58.0,186.500,128.500,walk,969,2601,0.6203,0,1,0,0
mw4,east,6,57.0,185.500,128.500,walk,969,2601,0.5657,0,1,0,0
mw4,east,6,56.0,184.500,128.500,walk,971,2601,0.5515,0,1,0,0
mw4,east,6,55.0,183.500,128.500,walk,971,2601,0.5437,51,1,0,0
mw4,east,6,54.0,182.500,128.500,walk,973,2598,3.7524,3,0,0,0
mw4,east,6,53.0,181.500,128.500,walk,973,2601,0.7548,0,0,0,0
mw4,east,6,52.0,180.500,128.500,walk,975,2601,0.6745,0,0,0,0
mw4,east,6,51.0,179.500,128.500,walk,975,2601,0.6396,0,1,0,0
mw4,east,6,50.0,178.500,128.500,walk,975,2601,0.5896,0,1,0,0
mw4,east,6,49.0,177.500,128.500,walk,975,2601,0.6253,0,1,0,0
mw4,east,6,48.0,176.500,128.500,walk,975,2601,0.5677,0,1,0,0
mw4,east,6,47.0,175.500,128.500,walk,975,2601,0.5375,51,1,0,0
mw4,east,6,46.0,174.500,128.500,walk,975,2598,4.0512,3,1,0,0
mw4,east,6,45.0,173.500,128.500,walk,975,2601,1.2334,0,0,0,0
mw4,east,6,44.0,172.500,128.500,walk,975,2601,0.6804,0,1,0,0
mw4,east,6,43.0,171.500,128.500,walk,975,2601,0.6457,0,1,0,0
mw4,east,6,42.0,170.500,128.500,walk,975,2601,0.5525,0,1,0,0
mw4,east,6,41.0,169.500,128.500,walk,975,2601,0.5354,0,1,0,0
mw4,east,6,40.0,168.500,128.500,walk,975,2601,0.5294,0,1,0,0
mw4,east,6,39.0,167.500,128.500,walk,975,2601,0.5261,51,1,0,0
mw4,east,6,38.0,166.500,128.500,walk,975,2598,3.8542,3,0,0,0
mw4,east,6,37.0,165.500,128.500,walk,975,2601,0.7910,0,0,0,0
mw4,east,6,36.0,164.500,128.500,walk,975,2601,0.6392,0,0,0,0
mw4,east,6,35.0,163.500,128.500,walk,975,2601,0.6206,0,1,0,0
mw4,east,6,34.0,162.500,128.500,walk,975,2601,0.6217,0,1,0,0
mw4,east,6,33.0,161.500,128.500,walk,975,2601,0.5628,0,1,0,0
mw4,east,6,32.0,160.500,128.500,walk,975,2601,0.5477,0,1,0,0
mw4,east,6,31.0,159.500,128.500,walk,975,2601,0.5425,51,1,0,0
mw4,east,6,30.0,158.500,128.500,walk,975,2598,4.0761,3,1,0,0
mw4,east,6,29.0,157.500,128.500,walk,975,2601,0.9049,0,0,0,0
mw4,east,6,28.0,156.500,128.500,walk,975,2601,0.6336,0,1,0,0
mw4,east,6,27.0,155.500,128.500,walk,975,2601,0.6070,0,1,0,0
mw4,east,6,26.0,154.500,128.500,walk,975,2601,0.5818,0,1,0,0
mw4,east,6,25.0,153.500,128.500,walk,975,2601,0.6964,0,1,0,0
mw4,east,6,24.0,152.500,128.500,walk,975,2601,0.6054,0,1,0,0
mw4,east,6,23.0,151.500,128.500,walk,975,2601,0.5766,51,1,0,0
mw4,east,6,22.0,150.500,128.500,walk,975,2598,3.6291,3,0,0,0
mw4,east,6,21.0,149.500,128.500,walk,975,2601,0.7569,0,0,0,0
mw4,east,6,20.0,148.500,128.500,walk,975,2601,0.5629,0,0,0,0
mw4,east,6,19.0,147.500,128.500,walk,975,2601,0.5754,0,1,0,0
mw4,east,6,18.0,146.500,128.500,walk,975,2601,0.5704,0,1,0,0
mw4,east,6,17.0,145.500,128.500,walk,975,2601,0.5592,0,1,0,0
mw4,east,6,16.0,144.500,128.500,walk,975,2601,0.6051,0,1,0,0
mw4,east,6,15.0,143.500,128.500,walk,975,2601,0.5525,51,1,0,0
mw4,east,6,14.0,142.500,128.500,walk,975,2599,4.3593,2,1,0,0
mw4,east,6,13.0,141.500,128.500,walk,975,2601,0.9425,0,0,0,0
mw4,east,6,12.0,140.500,128.500,walk,975,2601,0.6491,0,1,0,0
mw4,east,6,11.0,139.500,128.500,walk,975,2601,0.6314,0,1,0,0
mw4,east,6,10.0,138.500,128.500,walk,975,2601,0.5568,0,1,0,0
mw4,east,6,9.0,137.500,128.500,walk,975,2601,0.5416,0,1,0,0
mw4,east,6,8.0,136.500,128.500,walk,975,2601,0.5423,0,1,0,0
mw4,east,6,7.0,135.500,128.500,walk,975,2601,0.5419,51,1,0,0
mw4,east,6,6.0,134.500,128.500,walk,975,2598,3.5025,3,0,0,0
mw4,east,6,5.0,133.500,128.500,walk,975,2601,0.7568,0,0,0,0
mw4,east,6,4.0,132.500,128.500,walk,975,2601,0.5652,0,0,0,0
mw4,east,6,3.0,131.500,128.500,walk,975,2601,0.5852,0,1,0,0
mw4,east,6,2.0,130.500,128.500,walk,975,2601,0.6069,0,1,0,0
mw4,east,6,1.0,129.500,128.500,walk,975,2601,0.5718,0,1,0,0
mw4,east,6,0.0,128.500,128.500,walk,975,2601,0.5453,0,1,0,0
mw4,south,3,1.0,128.500,127.500,walk,830,2601,0.6724,51,1,0,0
mw4,south,3,2.0,128.500,126.500,walk,863,2594,3.7795,7,0,0,0
mw4,south,3,3.0,128.500,125.500,walk,896,2601,1.4019,0,0,0,0
mw4,south,3,4.0,128.500,124.500,walk,929,2601,0.6403,0,1,0,0
mw4,south,3,5.0,128.500,123.500,walk,947,2601,0.7880,0,1,0,0
mw4,south,3,6.0,128.500,122.500,walk,957,2601,0.5975,0,1,0,0
mw4,south,3,7.0,128.500,121.500,walk,963,2601,0.5505,0,1,0,0
mw4,south,3,8.0,128.500,120.500,walk,967,2601,0.5283,0,1,0,0
mw4,south,3,9.0,128.500,119.500,walk,969,2601,0.6455,51,1,0,0
mw4,south,3,10.0,128.500,118.500,walk,971,2598,3.7759,3,0,0,0
mw4,south,3,11.0,128.500,117.500,walk,973,2601,0.7510,0,0,0,0
mw4,south,3,12.0,128.500,116.500,walk,975,2601,0.6028,0,0,0,0
mw4,south,3,13.0,128.500,115.500,walk,975,2601,0.5691,0,1,0,0
mw4,south,3,14.0,128.500,114.500,walk,975,2601,0.6215,0,1,0,0
mw4,south,3,15.0,128.500,113.500,walk,975,2601,0.6861,0,1,0,0
mw4,south,3,16.0,128.500,112.500,walk,975,2601,0.6443,0,1,0,0
mw4,south,3,17.0,128.500,111.500,walk,975,2601,0.7219,51,1,0,0
mw4,south,3,18.0,128.500,110.500,walk,975,2598,3.6702,3,0,0,0
mw4,south,3,19.0,128.500,109.500,walk,975,2601,0.8201,0,0,0,0
mw4,south,3,20.0,128.500,108.500,walk,975,2601,0.6241,0,0,0,0
mw4,south,3,21.0,128.500,107.500,walk,975,2601,0.6227,0,1,0,0
mw4,south,3,22.0,128.500,106.500,walk,975,2601,0.6183,0,1,0,0
mw4,south,3,23.0,128.500,105.500,walk,975,2601,0.5728,0,1,0,0
mw4,south,3,24.0,128.500,104.500,walk,975,2601,0.5387,0,1,0,0
mw4,south,3,25.0,128.500,103.500,walk,975,2601,0.5367,51,1,0,0
mw4,south,3,26.0,128.500,102.500,walk,975,2598,3.4871,3,0,0,0
mw4,south,3,27.0,128.500,101.500,walk,975,2601,0.8131,0,0,0,0
mw4,south,3,28.0,128.500,100.500,walk,975,2601,0.5956,0,0,0,0
mw4,south,3,29.0,128.500,99.500,walk,975,2601,0.5646,0,1,0,0
mw4,south,3,30.0,128.500,98.500,walk,975,2601,0.6131,0,1,0,0
mw4,south,3,31.0,128.500,97.500,walk,975,2601,0.5724,0,1,0,0
mw4,south,3,32.0,128.500,96.500,walk,975,2601,0.7357,0,1,0,0
mw4,south,3,33.0,128.500,95.500,walk,975,2601,0.7072,51,1,0,0
mw4,south,3,34.0,128.500,94.500,walk,975,2598,3.6157,3,0,0,0
mw4,south,3,35.0,128.500,93.500,walk,975,2601,0.8175,0,0,0,0
mw4,south,3,36.0,128.500,92.500,walk,975,2601,0.6409,0,1,0,0
mw4,south,3,37.0,128.500,91.500,walk,975,2601,0.6987,0,1,0,0
mw4,south,3,38.0,128.500,90.500,walk,975,2601,0.5842,0,1,0,0
mw4,south,3,39.0,128.500,89.500,walk,975,2601,0.5427,0,1,0,0
mw4,south,3,40.0,128.500,88.500,walk,975,2601,0.5354,0,1,0,0
mw4,south,3,41.0,128.500,87.500,walk,975,2601,0.5351,51,1,0,0
mw4,south,3,42.0,128.500,86.500,walk,975,2598,3.6433,3,0,0,0
mw4,south,3,43.0,128.500,85.500,walk,975,2601,0.7303,0,0,0,0
mw4,south,3,44.0,128.500,84.500,walk,975,2601,0.5553,0,0,0,0
mw4,south,3,45.0,128.500,83.500,walk,975,2601,0.5469,0,1,0,0
mw4,south,3,46.0,128.500,82.500,walk,975,2601,0.5416,0,1,0,0
mw4,south,3,47.0,128.500,81.500,walk,975,2601,0.5459,0,1,0,0
mw4,south,3,48.0,128.500,80.500,walk,975,2601,0.5479,0,1,0,0
mw4,south,3,49.0,128.500,79.500,walk,975,2601,0.7837,51,1,0,0
mw4,south,3,50.0,128.500,78.500,walk,975,2595,3.6622,6,0,0,0
mw4,south,3,51.0,128.500,77.500,walk,975,2601,1.0218,0,0,0,0
mw4,south,3,52.0,128.500,76.500,walk,975,2601,0.6400,0,1,0,0
mw4,south,3,53.0,128.500,75.500,walk,975,2601,0.7171,0,1,0,0
mw4,south,3,54.0,128.500,74.500,walk,975,2601,0.6052,0,1,0,0
mw4,south,3,55.0,128.500,73.500,walk,975,2601,0.5562,0,1,0,0
mw4,south,3,56.0,128.500,72.500,walk,975,2601,0.5374,0,1,0,0
mw4,south,3,57.0,128.500,71.500,walk,975,2601,0.5361,51,1,0,0
mw4,south,3,58.0,128.500,70.500,walk,975,2598,3.7541,3,0,0,0
mw4,south,3,59.0,128.500,69.500,walk,975,2601,0.7632,0,0,0,0
mw4,south,3,60.0,128.500,68.500,walk,975,2601,0.5658,0,0,0,0
mw4,south,3,61.0,128.500,67.500,walk,975,2601,0.5563,0,1,0,0
mw4,south,3,62.0,128.500,66.500,walk,975,2601,0.5465,0,1,0,0
mw4,south,3,63.0,128.500,65.500,walk,975,2601,0.5340,0,1,0,0
mw4,south,3,64.0,128.500,64.500,walk,975,2601,0.6092,0,1,0,0
mw4,south,3,66.0,128.500,62.500,sprint,973,2601,0.5939,51,1,0,0
mw4,south,3,68.0,128.500,60.500,sprint,971,2583,3.9670,18,1,0,0
mw4,south,3,70.0,128.500,58.500,sprint,969,2601,2.2786,0,0,0,0
mw4,south,3,72.0,128.500,56.500,sprint,967,2601,0.6719,0,1,0,0
mw4,south,3,74.0,128.500,54.500,sprint,965,2601,0.6375,51,1,0,0
mw4,south,3,76.0,128.500,52.500,sprint,963,2583,3.7523,18,0,0,0
mw4,south,3,78.0,128.500,50.500,sprint,963,2601,2.1596,0,0,0,0
mw4,south,3,80.0,128.500,48.500,sprint,963,2601,0.6255,0,0,0,0
mw4,south,3,82.0,128.500,46.500,sprint,963,2601,0.5771,51,1,0,0
mw4,south,3,84.0,128.500,44.500,sprint,963,2582,4.0033,19,1,0,0
mw4,south,3,86.0,128.500,42.500,sprint,963,2601,2.3604,0,0,0,0
mw4,south,3,88.0,128.500,40.500,sprint,963,2601,0.6238,0,1,0,0
mw4,south,3,90.0,128.500,38.500,sprint,963,2601,0.6359,51,1,0,0
mw4,south,3,92.0,128.500,36.500,sprint,963,2583,3.9036,18,0,0,0
mw4,south,3,94.0,128.500,34.500,sprint,963,2601,1.5523,0,0,0,0
mw4,south,3,96.0,128.500,32.500,sprint,963,2601,0.6633,0,1,0,0
mw4,south,3,98.0,128.500,30.500,sprint,963,2601,0.6760,51,1,0,0
mw4,south,3,100.0,128.500,28.500,sprint,963,2594,3.7823,7,0,0,0
mw4,south,3,102.0,128.500,26.500,sprint,963,2601,1.5595,0,0,0,0
mw4,south,3,104.0,128.500,24.500,sprint,963,2601,0.7262,0,1,0,0
mw4,south,3,106.0,128.500,22.500,sprint,963,2601,0.9120,51,1,0,0
mw4,south,3,108.0,128.500,20.500,sprint,963,2582,3.7965,19,0,0,0
mw4,south,3,110.0,128.500,18.500,sprint,963,2601,1.5984,0,0,0,0
mw4,south,3,112.0,128.500,16.500,sprint,963,2601,0.5713,0,1,0,0
mw4,south,3,114.0,128.500,14.500,sprint,963,2601,0.5490,51,1,0,0
mw4,south,3,116.0,128.500,12.500,sprint,963,2599,3.7153,2,0,0,0
mw4,south,3,118.0,128.500,10.500,sprint,963,2601,0.6867,0,0,0,0
mw4,south,3,120.0,128.500,8.500,sprint,963,2601,0.5673,0,0,0,0
mw4,south,3,122.0,128.500,6.500,sprint,963,2601,0.6199,51,1,0,0
mw4,south,3,124.0,128.500,4.500,sprint,963,2593,3.7793,8,0,0,0
mw4,south,3,126.0,128.500,2.500,sprint,963,2601,1.3507,0,0,0,0
mw4,south,3,128.0,128.500,0.500,sprint,963,2601,0.6297,0,1,0,0
mw4,south,3,132.0,128.500,-3.500,free_fly,961,2601,0.6200,51,1,0,0
mw4,south,3,136.0,128.500,-7.500,free_fly,959,2599,3.7930,2,0,0,0
mw4,south,3,140.0,128.500,-11.500,free_fly,957,2601,0.7360,51,0,0,0
mw4,south,3,144.0,128.500,-15.500,free_fly,957,2598,3.7226,3,0,0,0
mw4,south,3,148.0,128.500,-19.500,free_fly,957,2601,0.8198,51,0,0,0
mw4,south,3,152.0,128.500,-23.500,free_fly,957,2583,4.3767,18,1,0,0
mw4,south,3,156.0,128.500,-27.500,free_fly,957,2601,2.2993,51,0,0,0
mw4,south,3,160.0,128.500,-31.500,free_fly,957,2581,3.6949,20,0,0,0
mw4,south,3,164.0,128.500,-35.500,free_fly,957,2601,1.6900,51,0,0,0
mw4,south,3,168.0,128.500,-39.500,free_fly,957,2600,3.7358,1,0,0,0
mw4,south,3,172.0,128.500,-43.500,free_fly,957,2601,0.6578,51,0,0,0
mw4,south,3,176.0,128.500,-47.500,free_fly,957,2593,3.8869,8,0,0,0
mw4,south,3,180.0,128.500,-51.500,free_fly,957,2601,1.5428,51,0,0,0
mw4,south,3,184.0,128.500,-55.500,free_fly,957,2581,4.0733,20,1,0,0
mw4,south,3,188.0,128.500,-59.500,free_fly,957,2601,1.7362,51,0,0,0
mw4,south,3,192.0,128.500,-63.500,free_fly,957,2598,3.7255,3,0,0,0
mw4,south,3,196.0,128.500,-67.500,free_fly,957,2601,0.7899,51,0,0,0
mw4,south,3,200.0,128.500,-71.500,free_fly,957,2590,3.6160,11,0,0,0
mw4,south,3,204.0,128.500,-75.500,free_fly,957,2601,1.7907,51,0,0,0
mw4,south,3,208.0,128.500,-79.500,free_fly,957,2580,4.0967,21,0,0,0
mw4,south,3,212.0,128.500,-83.500,free_fly,957,2601,1.8006,51,0,0,0
mw4,south,3,216.0,128.500,-87.500,free_fly,957,2599,3.8082,2,0,0,0
mw4,south,3,220.0,128.500,-91.500,free_fly,957,2601,0.7335,51,0,0,0
mw4,south,3,224.0,128.500,-95.500,free_fly,957,2598,3.5496,3,0,0,0
mw4,south,3,228.0,128.500,-99.500,free_fly,957,2601,0.7710,51,0,0,0
mw4,south,3,232.0,128.500,-103.500,free_fly,957,2588,3.7217,13,0,0,0
mw4,south,3,236.0,128.500,-107.500,free_fly,957,2601,1.3763,51,0,0,0
mw4,south,3,240.0,128.500,-111.500,free_fly,957,2600,3.8574,1,0,0,0
mw4,south,3,244.0,128.500,-115.500,free_fly,957,2601,0.6802,51,0,0,0
mw4,south,3,248.0,128.500,-119.500,free_fly,957,2600,3.7294,1,0,0,0
mw4,south,3,252.0,128.500,-123.500,free_fly,957,2601,0.7604,51,0,0,0
mw4,south,3,256.0,128.500,-127.500,free_fly,957,2595,4.0468,6,1,0,0
mw4,south,3,260.0,128.500,-131.500,free_fly,957,2601,1.1324,51,0,0,0
mw4,south,3,264.0,128.500,-135.500,free_fly,957,2597,4.0624,4,0,0,0
mw4,south,3,268.0,128.500,-139.500,free_fly,957,2601,0.8732,51,0,0,0
mw4,south,3,272.0,128.500,-143.500,free_fly,957,2598,3.6433,3,0,0,0
mw4,south,3,276.0,128.500,-147.500,free_fly,957,2601,0.7613,51,0,0,0
mw4,south,3,280.0,128.500,-151.500,free_fly,957,2597,3.7632,4,0,0,0
mw4,south,3,284.0,128.500,-155.500,free_fly,957,2601,1.0536,51,0,0,0
mw4,south,3,288.0,128.500,-159.500,free_fly,957,2600,3.8061,1,0,0,0
mw4,south,3,292.0,128.500,-163.500,free_fly,957,2601,0.7358,51,0,0,0
mw4,south,3,296.0,128.500,-167.500,free_fly,957,2599,3.7509,2,0,0,0
mw4,south,3,300.0,128.500,-171.500,free_fly,957,2601,0.6991,51,0,0,0
mw4,south,3,304.0,128.500,-175.500,free_fly,957,2599,3.7564,2,0,0,0
mw4,south,3,308.0,128.500,-179.500,free_fly,957,2601,0.7559,51,0,0,0
mw4,south,3,312.0,128.500,-183.500,free_fly,957,2581,3.9867,20,0,0,0
mw4,south,3,316.0,128.500,-187.500,free_fly,957,2601,1.8749,51,0,0,0
mw4,south,3,320.0,128.500,-191.500,free_fly,957,2599,4.0208,2,1,0,0
mw4,south,3,324.0,128.500,-195.500,free_fly,957,2601,0.7509,51,0,0,0
mw4,south,3,328.0,128.500,-199.500,free_fly,957,2599,3.7879,2,0,0,0
mw4,south,3,332.0,128.500,-203.500,free_fly,957,2601,0.9297,51,0,0,0
mw4,south,3,336.0,128.500,-207.500,free_fly,957,2599,3.9440,2,1,0,0
mw4,south,3,340.0,128.500,-211.500,free_fly,957,2601,1.0861,51,0,0,0
mw4,south,3,344.0,128.500,-215.500,free_fly,957,2599,4.2604,2,1,0,0
mw4,south,3,348.0,128.500,-219.500,free_fly,957,2601,0.8420,51,0,0,0
mw4,south,3,352.0,128.500,-223.500,free_fly,957,2599,3.8077,2,0,0,0
mw4,south,3,356.0,128.500,-227.500,free_fly,957,2601,0.8308,51,0,0,0
mw4,south,3,360.0,128.500,-231.500,free_fly,957,2598,3.7261,3,0,0,0
mw4,south,3,364.0,128.500,-235.500,free_fly,957,2601,0.7911,51,0,0,0
mw4,south,3,368.0,128.500,-239.500,free_fly,957,2600,4.0212,1,1,0,0
mw4,south,3,372.0,128.500,-243.500,free_fly,957,2601,0.8309,51,0,0,0
mw4,south,3,376.0,128.500,-247.500,free_fly,957,2599,3.7388,2,0,0,0
mw4,south,3,380.0,128.500,-251.500,free_fly,957,2601,0.7204,51,0,0,0
mw4,south,3,384.0,128.500,-255.500,free_fly,957,2600,4.0049,1,0,0,0
mw4,south,3,388.0,128.500,-259.500,free_fly,957,2601,0.7549,51,0,0,0
mw4,south,3,392.0,128.500,-263.500,free_fly,957,2599,3.9072,2,0,0,0
mw4,south,3,396.0,128.500,-267.500,free_fly,957,2601,1.1181,51,0,0,0
mw4,south,3,400.0,128.500,-271.500,free_fly,957,2598,3.9057,3,0,0,0
mw4,south,3,404.0,128.500,-275.500,free_fly,957,2601,0.8418,51,0,0,0
mw4,south,3,408.0,128.500,-279.500,free_fly,957,2599,3.8477,2,0,0,0
mw4,south,6,404.0,128.500,-275.500,free_fly,957,2601,0.9265,0,1,0,0
mw4,south,6,400.0,128.500,-271.500,free_fly,957,2601,0.8128,51,1,0,0
mw4,south,6,396.0,128.500,-267.500,free_fly,957,2586,3.3927,15,0,0,0
mw4,south,6,392.0,128.500,-263.500,free_fly,957,2601,1.7657,51,0,0,0
mw4,south,6,388.0,128.500,-259.500,free_fly,957,2587,3.4761,14,0,0,0
mw4,south,6,384.0,128.500,-255.500,free_fly,957,2601,1.6510,51,0,0,0
mw4,south,6,380.0,128.500,-251.500,free_fly,957,2588,3.4786,13,0,0,0
mw4,south,6,376.0,128.500,-247.500,free_fly,957,2601,1.5902,51,0,0,0
mw4,south,6,372.0,128.500,-243.500,free_fly,957,2588,3.5081,13,0,0,0
mw4,south,6,368.0,128.500,-239.500,free_fly,957,2601,1.7603,51,0,0,0
mw4,south,6,364.0,128.500,-235.500,free_fly,957,2589,3.5052,12,0,0,0
mw4,south,6,360.0,128.500,-231.500,free_fly,957,2601,1.4898,51,0,0,0
mw4,south,6,356.0,128.500,-227.500,free_fly,957,2589,3.4402,12,0,0,0
mw4,south,6,352.0,128.500,-223.500,free_fly,957,2601,1.4731,51,0,0,0
mw4,south,6,348.0,128.500,-219.500,free_fly,957,2589,3.5441,12,0,0,0
mw4,south,6,344.0,128.500,-215.500,free_fly,957,2601,1.7680,51,0,0,0
mw4,south,6,340.0,128.500,-211.500,free_fly,957,2588,3.4850,13,0,0,0
mw4,south,6,336.0,128.500,-207.500,free_fly,957,2601,1.5787,51,0,0,0
mw4,south,6,332.0,128.500,-203.500,free_fly,957,2588,3.4257,13,0,0,0
mw4,south,6,328.0,128.500,-199.500,free_fly,957,2601,1.5781,51,0,0,0
mw4,south,6,324.0,128.500,-195.500,free_fly,957,2588,3.4623,13,0,0,0
mw4,south,6,320.0,128.500,-191.500,free_fly,957,2601,1.7085,51,0,0,0
mw4,south,6,316.0,128.500,-187.500,free_fly,957,2589,3.6246,12,0,0,0
mw4,south,6,312.0,128.500,-183.500,free_fly,957,2601,1.5153,51,0,0,0
mw4,south,6,308.0,128.500,-179.500,free_fly,957,2588,3.4723,13,0,0,0
mw4,south,6,304.0,128.500,-175.500,free_fly,957,2601,1.5823,51,0,0,0
mw4,south,6,300.0,128.500,-171.500,free_fly,957,2589,3.4826,12,0,0,0
mw4,south,6,296.0,128.500,-167.500,free_fly,957,2601,1.7625,51,0,0,0
mw4,south,6,292.0,128.500,-163.500,free_fly,957,2583,3.7213,18,0,0,0
mw4,south,6,288.0,128.500,-159.500,free_fly,957,2601,2.0588,51,0,0,0
mw4,south,6,284.0,128.500,-155.500,free_fly,957,2588,3.4819,13,0,0,0
mw4,south,6,280.0,128.500,-151.500,free_fly,957,2601,1.5865,51,0,0,0
mw4,south,6,276.0,128.500,-147.500,free_fly,957,2589,3.4673,12,0,0,0
mw4,south,6,272.0,128.500,-143.500,free_fly,957,2601,1.6407,51,0,0,0
mw4,south,6,268.0,128.500,-139.500,free_fly,957,2587,4.9030,14,1,0,0
mw4,south,6,264.0,128.500,-135.500,free_fly,957,2601,1.6599,51,0,0,0
mw4,south,6,260.0,128.500,-131.500,free_fly,957,2589,3.5056,12,0,0,0
mw4,south,6,256.0,128.500,-127.500,free_fly,957,2601,1.5459,51,0,0,0
mw4,south,6,252.0,128.500,-123.500,free_fly,957,2589,3.6643,12,0,0,0
mw4,south,6,248.0,128.500,-119.500,free_fly,957,2601,1.8143,51,0,0,0
mw4,south,6,244.0,128.500,-115.500,free_fly,957,2588,3.6684,13,0,0,0
mw4,south,6,240.0,128.500,-111.500,free_fly,957,2601,1.6053,51,0,0,0
mw4,south,6,236.0,128.500,-107.500,free_fly,957,2589,3.5240,12,0,0,0
mw4,south,6,232.0,128.500,-103.500,free_fly,957,2601,1.5199,51,0,0,0
mw4,south,6,228.0,128.500,-99.500,free_fly,957,2589,3.4384,12,0,0,0
mw4,south,6,224.0,128.500,-95.500,free_fly,957,2601,1.5412,51,0,0,0
mw4,south,6,220.0,128.500,-91.500,free_fly,957,2589,3.5756,12,0,0,0
mw4,south,6,216.0,128.500,-87.500,free_fly,957,2601,1.5258,51,0,0,0
mw4,south,6,212.0,128.500,-83.500,free_fly,957,2589,3.4457,12,0,0,0
mw4,south,6,208.0,128.500,-79.500,free_fly,957,2601,1.4848,51,0,0,0
mw4,south,6,204.0,128.500,-75.500,free_fly,957,2590,3.4588,11,0,0,0
mw4,south,6,200.0,128.500,-71.500,free_fly,957,2601,1.4221,51,0,0,0
mw4,south,6,196.0,128.500,-67.500,free_fly,957,2587,3.7382,14,0,0,0
mw4,south,6,192.0,128.500,-63.500,free_fly,957,2601,1.7217,51,0,0,0
mw4,south,6,188.0,128.500,-59.500,free_fly,957,2588,3.4447,13,0,0,0
mw4,south,6,184.0,128.500,-55.500,free_fly,957,2601,1.6129,51,0,0,0
mw4,south,6,180.0,128.500,-51.500,free_fly,957,2589,3.4600,12,0,0,0
mw4,south,6,176.0,128.500,-47.500,free_fly,957,2601,1.4794,51,0,0,0
mw4,south,6,172.0,128.500,-43.500,free_fly,957,2587,3.4925,14,0,0,0
mw4,south,6,168.0,128.500,-39.500,free_fly,957,2601,1.7759,51,0,0,0
mw4,south,6,164.0,128.500,-35.500,free_fly,957,2589,3.6095,12,0,0,0
mw4,south,6,160.0,128.500,-31.500,free_fly,957,2601,1.5459,51,0,0,0
mw4,south,6,156.0,128.500,-27.500,free_fly,957,2589,3.4719,12,0,0,0
mw4,south,6,152.0,128.500,-23.500,free_fly,957,2601,1.4755,51,0,0,0
mw4,south,6,148.0,128.500,-19.500,free_fly,957,2586,3.6390,15,0,0,0
mw4,south,6,144.0,128.500,-15.500,free_fly,957,2601,1.7606,51,0,0,0
mw4,south,6,140.0,128.500,-11.500,free_fly,957,2587,3.4669,14,0,0,0
mw4,south,6,136.0,128.500,-7.500,free_fly,957,2601,1.6086,51,0,0,0
mw4,south,6,132.0,128.500,-3.500,free_fly,957,2587,3.4804,14,0,0,0
mw4,south,6,128.0,128.500,0.500,free_fly,957,2601,1.6200,51,0,0,0
mw4,south,6,126.0,128.500,2.500,sprint,957,2588,3.5134,13,0,0,0
mw4,south,6,124.0,128.500,4.500,sprint,959,2601,1.5285,0,0,0,0
mw4,south,6,122.0,128.500,6.500,sprint,959,2601,0.6505,0,1,0,0
mw4,south,6,120.0,128.500,8.500,sprint,961,2601,0.6082,51,1,0,0
mw4,south,6,118.0,128.500,10.500,sprint,961,2589,3.5199,12,0,0,0
mw4,south,6,116.0,128.500,12.500,sprint,963,2601,1.4371,0,0,0,0
mw4,south,6,114.0,128.500,14.500,sprint,963,2601,0.6266,0,1,0,0
mw4,south,6,112.0,128.500,16.500,sprint,963,2601,0.6376,51,1,0,0
mw4,south,6,110.0,128.500,18.500,sprint,963,2589,3.4660,12,0,0,0
mw4,south,6,108.0,128.500,20.500,sprint,963,2601,1.5621,0,0,0,0
mw4,south,6,106.0,128.500,22.500,sprint,963,2601,0.6507,0,1,0,0
mw4,south,6,104.0,128.500,24.500,sprint,963,2601,0.5987,51,1,0,0
mw4,south,6,102.0,128.500,26.500,sprint,963,2588,3.3989,13,0,0,0
mw4,south,6,100.0,128.500,28.500,sprint,963,2601,1.6116,0,0,0,0
mw4,south,6,98.0,128.500,30.500,sprint,963,2601,0.8281,0,1,0,0
mw4,south,6,96.0,128.500,32.500,sprint,963,2601,0.7226,51,1,0,0
mw4,south,6,94.0,128.500,34.500,sprint,963,2588,3.4315,13,0,0,0
mw4,south,6,92.0,128.500,36.500,sprint,963,2601,1.5270,0,0,0,0
mw4,south,6,90.0,128.500,38.500,sprint,963,2601,0.6290,0,1,0,0
mw4,south,6,88.0,128.500,40.500,sprint,963,2601,0.6033,51,1,0,0
mw4,south,6,86.0,128.500,42.500,sprint,963,2587,3.5202,14,0,0,0
mw4,south,6,84.0,128.500,44.500,sprint,963,2601,1.6081,0,0,0,0
mw4,south,6,82.0,128.500,46.500,sprint,963,2601,0.6574,0,1,0,0
mw4,south,6,80.0,128.500,48.500,sprint,963,2601,0.6241,51,1,0,0
mw4,south,6,78.0,128.500,50.500,sprint,963,2588,3.5572,13,0,0,0
mw4,south,6,76.0,128.500,52.500,sprint,963,2601,1.6153,0,0,0,0
mw4,south,6,74.0,128.500,54.500,sprint,963,2601,0.6311,0,1,0,0
mw4,south,6,72.0,128.500,56.500,sprint,963,2601,0.6087,51,1,0,0
mw4,south,6,70.0,128.500,58.500,sprint,963,2588,3.4432,13,0,0,0
mw4,south,6,68.0,128.500,60.500,sprint,963,2601,1.6506,0,0,0,0
mw4,south,6,66.0,128.500,62.500,sprint,963,2601,0.6543,0,1,0,0
mw4,south,6,64.0,128.500,64.500,sprint,963,2601,0.6055,51,1,0,0
mw4,south,6,63.0,128.500,65.500,walk,963,2587,3.4358,14,0,0,0
mw4,south,6,62.0,128.500,66.500,walk,965,2601,1.5932,0,0,0,0
mw4,south,6,61.0,128.500,67.500,walk,965,2601,0.6808,0,1,0,0
mw4,south,6,60.0,128.500,68.500,walk,967,2601,0.7312,0,1,0,0
mw4,south,6,59.0,128.500,69.500,walk,967,2601,0.6722,0,1,0,0
mw4,south,6,58.0,128.500,70.500,walk,969,2601,0.7102,0,1,0,0
mw4,south,6,57.0,128.500,71.500,walk,969,2601,0.6004,0,1,0,0
mw4,south,6,56.0,128.500,72.500,walk,971,2601,0.5786,51,1,0,0
mw4,south,6,55.0,128.500,73.500,walk,971,2587,3.7373,14,0,0,0
mw4,south,6,54.0,128.500,74.500,walk,973,2601,1.6961,0,0,0,0
mw4,south,6,53.0,128.500,75.500,walk,973,2601,0.6324,0,1,0,0
mw4,south,6,52.0,128.500,76.500,walk,975,2601,0.6000,0,1,0,0
mw4,south,6,51.0,128.500,77.500,walk,975,2601,0.5846,0,1,0,0
mw4,south,6,50.0,128.500,78.500,walk,975,2601,0.6119,0,1,0,0
mw4,south,6,49.0,128.500,79.500,walk,975,2601,0.5796,0,1,0,0
mw4,south,6,48.0,128.500,80.500,walk,975,2601,0.5762,51,1,0,0
mw4,south,6,47.0,128.500,81.500,walk,975,2588,3.4560,13,0,0,0
mw4,south,6,46.0,128.500,82.500,walk,975,2601,1.6852,0,0,0,0
mw4,south,6,45.0,128.500,83.500,walk,975,2601,0.8146,0,1,0,0
mw4,south,6,44.0,128.500,84.500,walk,975,2601,0.7102,0,1,0,0
mw4,south,6,43.0,128.500,85.500,walk,975,2601,0.5971,0,1,0,0
mw4,south,6,42.0,128.500,86.500,walk,975,2601,0.5884,0,1,0,0
mw4,south,6,41.0,128.500,87.500,walk,975,2601,0.5853,0,1,0,0
mw4,south,6,40.0,128.500,88.500,walk,975,2601,0.6423,51,1,0,0
mw4,south,6,39.0,128.500,89.500,walk,975,2587,3.5092,14,0,0,0
mw4,south,6,38.0,128.500,90.500,walk,975,2601,1.6337,0,0,0,0
mw4,south,6,37.0,128.500,91.500,walk,975,2601,0.6425,0,1,0,0
mw4,south,6,36.0,128.500,92.500,walk,975,2601,0.5940,0,1,0,0
mw4,south,6,35.0,128.500,93.500,walk,975,2601,0.5847,0,1,0,0
mw4,south,6,34.0,128.500,94.500,walk,975,2601,0.5818,0,1,0,0
mw4,south,6,33.0,128.500,95.500,walk,975,2601,0.5798,0,1,0,0
mw4,south,6,32.0,128.500,96.500,walk,975,2601,0.5746,51,1,0,0
mw4,south,6,31.0,128.500,97.500,walk,975,2587,3.4230,14,0,0,0
mw4,south,6,30.0,128.500,98.500,walk,975,2601,1.8038,0,0,0,0
mw4,south,6,29.0,128.500,99.500,walk,975,2601,0.7563,0,1,0,0
mw4,south,6,28.0,128.500,100.500,walk,975,2601,0.6192,0,1,0,0
mw4,south,6,27.0,128.500,101.500,walk,975,2601,0.6130,0,1,0,0
mw4,south,6,26.0,128.500,102.500,walk,975,2601,0.5812,0,1,0,0
mw4,south,6,25.0,128.500,103.500,walk,975,2601,0.6861,0,1,0,0
mw4,south,6,24.0,128.500,104.500,walk,975,2601,0.6113,51,1,0,0
mw4,south,6,23.0,128.500,105.500,walk,975,2587,3.4457,14,0,0,0
mw4,south,6,22.0,128.500,106.500,walk,975,2601,1.6039,0,0,0,0
mw4,south,6,21.0,128.500,107.500,walk,975,2601,0.6160,0,1,0,0
mw4,south,6,20.0,128.500,108.500,walk,975,2601,0.5969,0,1,0,0
mw4,south,6,19.0,128.500,109.500,walk,975,2601,0.5837,0,1,0,0
mw4,south,6,18.0,128.500,110.500,walk,975,2601,0.5817,0,1,0,0
mw4,south,6,17.0,128.500,111.500,walk,975,2601,0.6014,0,1,0,0
mw4,south,6,16.0,128.500,112.500,walk,975,2601,0.5758,51,1,0,0
mw4,south,6,15.0,128.500,113.500,walk,975,2587,3.4794,14,0,0,0
mw4,south,6,14.0,128.500,114.500,walk,975,2601,1.8088,0,0,0,0
mw4,south,6,13.0,128.500,115.500,walk,975,2601,0.7167,0,1,0,0
mw4,south,6,12.0,128.500,116.500,walk,975,2601,0.6520,0,1,0,0
mw4,south,6,11.0,128.500,117.500,walk,975,2601,0.5889,0,1,0,0
mw4,south,6,10.0,128.500,118.500,walk,975,2601,0.5798,0,1,0,0
mw4,south,6,9.0,128.500,119.500,walk,975,2601,0.5810,0,1,0,0
mw4,south,6,8.0,128.500,120.500,walk,975,2601,0.5749,51,1,0,0
mw4,south,6,7.0,128.500,121.500,walk,975,2587,3.4433,14,0,0,0
mw4,south,6,6.0,128.500,122.500,walk,975,2601,1.6279,0,0,0,0
mw4,south,6,5.0,128.500,123.500,walk,975,2601,0.6218,0,1,0,0
mw4,south,6,4.0,128.500,124.500,walk,975,2601,0.5937,0,1,0,0
mw4,south,6,3.0,128.500,125.500,walk,975,2601,0.5850,0,1,0,0
mw4,south,6,2.0,128.500,126.500,walk,975,2601,0.5753,0,1,0,0
mw4,south,6,1.0,128.500,127.500,walk,975,2601,0.5767,0,1,0,0
mw4,south,6,0.0,128.500,128.500,walk,975,2601,0.5729,51,1,0,0
mw4,west,3,1.0,127.500,128.500,walk,830,2601,0.6522,51,1,0,0
mw4,west,3,2.0,126.500,128.500,walk,863,2587,4.1670,14,0,0,0
mw4,west,3,3.0,125.500,128.500,walk,896,2601,1.6324,0,0,0,0
mw4,west,3,4.0,124.500,128.500,walk,929,2601,0.6343,0,1,0,0
mw4,west,3,5.0,123.500,128.500,walk,947,2601,0.6132,0,1,0,0
mw4,west,3,6.0,122.500,128.500,walk,957,2601,0.5859,0,1,0,0
mw4,west,3,7.0,121.500,128.500,walk,963,2601,0.6171,0,1,0,0
mw4,west,3,8.0,120.500,128.500,walk,967,2601,0.5821,0,1,0,0
mw4,west,3,9.0,119.500,128.500,walk,969,2601,0.5776,51,1,0,0
mw4,west,3,10.0,118.500,128.500,walk,971,2585,3.9618,16,0,0,0
mw4,west,3,11.0,117.500,128.500,walk,973,2601,1.8334,0,0,0,0
mw4,west,3,12.0,116.500,128.500,walk,975,2601,0.6441,0,1,0,0
mw4,west,3,13.0,115.500,128.500,walk,975,2601,0.6061,0,1,0,0
mw4,west,3,14.0,114.500,128.500,walk,975,2601,0.5887,0,1,0,0
mw4,west,3,15.0,113.500,128.500,walk,975,2601,0.5879,0,1,0,0
mw4,west,3,16.0,112.500,128.500,walk,975,2601,0.5874,0,1,0,0
mw4,west,3,17.0,111.500,128.500,walk,975,2601,0.5781,51,1,0,0
mw4,west,3,18.0,110.500,128.500,walk,975,2588,3.5817,13,0,0,0
mw4,west,3,19.0,109.500,128.500,walk,975,2601,1.5733,0,0,0,0
mw4,west,3,20.0,108.500,128.500,walk,975,2601,0.6597,0,1,0,0
mw4,west,3,21.0,107.500,128.500,walk,975,2601,0.6736,0,1,0,0
mw4,west,3,22.0,106.500,128.500,walk,975,2601,0.6049,0,1,0,0
mw4,west,3,23.0,105.500,128.500,walk,975,2601,0.5930,0,1,0,0
mw4,west,3,24.0,104.500,128.500,walk,975,2601,0.5851,0,1,0,0
mw4,west,3,25.0,103.500,128.500,walk,975,2601,0.6221,51,1,0,0
mw4,west,3,26.0,102.500,128.500,walk,975,2587,3.6770,14,0,0,0
mw4,west,3,27.0,101.500,128.500,walk,975,2601,1.6492,0,0,0,0
mw4,west,3,28.0,100.500,128.500,walk,975,2601,0.6712,0,1,0,0
mw4,west,3,29.0,99.500,128.500,walk,975,2601,0.6005,0,1,0,0
mw4,west,3,30.0,98.500,128.500,walk,975,2601,0.5822,0,1,0,0
mw4,west,3,31.0,97.500,128.500,walk,975,2601,0.5876,0,1,0,0
mw4,west,3,32.0,96.500,128.500,walk,975,2601,0.6069,0,1,0,0
mw4,west,3,33.0,95.500,128.500,walk,975,2601,0.5859,51,1,0,0
mw4,west,3,34.0,94.500,128.500,walk,975,2587,3.5710,14,0,0,0
mw4,west,3,35.0,93.500,128.500,walk,975,2601,1.6392,0,0,0,0
mw4,west,3,36.0,92.500,128.500,walk,975,2601,0.6239,0,1,0,0
mw4,west,3,37.0,91.500,128.500,walk,975,2601,0.5916,0,1,0,0
mw4,west,3,38.0,90.500,128.500,walk,975,2601,0.6460,0,1,0,0
mw4,west,3,39.0,89.500,128.500,walk,975,2601,0.6031,0,1,0,0
mw4,west,3,40.0,88.500,128.500,walk,975,2601,0.6965,0,1,0,0
mw4,west,3,41.0,87.500,128.500,walk,975,2601,0.5942,51,1,0,0
mw4,west,3,42.0,86.500,128.500,walk,975,2587,3.5853,14,0,0,0
mw4,west,3,43.0,85.500,128.500,walk,975,2601,1.6613,0,0,0,0
mw4,west,3,44.0,84.500,128.500,walk,975,2601,0.6289,0,1,0,0
mw4,west,3,45.0,83.500,128.500,walk,975,2601,0.6327,0,1,0,0
mw4,west,3,46.0,82.500,128.500,walk,975,2601,0.5917,0,1,0,0
mw4,west,3,47.0,81.500,128.500,walk,975,2601,0.5918,0,1,0,0
mw4,west,3,48.0,80.500,128.500,walk,975,2601,0.5845,0,1,0,0
mw4,west,3,49.0,79.500,128.500,walk,975,2601,0.6018,51,1,0,0
mw4,west,3,50.0,78.500,128.500,walk,975,2587,3.5215,14,0,0,0
mw4,west,3,51.0,77.500,128.500,walk,975,2601,1.7280,0,0,0,0
mw4,west,3,52.0,76.500,128.500,walk,975,2601,0.6595,0,1,0,0
mw4,west,3,53.0,75.500,128.500,walk,975,2601,0.6264,0,1,0,0
mw4,west,3,54.0,74.500,128.500,walk,975,2601,1.1126,0,1,0,0
mw4,west,3,55.0,73.500,128.500,walk,975,2601,0.6646,0,1,0,0
mw4,west,3,56.0,72.500,128.500,walk,975,2601,0.5919,0,1,0,0
mw4,west,3,57.0,71.500,128.500,walk,975,2601,0.5909,51,1,0,0
mw4,west,3,58.0,70.500,128.500,walk,975,2587,3.5535,14,0,0,0
mw4,west,3,59.0,69.500,128.500,walk,975,2601,1.6210,0,0,0,0
mw4,west,3,60.0,68.500,128.500,walk,975,2601,0.6261,0,1,0,0
mw4,west,3,61.0,67.500,128.500,walk,975,2601,0.6067,0,1,0,0
mw4,west,3,62.0,66.500,128.500,walk,975,2601,0.5907,0,1,0,0
mw4,west,3,63.0,65.500,128.500,walk,975,2601,0.5842,0,1,0,0
mw4,west,3,64.0,64.500,128.500,walk,975,2601,0.5833,0,1,0,0
mw4,west,3,66.0,62.500,128.500,sprint,973,2601,0.5839,51,1,0,0
mw4,west,3,68.0,60.500,128.500,sprint,971,2587,3.6331,14,0,0,0
mw4,west,3,70.0,58.500,128.500,sprint,969,2601,1.9353,0,0,0,0
mw4,west,3,72.0,56.500,128.500,sprint,967,2601,0.7388,0,1,0,0
mw4,west,3,74.0,54.500,128.500,sprint,965,2601,0.6849,51,1,0,0
mw4,west,3,76.0,52.500,128.500,sprint,963,2589,3.6016,12,0,0,0
mw4,west,3,78.0,50.500,128.500,sprint,963,2601,1.5420,0,0,0,0
mw4,west,3,80.0,48.500,128.500,sprint,963,2601,0.6336,0,1,0,0
mw4,west,3,82.0,46.500,128.500,sprint,963,2601,0.6155,51,1,0,0
mw4,west,3,84.0,44.500,128.500,sprint,963,2589,3.6100,12,0,0,0
mw4,west,3,86.0,42.500,128.500,sprint,963,2601,1.6975,0,0,0,0
mw4,west,3,88.0,40.500,128.500,sprint,963,2601,0.6978,0,1,0,0
mw4,west,3,90.0,38.500,128.500,sprint,963,2601,0.6180,51,1,0,0
mw4,west,3,92.0,36.500,128.500,sprint,963,2587,3.6685,14,0,0,0
mw4,west,3,94.0,34.500,128.500,sprint,963,2601,1.6597,0,0,0,0
mw4,west,3,96.0,32.500,128.500,sprint,963,2601,0.6280,0,1,0,0
mw4,west,3,98.0,30.500,128.500,sprint,963,2601,0.6358,51,1,0,0
mw4,west,3,100.0,28.500,128.500,sprint,963,2588,3.6063,13,0,0,0
mw4,west,3,102.0,26.500,128.500,sprint,963,2601,1.5912,0,0,0,0
mw4,west,3,104.0,24.500,128.500,sprint,963,2601,0.6356,0,1,0,0
mw4,west,3,106.0,22.500,128.500,sprint,963,2601,0.6069,51,1,0,0
mw4,west,3,108.0,20.500,128.500,sprint,963,2587,3.6011,14,0,0,0
mw4,west,3,110.0,18.500,128.500,sprint,963,2601,1.7571,0,0,0,0
mw4,west,3,112.0,16.500,128.500,sprint,963,2601,1.0295,0,1,0,0
mw4,west,3,114.0,14.500,128.500,sprint,963,2601,0.6996,51,1,0,0
mw4,west,3,116.0,12.500,128.500,sprint,963,2587,3.6226,14,0,0,0
mw4,west,3,118.0,10.500,128.500,sprint,963,2601,1.6900,0,0,0,0
mw4,west,3,120.0,8.500,128.500,sprint,963,2601,0.6351,0,1,0,0
mw4,west,3,122.0,6.500,128.500,sprint,963,2601,0.6191,51,1,0,0
mw4,west,3,124.0,4.500,128.500,sprint,963,2587,3.9211,14,0,0,0
mw4,west,3,126.0,2.500,128.500,sprint,963,2601,1.7444,0,0,0,0
mw4,west,3,128.0,0.500,128.500,sprint,963,2601,0.6560,0,1,0,0
mw4,west,3,132.0,-3.500,128.500,free_fly,961,2601,0.6037,51,1,0,0
mw4,west,3,136.0,-7.500,128.500,free_fly,959,2587,3.7344,14,0,0,0
mw4,west,3,140.0,-11.500,128.500,free_fly,957,2601,1.6865,51,0,0,0
mw4,west,3,144.0,-15.500,128.500,free_fly,957,2587,3.6202,14,0,0,0
mw4,west,3,148.0,-19.500,128.500,free_fly,957,2601,1.6838,51,0,0,0
mw4,west,3,152.0,-23.500,128.500,free_fly,957,2586,3.6639,15,0,0,0
mw4,west,3,156.0,-27.500,128.500,free_fly,957,2601,1.7730,51,0,0,0
mw4,west,3,160.0,-31.500,128.500,free_fly,957,2588,3.7424,13,0,0,0
mw4,west,3,164.0,-35.500,128.500,free_fly,957,2601,1.6236,51,0,0,0
mw4,west,3,168.0,-39.500,128.500,free_fly,957,2589,3.6840,12,0,0,0
mw4,west,3,172.0,-43.500,128.500,free_fly,957,2601,1.5141,51,0,0,0
mw4,west,3,176.0,-47.500,128.500,free_fly,957,2586,3.6999,15,0,0,0
mw4,west,3,180.0,-51.500,128.500,free_fly,957,2601,1.7863,51,0,0,0
mw4,west,3,184.0,-55.500,128.500,free_fly,957,2587,3.7659,14,0,0,0
mw4,west,3,188.0,-59.500,128.500,free_fly,957,2601,1.8179,51,0,0,0
mw4,west,3,192.0,-63.500,128.500,free_fly,957,2588,3.6310,13,0,0,0
mw4,west,3,196.0,-67.500,128.500,free_fly,957,2601,1.6092,51,0,0,0
mw4,west,3,200.0,-71.500,128.500,free_fly,957,2587,4.2012,14,1,0,0
mw4,west,3,204.0,-75.500,128.500,free_fly,957,2601,1.7502,51,0,0,0
mw4,west,3,208.0,-79.500,128.500,free_fly,957,2589,3.7383,12,0,0,0
mw4,west,3,212.0,-83.500,128.500,free_fly,957,2601,1.6169,51,0,0,0
mw4,west,3,216.0,-87.500,128.500,free_fly,957,2588,3.6193,13,0,0,0
mw4,west,3,220.0,-91.500,128.500,free_fly,957,2601,1.6807,51,0,0,0
mw4,west,3,224.0,-95.500,128.500,free_fly,957,2587,3.6760,14,0,0,0
mw4,west,3,228.0,-99.500,128.500,free_fly,957,2601,1.7541,51,0,0,0
mw4,west,3,232.0,-103.500,128.500,free_fly,957,2587,4.1538,14,1,0,0
mw4,west,3,236.0,-107.500,128.500,free_fly,957,2601,1.7497,51,0,0,0
mw4,west,3,240.0,-111.500,128.500,free_fly,957,2587,4.0196,14,0,0,0
mw4,west,3,244.0,-115.500,128.500,free_fly,957,2601,1.8178,51,0,0,0
mw4,west,3,248.0,-119.500,128.500,free_fly,957,2587,3.6747,14,0,0,0
mw4,west,3,252.0,-123.500,128.500,free_fly,957,2601,1.6799,51,0,0,0
mw4,west,3,256.0,-127.500,128.500,free_fly,957,2587,3.7076,14,0,0,0
mw4,west,3,260.0,-131.500,128.500,free_fly,957,2601,1.7433,51,0,0,0
mw4,west,3,264.0,-135.500,128.500,free_fly,957,2588,3.6965,13,0,0,0
mw4,west,3,268.0,-139.500,128.500,free_fly,957,2601,1.6834,51,0,0,0
mw4,west,3,272.0,-143.500,128.500,free_fly,957,2588,3.6980,13,0,0,0
mw4,west,3,276.0,-147.500,128.500,free_fly,957,2601,1.6041,51,0,0,0
mw4,west,3,280.0,-151.500,128.500,free_fly,957,2589,4.0401,12,0,0,0
mw4,west,3,284.0,-155.500,128.500,free_fly,957,2601,1.6156,51,0,0,0
mw4,west,3,288.0,-159.500,128.500,free_fly,957,2586,3.6668,15,0,0,0
mw4,west,3,292.0,-163.500,128.500,free_fly,957,2601,1.7561,51,0,0,0
mw4,west,3,296.0,-167.500,128.500,free_fly,957,2588,3.9405,13,0,0,0
mw4,west,3,300.0,-171.500,128.500,free_fly,957,2601,1.5745,51,0,0,0
mw4,west,3,304.0,-175.500,128.500,free_fly,957,2589,4.0222,12,0,0,0
mw4,west,3,308.0,-179.500,128.500,free_fly,957,2601,1.5687,51,0,0,0
mw4,west,3,312.0,-183.500,128.500,free_fly,957,2585,3.7389,16,0,0,0
mw4,west,3,316.0,-187.500,128.500,free_fly,957,2601,1.8360,51,0,0,0
mw4,west,3,320.0,-191.500,128.500,free_fly,957,2588,3.9081,13,0,0,0
mw4,west,3,324.0,-195.500,128.500,free_fly,957,2601,1.8160,51,0,0,0
mw4,west,3,328.0,-199.500,128.500,free_fly,957,2588,3.9560,13,0,0,0
mw4,west,3,332.0,-203.500,128.500,free_fly,957,2601,1.8418,51,0,0,0
mw4,west,3,336.0,-207.500,128.500,free_fly,957,2587,3.7158,14,0,0,0
mw4,west,3,340.0,-211.500,128.500,free_fly,957,2601,1.6897,51,0,0,0
mw4,west,3,344.0,-215.500,128.500,free_fly,957,2588,3.6447,13,0,0,0
mw4,west,3,348.0,-219.500,128.500,free_fly,957,2601,1.5613,51,0,0,0
mw4,west,3,352.0,-223.500,128.500,free_fly,957,2588,4.1349,13,1,0,0
mw4,west,3,356.0,-227.500,128.500,free_fly,957,2601,1.7097,51,0,0,0
mw4,west,3,360.0,-231.500,128.500,free_fly,957,2588,4.0725,13,0,0,0
mw4,west,3,364.0,-235.500,128.500,free_fly,957,2601,1.6095,51,0,0,0
mw4,west,3,368.0,-239.500,128.500,free_fly,957,2588,3.6451,13,0,0,0
mw4,west,3,372.0,-243.500,128.500,free_fly,957,2601,1.5957,51,0,0,0
mw4,west,3,376.0,-247.500,128.500,free_fly,957,2588,4.1263,13,1,0,0
mw4,west,3,380.0,-251.500,128.500,free_fly,957,2601,1.7656,51,0,0,0
mw4,west,3,384.0,-255.500,128.500,free_fly,957,2588,3.6858,13,0,0,0
mw4,west,3,388.0,-259.500,128.500,free_fly,957,2601,1.5803,51,0,0,0
mw4,west,3,392.0,-263.500,128.500,free_fly,957,2588,3.6140,13,0,0,0
mw4,west,3,396.0,-267.500,128.500,free_fly,957,2601,1.5752,51,0,0,0
mw4,west,3,400.0,-271.500,128.500,free_fly,957,2587,4.4795,14,1,0,0
mw4,west,3,404.0,-275.500,128.500,free_fly,957,2601,1.7933,51,0,0,0
mw4,west,3,408.0,-279.500,128.500,free_fly,957,2587,3.6120,14,0,0,0
mw4,west,6,404.0,-275.500,128.500,free_fly,957,2601,0.9359,0,1,0,0
mw4,west,6,400.0,-271.500,128.500,free_fly,957,2601,0.6797,51,1,0,0
mw4,west,6,396.0,-267.500,128.500,free_fly,957,2587,3.3448,14,0,0,0
mw4,west,6,392.0,-263.500,128.500,free_fly,957,2601,1.8242,51,0,0,0
mw4,west,6,388.0,-259.500,128.500,free_fly,957,2588,3.6499,13,0,0,0
mw4,west,6,384.0,-255.500,128.500,free_fly,957,2601,1.5852,51,0,0,0
mw4,west,6,380.0,-251.500,128.500,free_fly,957,2586,3.6028,15,0,0,0
mw4,west,6,376.0,-247.500,128.500,free_fly,957,2601,1.7747,51,0,0,0
mw4,west,6,372.0,-243.500,128.500,free_fly,957,2588,3.9498,13,0,0,0
mw4,west,6,368.0,-239.500,128.500,free_fly,957,2601,1.6026,51,0,0,0
mw4,west,6,364.0,-235.500,128.500,free_fly,957,2588,3.5971,13,0,0,0
mw4,west,6,360.0,-231.500,128.500,free_fly,957,2601,1.7135,51,0,0,0
mw4,west,6,356.0,-227.500,128.500,free_fly,957,2588,3.6075,13,0,0,0
mw4,west,6,352.0,-223.500,128.500,free_fly,957,2601,1.6166,51,0,0,0
mw4,west,6,348.0,-219.500,128.500,free_fly,957,2588,3.9522,13,0,0,0
mw4,west,6,344.0,-215.500,128.500,free_fly,957,2601,1.7116,51,0,0,0
mw4,west,6,340.0,-211.500,128.500,free_fly,957,2588,3.6387,13,0,0,0
mw4,west,6,336.0,-207.500,128.500,free_fly,957,2601,1.6789,51,0,0,0
mw4,west,6,332.0,-203.500,128.500,free_fly,957,2588,3.6185,13,0,0,0
mw4,west,6,328.0,-199.500,128.500,free_fly,957,2601,1.6043,51,0,0,0
mw4,west,6,324.0,-195.500,128.500,free_fly,957,2587,3.5511,14,0,0,0
mw4,west,6,320.0,-191.500,128.500,free_fly,957,2601,1.8028,51,0,0,0
mw4,west,6,316.0,-187.500,128.500,free_fly,957,2588,3.7068,13,0,0,0
mw4,west,6,312.0,-183.500,128.500,free_fly,957,2601,1.6373,51,0,0,0
mw4,west,6,308.0,-179.500,128.500,free_fly,957,2588,3.5777,13,0,0,0
mw4,west,6,304.0,-175.500,128.500,free_fly,957,2601,1.6004,51,0,0,0
mw4,west,6,300.0,-171.500,128.500,free_fly,957,2588,3.6090,13,0,0,0
mw4,west,6,296.0,-167.500,128.500,free_fly,957,2601,1.9434,51,0,0,0
mw4,west,6,292.0,-163.500,128.500,free_fly,957,2587,3.7367,14,0,0,0
mw4,west,6,288.0,-159.500,128.500,free_fly,957,2601,1.6911,51,0,0,0
mw4,west,6,284.0,-155.500,128.500,free_fly,957,2589,3.5684,12,0,0,0
mw4,west,6,280.0,-151.500,128.500,free_fly,957,2601,1.5064,51,0,0,0
mw4,west,6,276.0,-147.500,128.500,free_fly,957,2589,3.5896,12,0,0,0
mw4,west,6,272.0,-143.500,128.500,free_fly,957,2601,1.6119,51,0,0,0
mw4,west,6,268.0,-139.500,128.500,free_fly,957,2587,3.7348,14,0,0,0
mw4,west,6,264.0,-135.500,128.500,free_fly,957,2601,3.0544,51,0,0,0
mw4,west,6,260.0,-131.500,128.500,free_fly,957,2589,3.5821,12,0,0,0
mw4,west,6,256.0,-127.500,128.500,free_fly,957,2601,1.5307,51,0,0,0
mw4,west,6,252.0,-123.500,128.500,free_fly,957,2589,3.5932,12,0,0,0
mw4,west,6,248.0,-119.500,128.500,free_fly,957,2601,1.6354,51,0,0,0
mw4,west,6,244.0,-115.500,128.500,free_fly,957,2586,3.6298,15,0,0,0
mw4,west,6,240.0,-111.500,128.500,free_fly,957,2601,1.6970,51,0,0,0
mw4,west,6,236.0,-107.500,128.500,free_fly,957,2589,3.6167,12,0,0,0
mw4,west,6,232.0,-103.500,128.500,free_fly,957,2601,1.5110,51,0,0,0
mw4,west,6,228.0,-99.500,128.500,free_fly,957,2590,3.6547,11,0,0,0
mw4,west,6,224.0,-95.500,128.500,free_fly,957,2601,1.7175,51,0,0,0
mw4,west,6,220.0,-91.500,128.500,free_fly,957,2583,3.8500,18,0,0,0
mw4,west,6,216.0,-87.500,128.500,free_fly,957,2601,1.9888,51,0,0,0
mw4,west,6,212.0,-83.500,128.500,free_fly,957,2588,3.5592,13,0,0,0
mw4,west,6,208.0,-79.500,128.500,free_fly,957,2601,1.6002,51,0,0,0
mw4,west,6,204.0,-75.500,128.500,free_fly,957,2588,3.5950,13,0,0,0
mw4,west,6,200.0,-71.500,128.500,free_fly,957,2601,1.7419,51,0,0,0
mw4,west,6,196.0,-67.500,128.500,free_fly,957,2588,3.7892,13,0,0,0
mw4,west,6,192.0,-63.500,128.500,free_fly,957,2601,1.6096,51,0,0,0
mw4,west,6,188.0,-59.500,128.500,free_fly,957,2588,3.5665,13,0,0,0
mw4,west,6,184.0,-55.500,128.500,free_fly,957,2601,1.5769,51,0,0,0
mw4,west,6,180.0,-51.500,128.500,free_fly,957,2589,3.5877,12,0,0,0
mw4,west,6,176.0,-47.500,128.500,free_fly,957,2601,1.6003,51,0,0,0
mw4,west,6,172.0,-43.500,128.500,free_fly,957,2588,3.7398,13,0,0,0
mw4,west,6,168.0,-39.500,128.500,free_fly,957,2601,1.5812,51,0,0,0
mw4,west,6,164.0,-35.500,128.500,free_fly,957,2588,3.6079,13,0,0,0
mw4,west,6,160.0,-31.500,128.500,free_fly,957,2601,1.5440,51,0,0,0
mw4,west,6,156.0,-27.500,128.500,free_fly,957,2588,3.5124,13,0,0,0
mw4,west,6,152.0,-23.500,128.500,free_fly,957,2601,1.7438,51,0,0,0
mw4,west,6,148.0,-19.500,128.500,free_fly,957,2588,3.7341,13,0,0,0
mw4,west,6,144.0,-15.500,128.500,free_fly,957,2601,1.7382,51,0,0,0
mw4,west,6,140.0,-11.500,128.500,free_fly,957,2588,3.5635,13,0,0,0
mw4,west,6,136.0,-7.500,128.500,free_fly,957,2601,1.5802,51,0,0,0
mw4,west,6,132.0,-3.500,128.500,free_fly,957,2588,3.5548,13,0,0,0
mw4,west,6,128.0,0.500,128.500,free_fly,957,2601,1.6969,51,0,0,0
mw4,west,6,126.0,2.500,128.500,sprint,957,2588,4.0701,13,0,0,0
mw4,west,6,124.0,4.500,128.500,sprint,959,2601,1.8441,0,0,0,0
mw4,west,6,122.0,6.500,128.500,sprint,959,2601,0.7564,0,1,0,0
mw4,west,6,120.0,8.500,128.500,sprint,961,2601,0.6049,51,1,0,0
mw4,west,6,118.0,10.500,128.500,sprint,961,2588,3.5332,13,0,0,0
mw4,west,6,116.0,12.500,128.500,sprint,963,2601,1.5729,0,0,0,0
mw4,west,6,114.0,14.500,128.500,sprint,963,2601,0.6439,0,1,0,0
mw4,west,6,112.0,16.500,128.500,sprint,963,2601,0.5920,51,1,0,0
mw4,west,6,110.0,18.500,128.500,sprint,963,2587,3.5505,14,0,0,0
mw4,west,6,108.0,20.500,128.500,sprint,963,2601,1.6293,0,0,0,0
mw4,west,6,106.0,22.500,128.500,sprint,963,2601,0.6216,0,1,0,0
mw4,west,6,104.0,24.500,128.500,sprint,963,2601,0.6002,51,1,0,0
mw4,west,6,102.0,26.500,128.500,sprint,963,2589,3.6180,12,0,0,0
mw4,west,6,100.0,28.500,128.500,sprint,963,2601,1.4604,0,0,0,0
mw4,west,6,98.0,30.500,128.500,sprint,963,2601,0.6127,0,1,0,0
mw4,west,6,96.0,32.500,128.500,sprint,963,2601,0.5906,51,1,0,0
mw4,west,6,94.0,34.500,128.500,sprint,963,2589,3.5414,12,0,0,0
mw4,west,6,92.0,36.500,128.500,sprint,963,2601,1.4785,0,0,0,0
mw4,west,6,90.0,38.500,128.500,sprint,963,2601,0.6588,0,1,0,0
mw4,west,6,88.0,40.500,128.500,sprint,963,2601,0.5946,51,1,0,0
mw4,west,6,86.0,42.500,128.500,sprint,963,2589,3.5264,12,0,0,0
mw4,west,6,84.0,44.500,128.500,sprint,963,2601,1.6161,0,0,0,0
mw4,west,6,82.0,46.500,128.500,sprint,963,2601,0.7326,0,1,0,0
mw4,west,6,80.0,48.500,128.500,sprint,963,2601,0.6056,51,1,0,0
mw4,west,6,78.0,50.500,128.500,sprint,963,2588,3.5498,13,0,0,0
mw4,west,6,76.0,52.500,128.500,sprint,963,2601,1.5494,0,0,0,0
mw4,west,6,74.0,54.500,128.500,sprint,963,2601,0.6285,0,1,0,0
mw4,west,6,72.0,56.500,128.500,sprint,963,2601,0.5987,51,1,0,0
mw4,west,6,70.0,58.500,128.500,sprint,963,2587,3.5550,14,0,0,0
mw4,west,6,68.0,60.500,128.500,sprint,963,2601,1.6445,0,0,0,0
mw4,west,6,66.0,62.500,128.500,sprint,963,2601,0.6205,0,1,0,0
mw4,west,6,64.0,64.500,128.500,sprint,963,2601,0.6344,51,1,0,0
mw4,west,6,63.0,65.500,128.500,walk,963,2589,3.4996,12,0,0,0
mw4,west,6,62.0,66.500,128.500,walk,965,2601,1.5070,0,0,0,0
mw4,west,6,61.0,67.500,128.500,walk,965,2601,0.6236,0,1,0,0
mw4,west,6,60.0,68.500,128.500,walk,967,2601,0.5855,0,1,0,0
mw4,west,6,59.0,69.500,128.500,walk,967,2601,0.6002,0,1,0,0
mw4,west,6,58.0,70.500,128.500,walk,969,2601,0.5875,0,1,0,0
mw4,west,6,57.0,71.500,128.500,walk,969,2601,0.5722,0,1,0,0
mw4,west,6,56.0,72.500,128.500,walk,971,2601,0.5688,51,1,0,0
mw4,west,6,55.0,73.500,128.500,walk,971,2588,3.5635,13,0,0,0
mw4,west,6,54.0,74.500,128.500,walk,973,2601,1.5480,0,0,0,0
mw4,west,6,53.0,75.500,128.500,walk,973,2601,0.6147,0,1,0,0
mw4,west,6,52.0,76.500,128.500,walk,975,2601,0.5863,0,1,0,0
mw4,west,6,51.0,77.500,128.500,walk,975,2601,0.6037,0,1,0,0
mw4,west,6,50.0,78.500,128.500,walk,975,2601,0.5827,0,1,0,0
mw4,west,6,49.0,79.500,128.500,walk,975,2601,0.5710,0,1,0,0
mw4,west,6,48.0,80.500,128.500,walk,975,2601,0.5720,51,1,0,0
mw4,west,6,47.0,81.500,128.500,walk,975,2589,3.5630,12,0,0,0
mw4,west,6,46.0,82.500,128.500,walk,975,2601,1.5414,0,0,0,0
mw4,west,6,45.0,83.500,128.500,walk,975,2601,0.6078,0,1,0,0
mw4,west,6,44.0,84.500,128.500,walk,975,2601,0.5861,0,1,0,0
mw4,west,6,43.0,85.500,128.500,walk,975,2601,0.5710,0,1,0,0
mw4,west,6,42.0,86.500,128.500,walk,975,2601,0.5654,0,1,0,0
mw4,west,6,41.0,87.500,128.500,walk,975,2601,0.5673,0,1,0,0
mw4,west,6,40.0,88.500,128.500,walk,975,2601,0.5669,51,1,0,0
mw4,west,6,39.0,89.500,128.500,walk,975,2587,3.5500,14,0,0,0
mw4,west,6,38.0,90.500,128.500,walk,975,2601,1.5923,0,0,0,0
mw4,west,6,37.0,91.500,128.500,walk,975,2601,0.6156,0,1,0,0
mw4,west,6,36.0,92.500,128.500,walk,975,2601,0.5902,0,1,0,0
mw4,west,6,35.0,93.500,128.500,walk,975,2601,0.5727,0,1,0,0
mw4,west,6,34.0,94.500,128.500,walk,975,2601,0.5794,0,1,0,0
mw4,west,6,33.0,95.500,128.500,walk,975,2601,0.5718,0,1,0,0
mw4,west,6,32.0,96.500,128.500,walk,975,2601,0.5696,51,1,0,0
mw4,west,6,31.0,97.500,128.500,walk,975,2589,3.5512,12,0,0,0
mw4,west,6,30.0,98.500,128.500,walk,975,2601,1.4361,0,0,0,0
mw4,west,6,29.0,99.500,128.500,walk,975,2601,0.6001,0,1,0,0
mw4,west,6,28.0,100.500,128.500,walk,975,2601,0.5816,0,1,0,0
mw4,west,6,27.0,101.500,128.500,walk,975,2601,0.5846,0,1,0,0
mw4,west,6,26.0,102.500,128.500,walk,975,2601,0.6068,0,1,0,0
mw4,west,6,25.0,103.500,128.500,walk,975,2601,0.5723,0,1,0,0
mw4,west,6,24.0,104.500,128.500,walk,975,2601,0.6885,51,1,0,0
mw4,west,6,23.0,105.500,128.500,walk,975,2587,3.4982,14,0,0,0
mw4,west,6,22.0,106.500,128.500,walk,975,2601,1.5976,0,0,0,0
mw4,west,6,21.0,107.500,128.500,walk,975,2601,0.6101,0,1,0,0
mw4,west,6,20.0,108.500,128.500,walk,975,2601,0.5892,0,1,0,0
mw4,west,6,19.0,109.500,128.500,walk,975,2601,0.5763,0,1,0,0
mw4,west,6,18.0,110.500,128.500,walk,975,2601,0.5684,0,1,0,0
mw4,west,6,17.0,111.500,128.500,walk,975,2601,0.5688,0,1,0,0
mw4,west,6,16.0,112.500,128.500,walk,975,2601,0.9388,51,1,0,0
mw4,west,6,15.0,113.500,128.500,walk,975,2587,3.4901,14,0,0,0
mw4,west,6,14.0,114.500,128.500,walk,975,2601,1.6069,0,0,0,0
mw4,west,6,13.0,115.500,128.500,walk,975,2601,0.7160,0,1,0,0
mw4,west,6,12.0,116.500,128.500,walk,975,2601,0.6313,0,1,0,0
mw4,west,6,11.0,117.500,128.500,walk,975,2601,0.5849,0,1,0,0
mw4,west,6,10.0,118.500,128.500,walk,975,2601,0.5705,0,1,0,0
mw4,west,6,9.0,119.500,128.500,walk,975,2601,0.5663,0,1,0,0
mw4,west,6,8.0,120.500,128.500,walk,975,2601,0.5649,51,1,0,0
mw4,west,6,7.0,121.500,128.500,walk,975,2587,3.5036,14,0,0,0
mw4,west,6,6.0,122.500,128.500,walk,975,2601,1.5767,0,0,0,0
mw4,west,6,5.0,123.500,128.500,walk,975,2601,0.6043,0,1,0,0
mw4,west,6,4.0,124.500,128.500,walk,975,2601,0.5824,0,1,0,0
mw4,west,6,3.0,125.500,128.500,walk,975,2601,0.5839,0,1,0,0
mw4,west,6,2.0,126.500,128.500,walk,975,2601,0.5880,0,1,0,0
mw4,west,6,1.0,127.500,128.500,walk,975,2601,0.8838,0,1,0,0
mw4,west,6,0.0,128.500,128.500,walk,975,2601,0.5642,51,1,0,0
