col,auth_near_deg,auth_32_50_deg,auth_50_80_deg,auth_80_128_deg,render_near_top_deg,render_far_bottom_deg,render_gap_deg,class
0,0.159,0.157,0.761,1.741,-0.215,-0.029,0.186,LAYERED
4,0.181,0.157,0.775,1.748,-0.216,-0.029,0.187,LAYERED
8,0.202,0.156,0.790,1.754,-0.217,-0.029,0.187,LAYERED
12,0.224,0.156,0.807,1.740,-0.217,-0.029,0.188,LAYERED
16,0.246,0.156,0.826,1.758,-0.218,-0.029,0.189,LAYERED
20,0.269,0.156,0.847,1.754,-0.219,-0.030,0.189,LAYERED
24,0.292,0.156,0.867,1.756,-0.219,-0.030,0.190,LAYERED
28,0.315,0.156,0.888,1.751,-0.220,-0.030,0.190,LAYERED
32,0.338,0.156,0.905,1.734,-0.221,-0.030,0.191,LAYERED
36,0.362,0.156,0.916,1.730,-0.221,-0.030,0.191,LAYERED
40,0.389,0.157,0.925,1.737,-0.222,-0.030,0.192,LAYERED
44,0.449,0.158,0.933,1.765,-0.223,-0.030,0.193,LAYERED
48,0.509,0.158,0.939,1.727,-0.223,-0.030,0.193,LAYERED
52,0.569,0.158,0.946,1.736,-0.224,-0.030,0.194,LAYERED
56,0.630,0.158,0.954,1.684,-0.225,-0.030,0.194,BASIN_A
60,0.692,0.158,0.963,1.701,-0.225,-0.030,0.195,BASIN_A
64,0.754,0.158,0.974,1.640,-0.226,-0.030,0.195,BASIN_A
68,0.816,0.157,0.988,1.626,-0.227,-0.031,0.196,BASIN_A
72,0.879,0.157,1.001,1.567,-0.227,-0.031,0.197,BASIN_A
76,0.943,0.157,1.013,1.531,-0.228,-0.031,0.197,BASIN_A
80,1.006,0.157,1.025,1.498,-0.229,-0.031,0.198,BASIN_A
84,1.071,0.157,1.032,1.458,-0.229,-0.031,0.198,BASIN_A
88,1.136,0.163,1.038,1.431,-0.230,-0.031,0.199,BASIN_A
92,1.201,0.175,1.043,1.381,-0.231,-0.031,0.200,BASIN_A
96,1.267,0.191,1.048,1.354,-0.231,-0.031,0.200,BASIN_A
100,1.333,0.216,1.052,1.324,-0.232,-0.031,0.201,BASIN_A
104,1.400,0.255,1.054,1.299,-0.233,0.036,0.268,BASIN_A
108,1.467,0.301,1.053,1.292,-0.233,0.170,0.404,BASIN_A
112,1.535,0.362,1.049,1.263,-0.234,0.171,0.405,BASIN_A
116,1.604,0.440,1.025,1.252,-0.235,0.171,0.406,BASIN_A
120,1.673,0.539,0.994,1.238,-0.235,0.172,0.407,BASIN_A
124,1.742,0.664,0.962,1.213,-0.236,0.172,0.408,BASIN_A
128,1.812,0.796,0.930,1.201,-0.237,0.173,0.410,BASIN_A
132,1.882,0.948,0.902,1.184,-0.238,0.173,0.411,BASIN_A
136,1.953,1.104,0.877,1.167,-0.238,0.174,0.412,BASIN_A
140,2.025,1.264,0.855,1.157,-0.239,0.174,0.413,BASIN_A
144,2.097,1.428,0.843,1.135,-0.240,0.175,0.414,BASIN_A
148,2.169,1.600,0.834,1.124,-0.240,0.175,0.416,BASIN_A
152,2.243,1.725,0.824,1.112,-0.241,0.176,0.417,BASIN_A
156,2.316,1.860,0.814,1.095,-0.242,0.176,0.418,BASIN_A
160,2.390,2.024,0.807,1.085,-0.242,0.177,0.419,BASIN_A
164,2.465,2.179,0.798,1.075,-0.243,0.177,0.420,BASIN_A
168,2.540,2.287,0.787,1.055,-0.244,0.178,0.422,BASIN_A
172,2.616,2.295,0.778,1.044,-0.244,0.178,0.423,BASIN_A
176,2.692,2.308,0.776,1.033,-0.245,0.179,0.424,BASIN_A
180,2.769,2.366,0.784,1.021,-0.246,0.179,0.425,BASIN_A
184,2.846,2.355,0.796,1.019,-0.247,0.180,0.426,BASIN_A
188,2.975,2.343,0.812,1.016,-0.247,0.180,0.428,BASIN_A
192,3.182,2.330,0.829,0.995,-0.248,0.181,0.429,BASIN_A
196,3.392,2.316,0.846,0.993,-0.249,0.181,0.430,BASIN_A
200,3.604,2.300,0.859,0.987,-0.249,0.182,0.431,BASIN_A
204,3.818,2.281,0.869,0.960,-0.250,0.182,0.432,BASIN_A
208,4.035,2.262,0.863,0.954,-0.251,0.183,0.433,BASIN_A
212,4.255,2.244,0.848,0.962,-0.251,0.183,0.435,BASIN_A
216,4.477,2.231,0.834,0.942,-0.252,0.184,0.436,BASIN_A
220,4.702,2.222,0.824,0.938,-0.253,0.184,0.437,BASIN_A
224,4.929,2.215,0.807,0.932,-0.253,0.185,0.438,BASIN_A
228,5.110,2.213,0.795,0.900,-0.254,0.185,0.439,BASIN_A
232,5.163,2.225,0.793,0.889,-0.255,0.186,0.441,BASIN_A
236,5.213,2.243,0.793,0.899,-0.255,0.186,0.442,BASIN_A
240,5.245,2.271,0.812,0.897,-0.256,0.187,0.443,BASIN_A
244,5.352,2.310,0.827,0.869,-0.257,0.187,0.444,BASIN_A
248,5.548,2.353,0.836,0.871,-0.257,0.188,0.445,BASIN_A
252,5.695,2.391,0.837,0.859,-0.258,0.188,0.446,BASIN_A
256,5.720,2.429,0.835,0.821,-0.259,0.189,0.448,BASIN_A
260,5.761,2.413,0.827,0.766,-0.259,0.189,0.449,BASIN_A
264,5.897,2.445,0.836,0.707,-0.260,-0.035,0.225,BASIN_A
268,5.906,2.477,0.838,0.648,-0.261,-0.035,0.226,BASIN_A
272,6.002,2.482,0.808,0.592,-0.261,-0.035,0.226,BASIN_A
276,6.080,2.462,0.799,0.541,-0.262,-0.035,0.227,BASIN_A
280,6.073,2.440,0.785,0.493,-0.263,-0.035,0.227,BASIN_A
284,6.054,2.414,0.784,0.452,-0.263,-0.036,0.228,BASIN_A
288,6.097,2.388,0.776,0.416,-0.264,-0.036,0.228,BASIN_A
292,6.152,2.363,0.767,0.390,-0.265,-0.036,0.229,BASIN_A
296,6.310,2.338,0.769,0.367,-0.265,-0.036,0.230,BASIN_A
300,6.409,2.316,0.767,0.346,-0.266,-0.036,0.230,BASIN_A
304,6.412,2.297,0.742,0.327,-0.267,-0.036,0.231,BASIN_A
308,6.524,2.281,0.729,0.308,-0.267,-0.036,0.231,BASIN_A
312,6.563,2.274,0.725,0.289,-0.268,-0.036,0.232,BASIN_A
316,6.538,2.281,0.732,0.269,-0.269,-0.036,0.232,BASIN_A
320,6.512,2.308,0.736,0.247,-0.269,-0.036,0.233,BASIN_A
324,6.603,2.351,0.721,0.224,-0.270,-0.036,0.233,BASIN_A
328,6.753,2.406,0.712,0.195,-0.270,-0.036,0.234,BASIN_A
332,6.818,2.460,0.710,0.159,-0.271,-0.037,0.234,BASIN_A
336,6.978,2.461,0.702,0.118,-0.272,-0.037,0.235,BASIN_A
340,7.144,2.446,0.697,0.068,-0.272,-0.037,0.235,BASIN_A
344,7.210,2.460,0.698,0.012,-0.273,-0.037,0.236,BASIN_A
348,7.237,2.501,0.696,-0.062,-0.273,-0.037,0.237,BASIN_A
352,7.392,2.495,0.694,-0.140,-0.274,-0.037,0.237,BASIN_A
356,7.443,2.471,0.700,-0.225,-0.275,-0.037,0.238,BASIN_A
360,7.442,2.446,0.704,-0.234,-0.275,-0.037,0.238,BASIN_A
364,7.439,2.419,0.696,-0.237,-0.276,-0.037,0.239,BASIN_A
368,7.436,2.391,0.683,-0.240,-0.276,-0.037,0.239,BASIN_A
372,7.432,2.362,0.682,-0.243,-0.277,-0.037,0.240,BASIN_A
376,7.535,2.331,0.685,-0.247,-0.277,-0.037,0.240,BASIN_A
380,7.711,2.297,0.690,-0.250,-0.278,-0.038,0.241,BASIN_A
384,7.888,2.270,0.701,-0.253,-0.279,-0.038,0.241,BASIN_A
388,8.066,2.306,0.711,-0.257,-0.279,-0.038,0.241,BASIN_A
392,8.244,2.319,0.703,-0.261,-0.280,-0.038,0.242,BASIN_A
396,8.423,2.331,0.687,-0.264,-0.280,-0.038,0.242,BASIN_A
400,8.602,2.381,0.686,-0.268,-0.281,-0.038,0.243,BASIN_A
404,8.782,2.430,0.690,-0.272,-0.281,-0.038,0.243,BASIN_A
408,8.963,2.419,0.694,-0.276,-0.282,-0.038,0.244,BASIN_A
412,9.144,2.405,0.700,-0.280,-0.282,-0.038,0.244,BASIN_A
416,9.326,2.403,0.711,-0.284,-0.283,-0.038,0.245,BASIN_A
420,9.508,2.440,0.714,-0.288,-0.283,-0.038,0.245,BASIN_A
424,9.690,2.446,0.709,-0.293,-0.284,-0.038,0.246,BASIN_A
428,9.873,2.414,0.693,-0.297,-0.284,-0.038,0.246,BASIN_A
432,10.056,2.385,0.697,-0.301,-0.285,-0.038,0.246,BASIN_A
436,10.239,2.354,0.706,-0.306,-0.285,-0.038,0.247,BASIN_A
440,10.372,2.327,0.704,-0.310,-0.286,-0.039,0.247,BASIN_A
444,10.438,2.302,0.696,-0.314,-0.286,-0.039,0.248,BASIN_A
448,10.526,2.266,0.699,-0.319,-0.287,-0.039,0.248,BASIN_A
452,10.594,2.230,0.694,-0.323,-0.287,-0.039,0.248,BASIN_A
456,10.632,2.193,0.687,-0.327,-0.287,-0.039,0.249,BASIN_A
460,10.695,2.156,0.685,-0.331,-0.288,-0.039,0.249,BASIN_A
464,10.758,2.119,0.689,-0.336,-0.288,-0.039,0.249,BASIN_A
468,10.819,2.070,0.700,-0.340,-0.289,-0.039,0.250,BASIN_A
472,10.880,2.018,0.698,-0.344,-0.289,-0.039,0.250,BASIN_A
476,10.941,1.965,0.696,-0.348,-0.290,-0.039,0.250,BASIN_A
480,11.001,1.911,0.684,-0.352,-0.290,-0.039,0.251,BASIN_A
484,11.060,1.857,0.666,-0.355,-0.290,-0.039,0.251,BASIN_A
488,11.119,1.753,0.675,-0.359,-0.291,-0.039,0.251,BASIN_A
492,11.177,1.575,0.679,-0.363,-0.291,-0.039,0.252,BASIN_A
496,11.235,1.396,0.683,-0.366,-0.291,-0.039,0.252,BASIN_A
500,11.292,1.217,0.678,-0.370,-0.292,-0.039,0.252,BASIN_A
504,11.350,1.037,0.666,-0.373,-0.292,-0.039,0.253,BASIN_A
508,11.406,0.861,0.653,-0.376,-0.292,-0.039,0.253,BASIN_A
512,11.463,0.740,0.633,-0.379,-0.293,-0.039,0.253,BASIN_A
516,11.519,0.620,0.640,-0.382,-0.293,-0.040,0.253,BASIN_A
520,11.605,0.498,0.641,-0.384,-0.293,-0.040,0.254,BASIN_A
524,11.753,0.394,0.637,-0.387,-0.294,-0.040,0.254,BASIN_A
528,11.918,0.407,0.632,-0.389,-0.294,-0.040,0.254,BASIN_A
532,12.082,0.408,0.619,-0.391,-0.294,-0.040,0.254,BASIN_A
536,12.246,0.408,0.605,-0.393,-0.294,-0.040,0.255,BASIN_A
540,12.409,0.409,0.591,-0.395,-0.295,-0.040,0.255,BASIN_A
544,12.573,0.414,0.583,-0.397,-0.295,-0.040,0.255,BASIN_A
548,12.737,0.425,0.578,-0.398,-0.295,-0.040,0.255,BASIN_A
552,12.900,0.427,0.572,-0.400,-0.295,-0.040,0.255,BASIN_A
556,13.063,0.428,0.565,-0.401,-0.295,-0.040,0.256,BASIN_A
560,13.227,0.430,0.559,-0.402,-0.296,-0.040,0.256,BASIN_A
564,13.390,0.432,0.548,-0.403,-0.296,-0.040,0.256,BASIN_A
568,13.553,0.441,0.538,-0.403,-0.296,-0.040,0.256,BASIN_A
572,13.730,0.449,0.529,-0.404,-0.296,-0.040,0.256,BASIN_A
576,13.909,0.450,0.522,-0.405,-0.296,-0.040,0.256,BASIN_A
580,14.087,0.451,0.516,-0.405,-0.296,-0.040,0.256,BASIN_A
584,14.264,0.453,0.509,-0.405,-0.297,-0.040,0.257,BASIN_A
588,14.441,0.454,0.503,-0.405,-0.297,-0.040,0.257,BASIN_A
592,14.617,0.455,0.495,-0.405,-0.297,-0.040,0.257,BASIN_A
596,14.792,0.455,0.487,-0.405,-0.297,-0.040,0.257,BASIN_A
600,14.967,0.455,0.482,-0.405,-0.297,-0.040,0.257,BASIN_A
604,15.141,0.455,0.474,-0.405,-0.297,-0.040,0.257,BASIN_A
608,15.314,0.455,0.468,-0.405,-0.297,-0.040,0.257,BASIN_A
612,15.486,0.455,0.461,-0.404,-0.297,-0.040,0.257,BASIN_A
616,15.657,0.455,0.455,-0.404,-0.297,-0.040,0.257,BASIN_A
620,15.827,0.455,0.452,-0.404,-0.297,-0.040,0.257,BASIN_A
624,15.997,0.456,0.450,-0.403,-0.297,-0.040,0.257,BASIN_A
628,16.165,0.456,0.442,-0.403,-0.297,-0.040,0.257,BASIN_A
632,16.333,0.456,0.433,-0.403,-0.297,-0.040,0.257,BASIN_A
636,16.499,0.456,0.422,-0.402,-0.297,-0.040,0.257,BASIN_A
640,16.665,0.456,0.416,-0.402,-0.297,-0.040,0.257,BASIN_A
644,16.829,0.456,0.412,-0.402,-0.297,-0.040,0.257,BASIN_A
648,16.993,0.456,0.409,-0.402,-0.297,-0.040,0.257,BASIN_A
652,17.156,0.456,0.408,-0.402,-0.297,-0.040,0.257,BASIN_A
656,17.317,0.456,0.394,-0.402,-0.297,-0.040,0.257,BASIN_A
660,17.478,0.456,0.380,-0.402,-0.297,-0.040,0.257,BASIN_A
664,17.637,0.456,0.374,-0.403,-0.297,-0.040,0.257,BASIN_A
668,17.795,0.456,0.370,-0.403,-0.297,-0.040,0.257,BASIN_A
672,17.953,0.456,0.369,-0.404,-0.297,-0.040,0.257,BASIN_A
676,18.109,0.456,0.366,-0.404,-0.297,-0.040,0.257,BASIN_A
680,18.264,0.456,0.353,-0.405,-0.297,-0.040,0.257,BASIN_A
684,18.418,0.456,0.342,-0.406,-0.296,-0.040,0.256,BASIN_A
688,18.570,0.456,0.330,-0.407,-0.296,-0.040,0.256,BASIN_A
692,18.722,0.456,0.323,-0.409,-0.296,-0.040,0.256,BASIN_A
696,18.872,0.456,0.321,-0.410,-0.296,-0.040,0.256,BASIN_A
700,19.021,0.456,0.313,-0.412,-0.296,-0.040,0.256,BASIN_A
704,19.169,0.456,0.303,-0.414,-0.296,-0.040,0.256,BASIN_A
708,19.316,0.456,0.299,-0.416,-0.295,-0.040,0.256,BASIN_A
712,19.461,0.456,0.295,-0.418,-0.295,-0.040,0.255,BASIN_A
716,19.606,0.456,0.292,-0.420,-0.295,-0.040,0.255,BASIN_A
720,19.749,0.456,0.292,-0.422,-0.295,-0.040,0.255,BASIN_A
724,19.848,0.456,0.292,-0.425,-0.295,-0.040,0.255,BASIN_A
728,19.838,0.456,0.292,-0.428,-0.294,-0.040,0.255,BASIN_A
732,19.828,0.456,0.292,-0.430,-0.294,-0.040,0.254,BASIN_A
736,19.818,0.456,0.292,-0.433,-0.294,-0.040,0.254,BASIN_A
740,19.931,0.456,0.292,-0.437,-0.293,-0.040,0.254,BASIN_A
744,20.066,0.456,0.292,-0.440,-0.293,-0.040,0.254,BASIN_A
748,20.200,0.456,0.292,-0.443,-0.293,-0.040,0.253,BASIN_A
752,20.333,0.456,0.292,-0.447,-0.293,-0.039,0.253,BASIN_A
756,20.465,0.456,0.293,-0.450,-0.292,-0.039,0.253,BASIN_A
760,20.595,0.456,0.301,-0.454,-0.292,-0.039,0.253,BASIN_A
764,20.724,0.456,0.305,-0.457,-0.292,-0.039,0.252,BASIN_A
768,20.852,0.456,0.307,-0.461,-0.291,-0.039,0.252,BASIN_A
772,20.978,0.456,0.308,-0.465,-0.291,-0.039,0.252,BASIN_A
776,21.103,0.456,0.309,-0.469,-0.291,-0.039,0.251,BASIN_A
780,21.227,0.456,0.308,-0.472,-0.290,-0.039,0.251,BASIN_A
784,21.270,0.456,0.308,-0.476,-0.290,-0.039,0.251,BASIN_A
788,21.288,0.456,0.308,-0.480,-0.289,-0.039,0.250,BASIN_A
792,21.307,0.456,0.302,-0.484,-0.289,-0.039,0.250,BASIN_A
796,21.325,0.456,0.295,-0.488,-0.289,-0.039,0.250,BASIN_A
800,21.344,0.456,0.295,-0.491,-0.288,-0.039,0.249,BASIN_A
804,21.363,0.456,0.292,-0.495,-0.288,-0.039,0.249,BASIN_A
808,21.381,0.456,0.292,-0.499,-0.287,-0.039,0.249,BASIN_A
812,21.400,0.456,0.292,-0.502,-0.287,-0.039,0.248,BASIN_A
816,21.419,0.456,0.292,-0.506,-0.287,-0.039,0.248,BASIN_A
820,21.438,0.456,0.292,-0.509,-0.286,-0.039,0.247,BASIN_A
824,21.458,0.456,0.292,-0.512,-0.286,-0.039,0.247,BASIN_A
828,21.477,0.456,0.292,-0.516,-0.285,-0.038,0.247,BASIN_A
832,21.496,0.456,0.292,-0.519,-0.285,-0.038,0.246,BASIN_A
836,21.516,0.456,0.292,-0.513,-0.284,-0.038,0.246,BASIN_A
840,21.536,0.456,0.292,-0.505,-0.284,-0.038,0.245,BASIN_A
844,21.556,0.456,0.292,-0.497,-0.283,-0.038,0.245,BASIN_A
848,21.576,0.456,0.292,-0.489,-0.283,-0.038,0.245,BASIN_A
852,21.596,0.456,0.292,-0.480,-0.282,-0.038,0.244,BASIN_A
856,21.616,0.456,0.292,-0.470,-0.282,-0.038,0.244,BASIN_A
860,21.636,0.456,0.292,-0.456,-0.281,-0.038,0.243,BASIN_A
864,21.696,0.456,0.292,-0.438,-0.281,-0.038,0.243,BASIN_A
868,21.765,0.456,0.292,-0.418,-0.280,-0.038,0.242,BASIN_A
872,21.832,0.456,0.292,-0.397,-0.280,-0.038,0.242,BASIN_A
876,21.897,0.456,0.292,-0.375,-0.279,-0.038,0.241,BASIN_A
880,21.960,0.456,0.292,-0.353,-0.278,-0.038,0.241,BASIN_A
884,22.023,0.456,0.292,-0.332,-0.278,-0.038,0.240,BASIN_A
888,22.083,0.456,0.292,-0.312,-0.277,-0.037,0.240,BASIN_A
892,22.122,0.456,0.292,-0.294,-0.277,-0.037,0.239,BASIN_A
896,22.148,0.456,0.292,-0.281,-0.276,-0.037,0.239,BASIN_A
900,22.173,0.456,0.292,-0.271,-0.276,-0.037,0.238,BASIN_A
904,22.199,0.456,0.292,-0.260,-0.275,-0.037,0.238,BASIN_A
908,22.224,0.456,0.292,-0.263,-0.275,-0.037,0.237,BASIN_A
912,22.250,0.456,0.295,-0.277,-0.274,-0.037,0.237,BASIN_A
916,22.275,0.456,0.302,-0.295,-0.273,-0.037,0.236,BASIN_A
920,22.300,0.456,0.310,-0.313,-0.273,-0.037,0.236,BASIN_A
924,22.325,0.456,0.318,-0.330,-0.272,-0.037,0.235,BASIN_A
928,22.350,0.456,0.327,-0.348,-0.272,-0.037,0.235,BASIN_A
932,22.375,0.456,0.335,-0.366,-0.271,-0.037,0.234,BASIN_A
936,22.399,0.456,0.342,-0.383,-0.270,-0.036,0.234,BASIN_A
940,22.424,0.456,0.351,-0.401,-0.270,-0.036,0.233,BASIN_A
944,22.448,0.456,0.360,-0.418,-0.269,-0.036,0.233,BASIN_A
948,22.473,0.456,0.371,-0.435,-0.268,-0.036,0.232,BASIN_A
952,22.497,0.456,0.381,-0.452,-0.268,-0.036,0.232,BASIN_A
956,22.521,0.456,0.392,-0.469,-0.267,-0.036,0.231,BASIN_A
960,22.545,0.456,0.405,-0.485,-0.267,-0.036,0.231,BASIN_A
964,22.569,0.456,0.412,-0.502,-0.266,-0.036,0.230,BASIN_A
968,22.593,0.456,0.423,-0.518,-0.265,-0.036,0.229,BASIN_A
972,22.616,0.456,0.431,-0.534,-0.265,-0.036,0.229,BASIN_A
976,22.640,0.456,0.442,-0.543,-0.264,-0.036,0.228,BASIN_A
980,22.663,0.456,0.456,-0.542,-0.263,-0.036,0.228,BASIN_A
984,22.687,0.456,0.468,-0.541,-0.263,-0.035,0.227,BASIN_A
988,22.710,0.456,0.487,-0.539,-0.262,-0.035,0.227,BASIN_A
992,22.733,0.456,0.495,-0.538,-0.261,-0.035,0.226,BASIN_A
996,22.756,0.456,0.510,-0.537,-0.261,-0.035,0.225,BASIN_A
1000,22.779,0.456,0.518,-0.536,-0.260,-0.035,0.225,BASIN_A
1004,22.802,0.456,0.527,-0.535,-0.259,-0.035,0.224,BASIN_A
1008,22.825,0.456,0.539,-0.534,-0.259,-0.035,0.224,BASIN_A
1012,22.847,0.456,0.552,-0.533,-0.258,-0.035,0.223,BASIN_A
1016,22.870,0.456,0.572,-0.532,-0.257,-0.035,0.223,BASIN_A
1020,22.892,0.456,0.583,-0.530,-0.257,-0.035,0.222,BASIN_A
1024,22.915,0.456,0.606,-0.529,-0.256,-0.035,0.221,BASIN_A
1028,22.937,0.456,0.614,-0.528,-0.255,-0.034,0.221,BASIN_A
1032,22.959,0.456,0.626,-0.527,-0.255,-0.034,0.220,BASIN_A
1036,22.981,0.456,0.632,-0.523,-0.254,-0.034,0.220,BASIN_A
1040,23.003,0.456,0.639,-0.516,-0.253,-0.034,0.219,BASIN_A
1044,23.025,0.456,0.654,-0.507,-0.253,-0.034,0.218,BASIN_A
1048,23.047,0.456,0.675,-0.494,-0.252,-0.034,0.218,BASIN_A
1052,23.069,0.456,0.703,-0.481,-0.251,-0.034,0.217,BASIN_A
1056,23.090,0.456,0.709,-0.471,-0.251,-0.034,0.217,BASIN_A
1060,23.112,0.456,0.735,-0.464,-0.250,-0.034,0.216,BASIN_A
1064,23.133,0.456,0.743,-0.459,-0.249,-0.034,0.216,BASIN_A
1068,23.154,0.456,0.741,-0.458,-0.248,-0.034,0.215,BASIN_A
1072,23.176,0.456,0.748,-0.458,-0.248,-0.033,0.214,BASIN_A
1076,23.197,0.456,0.762,-0.458,-0.247,-0.033,0.214,BASIN_A
1080,23.218,0.456,0.784,-0.457,-0.246,-0.033,0.213,BASIN_A
1084,23.239,0.463,0.800,-0.457,-0.246,-0.033,0.213,BASIN_A
1088,23.259,0.474,0.833,-0.457,-0.245,-0.033,0.212,BASIN_A
1092,23.280,0.484,0.834,-0.457,-0.244,-0.033,0.211,BASIN_A
1096,23.301,0.491,0.857,-0.457,-0.244,-0.033,0.211,BASIN_A
1100,23.321,0.498,0.855,-0.457,-0.243,-0.033,0.210,BASIN_A
1104,23.341,0.505,0.859,-0.458,-0.242,-0.033,0.210,BASIN_A
1108,23.362,0.513,0.871,-0.458,-0.242,-0.033,0.209,BASIN_A
1112,23.382,0.522,0.890,-0.458,-0.241,-0.033,0.208,BASIN_A
1116,23.402,0.531,0.911,-0.459,-0.240,-0.032,0.208,BASIN_A
1120,23.422,0.539,0.936,-0.459,-0.239,-0.032,0.207,BASIN_A
1124,23.442,0.547,0.957,-0.460,-0.239,-0.032,0.207,BASIN_A
1128,23.462,0.554,0.991,-0.460,-0.238,-0.032,0.206,BASIN_A
1132,23.481,0.561,1.012,-0.461,-0.237,-0.032,0.205,BASIN_A
1136,23.501,0.568,1.040,-0.462,-0.237,-0.032,0.205,BASIN_A
1140,23.520,0.576,1.064,-0.463,-0.236,-0.032,0.204,BASIN_A
1144,23.540,0.585,1.083,-0.464,-0.235,-0.032,0.204,BASIN_A
1148,23.559,0.593,1.109,-0.465,-0.235,-0.032,0.203,BASIN_A
1152,23.578,0.604,1.134,-0.466,-0.234,-0.032,0.202,BASIN_A
1156,23.597,0.614,1.161,-0.467,-0.233,-0.031,0.202,BASIN_A
1160,23.616,0.624,1.192,-0.468,-0.233,-0.031,0.201,BASIN_A
1164,23.635,0.633,1.224,-0.470,-0.232,-0.031,0.201,BASIN_A
1168,23.653,0.642,1.260,-0.471,-0.231,-0.031,0.200,BASIN_A
1172,23.672,0.652,1.283,-0.472,-0.231,-0.031,0.199,BASIN_A
1176,23.690,0.661,1.320,-0.474,-0.230,-0.031,0.199,BASIN_A
1180,23.709,0.667,1.337,-0.475,-0.229,-0.031,0.198,BASIN_A
1184,23.727,0.673,1.374,-0.477,-0.229,-0.031,0.198,BASIN_A
1188,23.745,0.679,1.385,-0.478,-0.228,-0.031,0.197,BASIN_A
1192,23.763,0.685,1.419,-0.479,-0.227,-0.031,0.197,BASIN_A
1196,23.781,0.691,1.442,-0.481,-0.227,-0.031,0.196,BASIN_A
1200,23.799,0.697,1.479,-0.482,-0.226,-0.030,0.195,BASIN_A
1204,23.816,0.703,1.524,-0.484,-0.225,-0.030,0.195,BASIN_A
1208,23.834,0.703,1.558,-0.485,-0.224,-0.030,0.194,BASIN_A
1212,23.851,0.702,1.604,-0.486,-0.224,-0.030,0.194,BASIN_A
1216,23.869,0.700,1.635,-0.488,-0.223,-0.030,0.193,BASIN_A
1220,23.886,0.700,1.669,-0.489,-0.222,-0.030,0.192,BASIN_A
1224,23.903,0.699,1.696,-0.491,-0.222,-0.030,0.192,BASIN_A
1228,23.920,0.699,1.726,-0.492,-0.221,-0.030,0.191,BASIN_A
1232,23.937,0.700,1.759,-0.494,-0.220,-0.030,0.191,BASIN_A
1236,23.953,0.700,1.793,-0.495,-0.220,-0.030,0.190,BASIN_A
1240,23.970,0.694,1.828,-0.496,-0.219,-0.030,0.190,BASIN_A
1244,23.987,0.688,1.864,-0.498,-0.219,-0.029,0.189,BASIN_A
1248,24.003,0.682,1.909,-0.499,-0.218,-0.029,0.188,BASIN_A
1252,24.019,0.678,1.939,-0.501,-0.217,-0.029,0.188,BASIN_A
1256,24.035,0.674,1.980,-0.502,-0.217,-0.029,0.187,BASIN_A
1260,24.051,0.670,1.998,-0.504,-0.216,-0.029,0.187,BASIN_A
