elapsed_s,distance_m,x,y,mode,frame_ms,resident_packages,pending_packages,worker_queue,complete_radius_m,working_set_bytes,private_bytes,packages_created,packages_retired,wake_water_body,wake_topology,wake_mesh,wake_collision,wake_grass,wake_tree
0.167,4.0,131.329,131.329,fly,5.722,2601,0,0,192.00,386207744,502153216,0,0,0,0,0,0,0,0
0.334,8.0,134.164,134.164,fly,5.994,2601,0,0,192.00,386285568,502222848,0,0,0,0,0,0,0,0
0.512,12.3,137.197,137.197,fly,5.217,2601,0,150,192.00,390889472,511160320,101,101,0,0,101,101,0,0
0.690,16.5,140.202,140.202,fly,5.013,2601,0,0,192.00,400089088,520663040,101,101,0,0,101,101,0,0
0.860,20.7,143.102,143.102,fly,7.896,2601,0,0,192.00,400089088,520663040,101,101,0,0,101,101,0,0
1.048,25.2,146.293,146.293,fly,6.227,2601,0,88,192.00,412655616,535429120,202,202,0,0,202,202,0,0
1.222,29.3,149.241,149.241,fly,5.018,2601,0,0,192.00,422318080,545144832,202,202,0,0,202,202,0,0
1.387,33.3,152.045,152.045,fly,5.150,2601,101,0,192.00,422318080,545144832,202,202,0,0,202,202,0,0
1.574,37.8,155.212,155.212,fly,5.034,2601,0,41,192.00,437972992,565243904,303,303,0,0,303,303,0,0
1.743,41.8,158.080,158.080,fly,5.014,2601,0,0,192.00,444694528,571797504,303,303,0,0,303,303,0,0
1.917,46.0,161.029,161.029,fly,6.290,2601,0,169,192.00,446013440,577048576,404,404,0,0,404,404,0,0
2.088,50.1,163.927,163.927,fly,5.058,2601,0,9,192.00,454037504,585666560,404,404,0,0,404,404,0,0
2.245,53.9,166.595,166.595,fly,4.831,2601,0,0,192.00,454746112,586493952,404,404,0,0,404,404,0,0
2.417,58.0,169.516,169.516,fly,5.592,2601,0,122,192.00,457695232,588988416,505,505,0,0,505,505,0,0
2.588,62.1,172.416,172.416,fly,5.028,2601,0,0,192.00,464953344,596885504,505,505,0,0,505,505,0,0
2.746,65.9,175.104,175.104,fly,5.179,2601,0,0,192.00,464953344,596885504,505,505,0,0,505,505,0,0
2.910,69.8,177.889,177.889,fly,4.846,2601,0,94,192.00,468627456,600309760,606,606,0,0,606,606,0,0
3.071,73.7,180.623,180.623,fly,4.569,2601,0,0,192.00,474415104,606527488,606,606,0,0,606,606,0,0
3.221,77.3,183.162,183.162,fly,5.134,2601,0,0,192.00,474415104,606527488,606,606,0,0,606,606,0,0
3.388,81.3,185.999,185.999,fly,4.704,2601,0,89,192.00,478670848,612601856,707,707,0,0,707,707,0,0
3.545,85.1,188.655,188.655,fly,4.618,2601,0,0,192.00,484257792,618811392,707,707,0,0,707,707,0,0
3.695,88.7,191.200,191.200,fly,4.496,2601,0,0,192.00,484257792,618811392,707,707,0,0,707,707,0,0
3.860,92.6,194.012,194.012,fly,6.923,2601,0,90,192.00,487481344,621666304,808,808,0,0,808,808,0,0
4.021,96.5,196.738,196.738,fly,8.345,2601,0,0,192.00,492634112,627216384,808,808,0,0,808,808,0,0
4.172,100.1,199.301,199.301,fly,4.862,2601,0,0,192.00,492634112,627216384,808,808,0,0,808,808,0,0
4.344,104.3,202.224,202.224,fly,4.898,2601,0,77,192.00,496861184,631386112,909,909,0,0,909,909,0,0
4.506,108.2,204.974,204.974,fly,4.865,2601,0,0,192.00,501829632,636923904,909,909,0,0,909,909,0,0
4.661,111.9,207.596,207.596,fly,6.656,2601,0,0,192.00,501813248,636907520,909,909,0,0,909,909,0,0
4.834,116.0,210.528,210.528,fly,6.666,2601,0,58,192.00,507654144,642260992,1010,1010,0,0,1010,1010,0,0
4.997,119.9,213.304,213.304,fly,4.816,2601,0,0,192.00,511401984,646545408,1010,1010,0,0,1010,1010,0,0
5.156,123.7,215.993,215.993,fly,4.748,2601,0,0,192.00,511401984,646545408,1010,1010,0,0,1010,1010,0,0
5.327,127.8,218.897,218.897,fly,4.856,2601,0,55,192.00,517165056,652197888,1111,1111,0,0,1111,1111,0,0
5.493,131.8,221.724,221.724,fly,4.974,2601,0,0,192.00,520294400,655437824,1111,1111,0,0,1111,1111,0,0
5.661,135.9,224.573,224.573,fly,5.208,2601,0,198,192.00,520351744,655437824,1212,1212,0,0,1212,1212,0,0
5.826,139.8,227.366,227.366,fly,4.861,2601,0,30,192.00,527114240,662458368,1212,1212,0,0,1212,1212,0,0
5.976,143.4,229.922,229.922,fly,4.700,2601,0,0,192.00,528773120,663998464,1212,1212,0,0,1212,1212,0,0
6.134,147.2,232.594,232.594,fly,6.463,2601,0,188,192.00,529399808,664522752,1313,1313,0,0,1313,1313,0,0
6.294,151.1,235.310,235.310,fly,5.081,2601,0,21,192.00,536735744,672501760,1313,1313,0,0,1313,1313,0,0
6.445,154.7,237.871,237.871,fly,4.607,2601,0,0,192.00,538112000,673812480,1313,1313,0,0,1313,1313,0,0
6.605,158.5,240.584,240.584,fly,4.401,2601,0,189,192.00,538238976,673812480,1414,1414,0,0,1414,1414,0,0
6.755,162.1,243.129,243.129,fly,5.299,2601,0,27,192.00,544792576,680509440,1414,1414,0,0,1414,1414,0,0
6.900,165.6,245.594,245.594,fly,5.546,2601,0,0,192.00,546627584,682487808,1414,1414,0,0,1414,1414,0,0
7.039,168.9,247.958,247.958,fly,4.576,2601,0,0,192.00,546627584,682487808,1414,1414,0,0,1414,1414,0,0
7.193,172.6,250.574,250.574,fly,4.561,2601,0,59,192.00,552378368,688730112,1515,1515,0,0,1515,1515,0,0
7.335,176.0,252.982,252.982,fly,5.081,2601,0,0,192.00,556544000,693002240,1515,1515,0,0,1515,1515,0,0
7.485,179.6,255.529,255.529,fly,5.013,2601,0,0,192.00,556544000,693002240,1515,1515,0,0,1515,1515,0,0
7.640,183.4,258.154,258.154,fly,4.841,2601,0,80,192.00,560689152,696651776,1616,1616,0,0,1616,1616,0,0
7.789,186.9,260.680,260.680,fly,4.432,2601,0,0,192.00,565415936,701771776,1616,1616,0,0,1616,1616,0,0
7.936,190.5,263.174,263.174,fly,5.152,2601,0,0,192.00,565415936,701771776,1616,1616,0,0,1616,1616,0,0
8.092,194.2,265.825,265.825,fly,4.565,2601,0,85,192.00,568655872,704622592,1717,1717,0,0,1717,1717,0,0
8.245,197.9,268.425,268.425,fly,4.541,2601,0,0,192.00,573816832,710402048,1717,1717,0,0,1717,1717,0,0
8.394,201.5,270.955,270.955,fly,4.451,2601,0,0,192.00,573816832,710402048,1717,1717,0,0,1717,1717,0,0
8.550,205.2,273.605,273.605,fly,5.138,2601,0,98,192.00,577134592,713433088,1818,1818,0,0,1818,1818,0,0
8.700,208.8,276.152,276.152,fly,7.040,2601,0,0,192.00,583233536,720068608,1818,1818,0,0,1818,1818,0,0
8.850,212.4,278.693,278.693,fly,5.359,2601,0,0,192.00,583233536,720068608,1818,1818,0,0,1818,1818,0,0
9.011,216.3,281.419,281.419,fly,4.472,2601,0,103,192.00,585957376,722526208,1919,1919,0,0,1919,1919,0,0
9.161,219.9,283.964,283.964,fly,5.891,2601,0,0,192.00,591642624,728424448,1919,1919,0,0,1919,1919,0,0
9.312,223.5,286.526,286.526,fly,4.462,2601,0,0,192.00,591712256,728494080,1919,1919,0,0,1919,1919,0,0
9.472,227.3,289.252,289.252,fly,4.347,2601,0,120,192.00,593182720,730001408,2020,2020,0,0,2020,2020,0,0
9.621,230.9,291.769,291.769,fly,4.300,2601,0,0,192.00,600346624,737312768,2020,2020,0,0,2020,2020,0,0
9.766,234.4,294.235,294.235,fly,5.200,2601,0,0,192.00,600416256,737398784,2020,2020,0,0,2020,2020,0,0
9.927,238.2,296.962,296.962,fly,4.241,2601,0,157,192.00,601116672,737923072,2121,2121,0,0,2121,2121,0,0
10.081,241.9,299.577,299.577,fly,4.526,2601,0,1,192.00,626761728,764235776,2121,2121,0,0,2121,2121,0,0
10.225,245.4,302.016,302.016,fly,4.187,2601,0,0,192.00,626876416,764375040,2121,2121,0,0,2121,2121,0,0
10.374,249.0,304.556,304.556,fly,4.167,2601,0,199,192.00,626962432,764375040,2222,2222,0,0,2222,2222,0,0
10.511,252.3,306.872,306.872,fly,4.086,2601,0,35,192.00,641679360,779235328,2222,2222,0,0,2222,2222,0,0
10.644,255.4,309.127,309.127,fly,4.404,2601,0,0,192.00,643866624,781541376,2222,2222,0,0,2222,2222,0,0
10.778,258.7,311.411,311.411,fly,4.035,2601,0,0,192.00,643866624,781541376,2222,2222,0,0,2222,2222,0,0
10.921,262.1,313.830,313.830,fly,4.119,2601,0,93,192.00,655511552,793255936,2323,2323,0,0,2323,2323,0,0
11.060,265.4,316.199,316.199,fly,4.038,2601,0,0,192.00,661438464,799416320,2323,2323,0,0,2323,2323,0,0
11.192,268.6,318.434,318.434,fly,3.976,2601,0,0,192.00,661442560,799416320,2323,2323,0,0,2323,2323,0,0
11.336,272.1,320.875,320.875,fly,5.239,2601,0,168,192.00,662315008,800464896,2424,2424,0,0,2424,2424,0,0
11.474,275.4,323.224,323.224,fly,4.063,2601,0,0,192.00,671232000,810000384,2424,2424,0,0,2424,2424,0,0
11.608,278.6,325.502,325.502,fly,3.916,2601,0,0,192.00,671367168,810139648,2424,2424,0,0,2424,2424,0,0
11.742,281.8,327.764,327.764,fly,3.881,2601,0,0,192.00,671367168,810139648,2424,2424,0,0,2424,2424,0,0
11.889,285.3,330.261,330.261,fly,4.231,2601,0,65,192.00,676134912,814702592,2525,2525,0,0,2525,2525,0,0
12.027,288.7,332.609,332.609,fly,4.587,2601,0,0,192.00,680263680,819220480,2525,2525,0,0,2525,2525,0,0
12.165,292.0,334.954,334.954,fly,4.656,2601,0,0,192.00,680263680,819220480,2525,2525,0,0,2525,2525,0,0
12.310,295.5,337.415,337.415,fly,4.449,2601,0,98,192.00,683245568,821784576,2626,2626,0,0,2626,2626,0,0
12.441,298.6,339.638,339.638,fly,3.939,2601,0,0,192.00,689233920,828518400,2626,2626,0,0,2626,2626,0,0
12.574,301.8,341.887,341.887,fly,3.914,2601,0,0,192.00,689303552,828588032,2626,2626,0,0,2626,2626,0,0
12.714,305.1,344.256,344.256,fly,12.329,2601,0,101,192.00,689364992,828588032,2727,2727,0,0,2727,2727,0,0
12.852,308.4,346.603,346.603,fly,4.621,2601,0,44,192.00,695291904,834252800,2727,2727,0,0,2727,2727,0,0
12.986,311.7,348.888,348.888,fly,4.360,2601,0,0,192.00,698056704,837423104,2727,2727,0,0,2727,2727,0,0
13.125,315.0,351.234,351.234,fly,3.982,2601,0,0,192.00,698126336,837492736,2727,2727,0,0,2727,2727,0,0
13.266,318.4,353.636,353.636,fly,5.877,2601,0,87,192.00,702976000,841994240,2828,2828,0,0,2828,2828,0,0
13.404,321.7,355.979,355.979,fly,4.007,2601,0,0,192.00,707842048,847286272,2828,2828,0,0,2828,2828,0,0
13.543,325.0,358.337,358.337,fly,3.926,2601,0,0,192.00,707911680,847355904,2828,2828,0,0,2828,2828,0,0
13.684,328.4,360.720,360.720,fly,4.935,2601,0,173,192.00,708030464,847355904,2929,2929,0,0,2929,2929,0,0
13.821,331.7,363.050,363.050,fly,6.814,2601,0,0,192.00,716881920,856768512,2929,2929,0,0,2929,2929,0,0
13.954,334.9,365.306,365.306,fly,4.021,2601,0,0,192.00,716951552,856838144,2929,2929,0,0,2929,2929,0,0
14.090,338.2,367.615,367.615,fly,4.183,2601,0,0,192.00,716951552,856838144,2929,2929,0,0,2929,2929,0,0
14.229,341.5,369.970,369.970,fly,3.904,2601,0,72,192.00,721104896,860557312,3030,3030,0,0,3030,3030,0,0
14.354,344.5,372.100,372.100,fly,4.203,2601,0,0,192.00,725897216,865976320,3030,3030,0,0,3030,3030,0,0
14.477,347.5,374.188,374.188,fly,3.707,2601,0,0,192.00,725966848,866054144,3030,3030,0,0,3030,3030,0,0
14.611,350.7,376.455,376.455,fly,3.765,2601,0,205,192.00,726011904,866054144,3131,3131,0,0,3131,3131,0,0
14.742,353.8,378.676,378.676,fly,3.810,2601,0,24,192.00,733437952,873779200,3131,3131,0,0,3131,3131,0,0
14.870,356.9,380.859,380.859,fly,3.822,2601,0,0,192.00,734892032,875229184,3131,3131,0,0,3131,3131,0,0
14.997,359.9,383.003,383.003,fly,3.837,2601,0,0,192.00,734961664,875298816,3131,3131,0,0,3131,3131,0,0
15.126,363.0,385.204,385.204,fly,3.848,2601,0,126,192.00,736239616,876163072,3232,3232,0,0,3232,3232,0,0
15.250,366.0,387.300,387.300,fly,4.858,2601,0,0,192.00,743514112,883912704,3232,3232,0,0,3232,3232,0,0
15.372,368.9,389.377,389.377,fly,3.661,2601,0,0,192.00,743583744,883982336,3232,3232,0,0,3232,3232,0,0
15.491,371.8,391.391,391.391,fly,3.591,2601,0,0,192.00,743583744,883982336,3232,3232,0,0,3232,3232,0,0
15.621,374.9,393.589,393.589,fly,3.821,2601,0,92,192.00,748269568,888385536,3333,3333,0,0,3333,3333,0,0
15.743,377.8,395.664,395.664,fly,3.632,2601,0,0,192.00,753737728,894160896,3333,3333,0,0,3333,3333,0,0
15.865,380.7,397.730,397.730,fly,3.758,2601,0,0,192.00,753807360,894230528,3333,3333,0,0,3333,3333,0,0
15.984,383.6,399.759,399.759,fly,4.385,2601,0,0,192.00,753807360,894230528,3333,3333,0,0,3333,3333,0,0
16.114,386.7,401.956,401.956,fly,3.822,2601,0,67,192.00,758444032,898768896,3434,3434,0,0,3434,3434,0,0
16.236,389.7,404.035,404.035,fly,3.708,2601,0,0,192.00,763289600,903966720,3434,3434,0,0,3434,3434,0,0
16.355,392.5,406.046,406.046,fly,3.715,2601,0,0,192.00,763359232,904101888,3434,3434,0,0,3434,3434,0,0
16.473,395.3,408.050,408.050,fly,3.616,2601,101,0,192.00,763359232,904101888,3434,3434,0,0,3434,3434,0,0
16.606,398.5,410.315,410.315,fly,3.951,2601,0,49,192.00,769302528,910217216,3535,3535,0,0,3535,3535,0,0
16.724,401.4,412.320,412.320,fly,3.589,2601,0,0,192.00,772026368,912945152,3535,3535,0,0,3535,3535,0,0
16.840,404.2,414.292,414.292,fly,3.497,2601,0,0,192.00,772153344,913080320,3535,3535,0,0,3535,3535,0,0
16.973,407.3,416.536,416.536,fly,3.698,2601,0,176,192.00,772284416,913080320,3636,3636,0,0,3636,3636,0,0
17.096,410.3,418.634,418.634,fly,5.076,2601,0,24,192.00,779411456,920707072,3636,3636,0,0,3636,3636,0,0
17.217,413.2,420.676,420.676,fly,5.193,2601,0,0,192.00,780910592,922226688,3636,3636,0,0,3636,3636,0,0
17.335,416.0,422.683,422.683,fly,4.205,2601,0,0,192.00,780980224,922226688,3636,3636,0,0,3636,3636,0,0
17.467,419.2,424.919,424.919,fly,5.139,2601,0,140,192.00,781795328,922759168,3737,3737,0,0,3737,3737,0,0
17.597,422.3,427.130,427.130,fly,4.159,2601,0,0,192.00,789852160,931336192,3737,3737,0,0,3737,3737,0,0
17.717,425.2,429.172,429.172,fly,4.650,2601,0,0,192.00,789921792,931336192,3737,3737,0,0,3737,3737,0,0
17.837,428.1,431.208,431.208,fly,3.768,2601,0,0,192.00,789921792,931336192,3737,3737,0,0,3737,3737,0,0
17.969,431.3,433.443,433.443,fly,4.019,2601,0,96,192.00,792776704,934141952,3838,3838,0,0,3838,3838,0,0
18.092,434.2,435.530,435.530,fly,3.653,2601,0,0,192.00,798433280,940060672,3838,3838,0,0,3838,3838,0,0
18.213,437.1,437.583,437.583,fly,3.724,2601,0,0,192.00,798433280,940060672,3838,3838,0,0,3838,3838,0,0
18.332,440.0,439.596,439.596,fly,3.740,2601,0,0,192.00,798433280,940060672,3838,3838,0,0,3838,3838,0,0
18.460,443.0,441.783,441.783,fly,3.719,2601,0,77,192.00,802426880,944193536,3939,3939,0,0,3939,3939,0,0
18.581,445.9,443.828,443.828,fly,3.561,2601,0,0,192.00,806739968,948633600,3939,3939,0,0,3939,3939,0,0
18.702,448.8,445.884,445.884,fly,7.497,2601,0,0,192.00,806809600,948768768,3939,3939,0,0,3939,3939,0,0
18.820,451.7,447.893,447.893,fly,5.465,2601,0,0,192.00,806809600,948768768,3939,3939,0,0,3939,3939,0,0
18.945,454.7,450.008,450.008,fly,3.774,2601,0,61,192.00,811614208,953491456,4040,4040,0,0,4040,4040,0,0
19.061,457.5,451.977,451.977,fly,3.629,2601,0,0,192.00,815411200,957632512,4040,4040,0,0,4040,4040,0,0
19.176,460.2,453.927,453.927,fly,3.484,2601,0,0,192.00,815480832,957767680,4040,4040,0,0,4040,4040,0,0
19.290,463.0,455.870,455.870,fly,3.387,2601,0,0,192.00,815480832,957767680,4040,4040,0,0,4040,4040,0,0
19.425,466.2,458.161,458.161,fly,4.901,2601,0,50,192.00,820834304,962883584,4141,4141,0,0,4141,4141,0,0
19.546,469.1,460.210,460.210,fly,3.463,2601,0,0,192.00,823758848,966115328,4141,4141,0,0,4141,4141,0,0
19.660,471.8,462.147,462.147,fly,4.087,2601,0,0,192.00,823828480,966250496,4141,4141,0,0,4141,4141,0,0
19.784,474.8,464.249,464.249,fly,11.918,2601,0,103,192.00,823865344,966250496,4242,4242,0,0,4242,4242,0,0
19.892,477.4,466.080,466.080,fly,3.467,2601,0,46,192.00,829157376,971448320,4242,4242,0,0,4242,4242,0,0
20.001,480.0,467.930,467.930,fly,3.867,2601,0,0,192.00,831713280,974061568,4242,4242,0,0,4242,4242,0,0
20.110,482.6,469.775,469.775,fly,3.191,2601,0,0,192.00,831782912,974200832,4242,4242,0,0,4242,4242,0,0
20.217,485.2,471.594,471.594,fly,4.470,2601,0,0,192.00,831782912,974200832,4242,4242,0,0,4242,4242,0,0
20.336,488.1,473.618,473.618,fly,3.845,2601,0,70,192.00,836554752,979296256,4343,4343,0,0,4343,4343,0,0
20.444,490.7,475.447,475.447,fly,3.372,2601,0,0,192.00,840966144,983756800,4343,4343,0,0,4343,4343,0,0
20.554,493.3,477.309,477.309,fly,3.294,2601,0,0,192.00,841035776,983891968,4343,4343,0,0,4343,4343,0,0
20.660,495.8,479.118,479.118,fly,6.147,2601,0,0,192.00,841035776,983891968,4343,4343,0,0,4343,4343,0,0
20.771,498.5,480.987,480.987,fly,3.243,2601,0,112,192.00,842678272,985161728,4444,4444,0,0,4444,4444,0,0
20.882,501.2,482.883,482.883,fly,4.047,2601,0,0,192.00,849387520,992358400,4444,4444,0,0,4444,4444,0,0
20.987,503.7,484.669,484.669,fly,3.232,2601,0,0,192.00,849387520,992358400,4444,4444,0,0,4444,4444,0,0
21.092,506.2,486.436,486.436,fly,3.445,2601,0,0,192.00,849457152,992493568,4444,4444,0,0,4444,4444,0,0
21.205,508.9,488.361,488.361,fly,3.214,2601,0,183,192.00,849580032,992493568,4545,4545,0,0,4545,4545,0,0
21.315,511.6,490.235,490.235,fly,3.843,2601,0,32,192.00,856182784,999337984,4545,4545,0,0,4545,4545,0,0
21.421,514.1,492.029,492.029,fly,3.261,2601,0,0,192.00,858427392,1001906176,4545,4545,0,0,4545,4545,0,0
21.527,516.7,493.827,493.827,fly,3.251,2601,0,0,192.00,858497024,1001906176,4545,4545,0,0,4545,4545,0,0
21.631,519.1,495.586,495.586,fly,3.178,2601,0,0,192.00,858497024,1001906176,4545,4545,0,0,4545,4545,0,0
21.742,521.8,497.478,497.478,fly,3.018,2601,0,74,192.00,862461952,1005535232,4646,4646,0,0,4646,4646,0,0
21.843,524.2,499.194,499.194,fly,3.022,2601,0,0,192.00,867184640,1010778112,4646,4646,0,0,4646,4646,0,0
21.943,526.6,500.883,500.883,fly,3.000,2601,0,0,192.00,867184640,1010778112,4646,4646,0,0,4646,4646,0,0
22.043,529.0,502.582,502.582,fly,3.078,2601,0,0,192.00,867254272,1010913280,4646,4646,0,0,4646,4646,0,0
22.152,531.6,504.427,504.427,fly,3.740,2601,0,181,192.00,867389440,1010913280,4747,4747,0,0,4747,4747,0,0
22.254,534.1,506.160,506.160,fly,3.135,2601,0,21,192.00,873943040,1017401344,4747,4747,0,0,4747,4747,0,0
22.354,536.5,507.856,507.856,fly,3.276,2601,0,0,192.00,875511808,1019432960,4747,4747,0,0,4747,4747,0,0
22.453,538.9,509.547,509.547,fly,3.164,2601,0,0,192.00,875581440,1019432960,4747,4747,0,0,4747,4747,0,0
22.553,541.3,511.243,511.243,fly,3.046,2601,0,0,192.00,875581440,1019432960,4747,4747,0,0,4747,4747,0,0
22.661,543.9,513.065,513.065,fly,3.435,2601,0,135,192.00,876462080,1020116992,4848,4848,0,0,4848,4848,0,0
22.764,546.3,514.820,514.820,fly,3.403,2601,0,0,192.00,884113408,1027981312,4848,4848,0,0,4848,4848,0,0
22.870,548.9,516.622,516.622,fly,3.236,2601,0,0,192.00,884113408,1027981312,4848,4848,0,0,4848,4848,0,0
22.977,551.5,518.437,518.437,fly,3.332,2601,0,0,192.00,884183040,1028116480,4848,4848,0,0,4848,4848,0,0
23.085,554.0,520.272,520.272,fly,4.045,2601,0,207,192.00,884215808,1028116480,4949,4949,0,0,4949,4949,0,0
23.192,556.6,522.073,522.073,fly,3.644,2601,0,38,192.00,890470400,1034604544,4949,4949,0,0,4949,4949,0,0
23.294,559.1,523.815,523.815,fly,3.197,2601,0,0,192.00,893050880,1037348864,4949,4949,0,0,4949,4949,0,0
23.397,561.5,525.565,525.565,fly,3.503,2601,0,0,192.00,893120512,1037484032,4949,4949,0,0,4949,4949,0,0
23.501,564.0,527.320,527.320,fly,3.795,2601,0,0,192.00,893120512,1037484032,4949,4949,0,0,4949,4949,0,0
23.607,566.6,529.123,529.123,fly,3.007,2601,0,122,192.00,894476288,1038286848,5050,5050,0,0,5050,5050,0,0
23.707,569.0,530.818,530.818,fly,3.145,2601,0,0,192.00,901771264,1046278144,5050,5050,0,0,5050,5050,0,0
23.806,571.3,532.504,532.504,fly,2.953,2601,0,0,192.00,901763072,1046237184,5050,5050,0,0,5050,5050,0,0
23.953,574.9,534.999,534.999,fly,3.610,2601,0,0,192.00,901910528,1046433792,5050,5050,0,0,5050,5050,0,0
24.060,577.4,536.808,536.808,fly,3.051,2601,0,143,192.00,902381568,1046433792,5151,5151,0,0,5151,5151,0,0
24.162,579.9,538.549,538.549,fly,3.090,2601,0,0,192.00,910393344,1054724096,5151,5151,0,0,5151,5151,0,0
24.263,582.3,540.251,540.251,fly,3.042,2601,0,0,192.00,910458880,1054859264,5151,5151,0,0,5151,5151,0,0
24.362,584.7,541.940,541.940,fly,3.056,2601,0,0,192.00,910524416,1054859264,5151,5151,0,0,5151,5151,0,0
24.463,587.1,543.644,543.644,fly,3.089,2601,0,0,192.00,910524416,1054859264,5151,5151,0,0,5151,5151,0,0
24.569,589.7,545.449,545.449,fly,2.996,2601,0,84,192.00,914284544,1058750464,5252,5252,0,0,5252,5252,0,0
24.669,592.1,547.148,547.148,fly,2.908,2601,0,0,192.00,919695360,1064468480,5252,5252,0,0,5252,5252,0,0
24.768,594.4,548.835,548.835,fly,3.074,2601,0,0,192.00,919695360,1064468480,5252,5252,0,0,5252,5252,0,0
24.865,596.8,550.479,550.479,fly,2.990,2601,0,0,192.00,919764992,1064603648,5252,5252,0,0,5252,5252,0,0
24.969,599.3,552.245,552.245,fly,11.187,2601,0,101,192.00,919822336,1064603648,5353,5353,0,0,5353,5353,0,0
25.069,601.7,553.937,553.937,fly,2.978,2601,0,48,192.00,925966336,1070710784,5353,5353,0,0,5353,5353,0,0
25.160,603.8,555.479,555.479,fly,2.857,2601,0,0,192.00,928808960,1073684480,5353,5353,0,0,5353,5353,0,0
25.248,606.0,556.972,556.972,fly,2.793,2601,0,0,192.00,928808960,1073684480,5353,5353,0,0,5353,5353,0,0
25.342,608.2,558.560,558.560,fly,3.024,2601,0,0,192.00,928878592,1073819648,5353,5353,0,0,5353,5353,0,0
25.444,610.6,560.295,560.295,fly,3.352,2601,0,195,192.00,928948224,1073819648,5454,5454,0,0,5454,5454,0,0
25.535,612.8,561.841,561.841,fly,2.826,2601,0,50,192.00,934223872,1079218176,5454,5454,0,0,5454,5454,0,0
25.625,615.0,563.373,563.373,fly,2.881,2601,0,0,192.00,937345024,1082458112,5454,5454,0,0,5454,5454,0,0
25.714,617.1,564.874,564.874,fly,2.847,2601,0,0,192.00,937345024,1082458112,5454,5454,0,0,5454,5454,0,0
25.802,619.2,566.374,566.374,fly,3.126,2601,0,0,192.00,937414656,1082593280,5454,5454,0,0,5454,5454,0,0
25.893,621.4,567.926,567.926,fly,2.875,2601,0,0,192.00,937414656,1082593280,5454,5454,0,0,5454,5454,0,0
25.990,623.8,569.563,569.563,fly,3.213,2601,0,69,192.00,941592576,1086541824,5555,5555,0,0,5555,5555,0,0
26.081,625.9,571.110,571.110,fly,2.870,2601,0,0,192.00,946237440,1091657728,5555,5555,0,0,5555,5555,0,0
26.171,628.1,572.639,572.639,fly,3.236,2601,0,0,192.00,946237440,1091657728,5555,5555,0,0,5555,5555,0,0
26.260,630.2,574.139,574.139,fly,2.842,2601,0,0,192.00,946307072,1091792896,5555,5555,0,0,5555,5555,0,0
26.349,632.4,575.666,575.666,fly,2.946,2601,0,0,192.00,946307072,1091792896,5555,5555,0,0,5555,5555,0,0
26.447,634.7,577.314,577.314,fly,2.885,2601,0,83,192.00,949567488,1094721536,5656,5656,0,0,5656,5656,0,0
26.540,637.0,578.892,578.892,fly,3.793,2601,0,0,192.00,954806272,1100357632,5656,5656,0,0,5656,5656,0,0
26.635,639.2,580.507,580.507,fly,2.894,2601,0,0,192.00,954806272,1100357632,5656,5656,0,0,5656,5656,0,0
26.727,641.4,582.068,582.068,fly,3.692,2601,0,0,192.00,954875904,1100492800,5656,5656,0,0,5656,5656,0,0
26.815,643.6,583.565,583.565,fly,2.815,2601,0,0,192.00,954875904,1100492800,5656,5656,0,0,5656,5656,0,0
26.916,646.0,585.273,585.273,fly,2.957,2601,0,89,192.00,957747200,1103142912,5757,5757,0,0,5757,5757,0,0
27.014,648.3,586.940,586.940,fly,2.826,2601,0,0,192.00,963424256,1109405696,5757,5757,0,0,5757,5757,0,0
27.106,650.6,588.510,588.510,fly,3.044,2601,0,0,192.00,963424256,1109405696,5757,5757,0,0,5757,5757,0,0
27.195,652.7,590.007,590.007,fly,2.886,2601,0,0,192.00,963493888,1109540864,5757,5757,0,0,5757,5757,0,0
27.283,654.8,591.515,591.515,fly,2.758,2601,0,0,192.00,963493888,1109540864,5757,5757,0,0,5757,5757,0,0
27.381,657.1,593.166,593.166,fly,2.914,2601,0,106,192.00,965582848,1111097344,5858,5858,0,0,5858,5858,0,0
27.473,659.4,594.736,594.736,fly,4.100,2601,0,0,192.00,972115968,1118068736,5858,5858,0,0,5858,5858,0,0
27.568,661.6,596.336,596.336,fly,2.934,2601,0,0,192.00,972115968,1118068736,5858,5858,0,0,5858,5858,0,0
27.662,663.9,597.936,597.936,fly,2.852,2601,0,0,192.00,972185600,1118203904,5858,5858,0,0,5858,5858,0,0
27.751,666.0,599.447,599.447,fly,2.861,2601,0,0,192.00,972185600,1118203904,5858,5858,0,0,5858,5858,0,0
27.848,668.3,601.089,601.089,fly,3.137,2601,0,115,192.00,974155776,1119973376,5959,5959,0,0,5959,5959,0,0
27.940,670.6,602.655,602.655,fly,3.059,2601,0,15,192.00,997175296,1143332864,5959,5959,0,0,5959,5959,0,0
28.029,672.7,604.173,604.173,fly,2.929,2601,0,0,192.00,997945344,1144078336,5959,5959,0,0,5959,5959,0,0
28.118,674.8,605.676,605.676,fly,3.068,2601,0,0,192.00,998014976,1144213504,5959,5959,0,0,5959,5959,0,0
28.206,677.0,607.176,607.176,fly,3.033,2601,0,0,192.00,998014976,1144213504,5959,5959,0,0,5959,5959,0,0
28.307,679.4,608.885,608.885,fly,4.895,2601,0,155,192.00,1031786496,1177833472,6060,6060,0,0,6060,6060,0,0
28.407,681.8,610.584,610.584,fly,4.602,2601,0,35,192.00,1038557184,1185095680,6060,6060,0,0,6060,6060,0,0
28.503,684.1,612.211,612.211,fly,2.860,2601,0,0,192.00,1040715776,1187352576,6060,6060,0,0,6060,6060,0,0
28.594,686.3,613.758,613.758,fly,2.847,2601,0,0,192.00,1040785408,1187352576,6060,6060,0,0,6060,6060,0,0
28.684,688.4,615.276,615.276,fly,2.867,2601,0,0,192.00,1040785408,1187352576,6060,6060,0,0,6060,6060,0,0
28.781,690.7,616.928,616.928,fly,2.875,2601,0,146,192.00,1057820672,1204166656,6161,6161,0,0,6161,6161,0,0
28.873,693.0,618.493,618.493,fly,3.379,2601,0,23,192.00,1064796160,1211617280,6161,6161,0,0,6161,6161,0,0
28.963,695.1,620.012,620.012,fly,2.891,2601,0,0,192.00,1066287104,1213063168,6161,6161,0,0,6161,6161,0,0
29.052,697.3,621.535,621.535,fly,2.852,2601,0,0,192.00,1066356736,1213198336,6161,6161,0,0,6161,6161,0,0
29.143,699.4,623.082,623.082,fly,3.116,2601,0,0,192.00,1066356736,1213198336,6161,6161,0,0,6161,6161,0,0
29.241,701.8,624.730,624.730,fly,3.436,2601,0,147,192.00,1066635264,1213198336,6262,6262,0,0,6262,6262,0,0
29.333,704.0,626.299,626.299,fly,2.909,2601,0,19,192.00,1074249728,1221324800,6262,6262,0,0,6262,6262,0,0
29.425,706.2,627.859,627.859,fly,2.932,2601,0,0,192.00,1075306496,1222483968,6262,6262,0,0,6262,6262,0,0
29.517,708.4,629.414,629.414,fly,2.949,2601,0,0,192.00,1075376128,1222619136,6262,6262,0,0,6262,6262,0,0
29.606,710.6,630.938,630.938,fly,3.034,2601,0,0,192.00,1075376128,1222619136,6262,6262,0,0,6262,6262,0,0
29.705,712.9,632.606,632.606,fly,3.890,2601,0,159,192.00,1075732480,1222619136,6363,6363,0,0,6363,6363,0,0
29.798,715.1,634.184,634.184,fly,2.917,2601,0,28,192.00,1082052608,1229078528,6363,6363,0,0,6363,6363,0,0
29.890,717.4,635.752,635.752,fly,3.069,2601,0,0,192.00,1083871232,1231110144,6363,6363,0,0,6363,6363,0,0
29.982,719.6,637.305,637.305,fly,3.398,2601,0,0,192.00,1083940864,1231110144,6363,6363,0,0,6363,6363,0,0
30.072,721.7,638.838,638.838,fly,4.020,2601,0,0,192.00,1083940864,1231110144,6363,6363,0,0,6363,6363,0,0
30.186,724.5,640.773,640.773,fly,3.082,2601,0,150,192.00,1084133376,1231110144,6464,6464,0,0,6464,6464,0,0
30.285,726.8,642.457,642.457,fly,2.911,2601,0,10,192.00,1092116480,1239552000,6464,6464,0,0,6464,6464,0,0
30.376,729.0,644.006,644.006,fly,3.166,2601,0,0,192.00,1092812800,1240317952,6464,6464,0,0,6464,6464,0,0
30.467,731.2,645.544,645.544,fly,2.884,2601,0,0,192.00,1092882432,1240453120,6464,6464,0,0,6464,6464,0,0
30.563,733.5,647.173,647.173,fly,2.931,2601,0,0,192.00,1092882432,1240453120,6464,6464,0,0,6464,6464,0,0
30.667,736.0,648.943,648.943,fly,2.970,2601,0,137,192.00,1093263360,1240453120,6565,6565,0,0,6565,6565,0,0
30.762,738.3,650.551,650.551,fly,2.989,2601,0,0,192.00,1101541376,1249206272,6565,6565,0,0,6565,6565,0,0
30.854,740.5,652.116,652.116,fly,3.236,2601,0,0,192.00,1101541376,1249206272,6565,6565,0,0,6565,6565,0,0
30.944,742.7,653.641,653.641,fly,2.981,2601,0,0,192.00,1101606912,1249206272,6565,6565,0,0,6565,6565,0,0
31.035,744.9,655.189,655.189,fly,2.899,2601,0,0,192.00,1101606912,1249206272,6565,6565,0,0,6565,6565,0,0
31.140,747.4,656.971,656.971,fly,3.790,2601,0,140,192.00,1101844480,1249206272,6666,6666,0,0,6666,6666,0,0
31.239,749.7,658.652,658.652,fly,4.193,2601,0,0,192.00,1109876736,1257668608,6666,6666,0,0,6666,6666,0,0
31.335,752.0,660.265,660.265,fly,3.066,2601,0,0,192.00,1109876736,1257668608,6666,6666,0,0,6666,6666,0,0
31.429,754.3,661.871,661.871,fly,3.223,2601,0,0,192.00,1109946368,1257803776,6666,6666,0,0,6666,6666,0,0
31.523,756.6,663.471,663.471,fly,3.154,2601,0,0,192.00,1109946368,1257803776,6666,6666,0,0,6666,6666,0,0
31.624,759.0,665.174,665.174,fly,3.230,2601,0,115,192.00,1111494656,1259184128,6767,6767,0,0,6767,6767,0,0
31.719,761.3,666.790,666.790,fly,2.994,2601,0,0,192.00,1118539776,1266745344,6767,6767,0,0,6767,6767,0,0
31.813,763.5,668.381,668.381,fly,3.074,2601,0,0,192.00,1118539776,1266745344,6767,6767,0,0,6767,6767,0,0
31.906,765.7,669.964,669.964,fly,3.133,2601,0,0,192.00,1118609408,1266745344,6767,6767,0,0,6767,6767,0,0
31.998,768.0,671.531,671.531,fly,2.970,2601,0,0,192.00,1118609408,1266745344,6767,6767,0,0,6767,6767,0,0
32.099,770.4,673.247,673.247,fly,3.081,2601,0,101,192.00,1121308672,1269141504,6868,6868,0,0,6868,6868,0,0
32.197,772.7,674.909,674.909,fly,3.375,2601,0,0,192.00,1127321600,1275641856,6868,6868,0,0,6868,6868,0,0
32.292,775.0,676.507,676.507,fly,3.147,2601,0,0,192.00,1127321600,1275641856,6868,6868,0,0,6868,6868,0,0
32.385,777.2,678.088,678.088,fly,3.441,2601,0,0,192.00,1127387136,1275641856,6868,6868,0,0,6868,6868,0,0
32.479,779.5,679.693,679.693,fly,3.033,2601,0,0,192.00,1127387136,1275641856,6868,6868,0,0,6868,6868,0,0
32.589,782.1,681.561,681.561,fly,4.133,2601,0,59,192.00,1132912640,1281507328,6969,6969,0,0,6969,6969,0,0
32.690,784.6,683.262,683.262,fly,3.384,2601,0,0,192.00,1136541696,1285103616,6969,6969,0,0,6969,6969,0,0
32.784,786.8,684.866,684.866,fly,3.068,2601,0,0,192.00,1136635904,1285238784,6969,6969,0,0,6969,6969,0,0
32.881,789.2,686.516,686.516,fly,3.015,2601,0,0,192.00,1136705536,1285316608,6969,6969,0,0,6969,6969,0,0
32.990,791.8,688.367,688.367,fly,4.156,2601,0,190,192.00,1136844800,1285316608,7070,7070,0,0,7070,7070,0,0
33.090,794.2,690.052,690.052,fly,3.221,2601,0,6,192.00,1145315328,1294200832,7070,7070,0,0,7070,7070,0,0
33.185,796.4,691.668,691.668,fly,3.006,2601,0,0,192.00,1145593856,1294471168,7070,7070,0,0,7070,7070,0,0
33.283,798.8,693.326,693.326,fly,3.183,2601,0,0,192.00,1145663488,1294606336,7070,7070,0,0,7070,7070,0,0
33.382,801.2,695.018,695.018,fly,3.057,2601,0,0,192.00,1145663488,1294606336,7070,7070,0,0,7070,7070,0,0
33.489,803.7,696.832,696.832,fly,3.429,2601,0,132,192.00,1146507264,1295003648,7171,7171,0,0,7171,7171,0,0
33.588,806.1,698.507,698.507,fly,3.422,2601,0,0,192.00,1154596864,1303715840,7171,7171,0,0,7171,7171,0,0
33.684,808.4,700.137,700.137,fly,3.463,2601,0,0,192.00,1154596864,1303715840,7171,7171,0,0,7171,7171,0,0
33.780,810.7,701.759,701.759,fly,3.279,2601,0,0,192.00,1154592768,1303715840,7171,7171,0,0,7171,7171,0,0
33.878,813.1,703.436,703.436,fly,3.200,2601,0,0,192.00,1154592768,1303715840,7171,7171,0,0,7171,7171,0,0
33.988,815.7,705.294,705.294,fly,4.042,2601,0,87,192.00,1158250496,1307189248,7272,7272,0,0,7272,7272,0,0
34.091,818.2,707.048,707.048,fly,3.265,2601,0,0,192.00,1165238272,1314385920,7272,7272,0,0,7272,7272,0,0
34.202,820.8,708.919,708.919,fly,3.204,2601,0,0,192.00,1165271040,1314385920,7272,7272,0,0,7272,7272,0,0
34.305,823.3,710.675,710.675,fly,3.854,2601,0,0,192.00,1165529088,1314652160,7272,7272,0,0,7272,7272,0,0
34.419,826.1,712.614,712.614,fly,3.288,2601,0,172,192.00,1165619200,1314652160,7373,7373,0,0,7373,7373,0,0
34.544,829.1,714.730,714.730,fly,3.645,2601,0,9,192.00,1173430272,1322975232,7373,7373,0,0,7373,7373,0,0
34.649,831.6,716.506,716.506,fly,3.224,2601,0,0,192.00,1173905408,1323511808,7373,7373,0,0,7373,7373,0,0
34.752,834.1,718.268,718.268,fly,3.214,2601,0,0,192.00,1173975040,1323511808,7373,7373,0,0,7373,7373,0,0
34.856,836.5,720.018,720.018,fly,3.649,2601,101,0,192.00,1173975040,1323511808,7373,7373,0,0,7373,7373,0,0
34.986,839.7,722.228,722.228,fly,3.232,2601,0,35,192.00,1180413952,1330122752,7474,7474,0,0,7474,7474,0,0
35.093,842.2,724.042,724.042,fly,3.237,2601,0,0,192.00,1182789632,1332617216,7474,7474,0,0,7474,7474,0,0
35.198,844.8,725.837,725.837,fly,3.303,2601,0,0,192.00,1182785536,1332617216,7474,7474,0,0,7474,7474,0,0
35.324,847.8,727.971,727.971,fly,3.795,2601,0,0,192.00,1182785536,1332617216,7474,7474,0,0,7474,7474,0,0
35.461,851.1,730.294,730.294,fly,4.045,2601,0,42,192.00,1188667392,1338331136,7575,7575,0,0,7575,7575,0,0
35.576,853.8,732.246,732.246,fly,3.219,2601,0,0,192.00,1191428096,1341300736,7575,7575,0,0,7575,7575,0,0
35.686,856.5,734.116,734.116,fly,4.206,2601,0,0,192.00,1191497728,1341300736,7575,7575,0,0,7575,7575,0,0
35.793,859.0,735.920,735.920,fly,3.241,2601,0,0,192.00,1191497728,1341300736,7575,7575,0,0,7575,7575,0,0
35.933,862.4,738.310,738.310,fly,4.470,2601,0,34,192.00,1197412352,1347436544,7676,7676,0,0,7676,7676,0,0
36.056,865.3,740.384,740.384,fly,4.845,2601,0,0,192.00,1200173056,1350369280,7676,7676,0,0,7676,7676,0,0
36.167,868.0,742.280,742.280,fly,3.277,2601,0,0,192.00,1200168960,1350369280,7676,7676,0,0,7676,7676,0,0
36.285,870.8,744.281,744.281,fly,14.416,2601,0,104,192.00,1200201728,1350369280,7777,7777,0,0,7777,7777,0,0
36.415,874.0,746.486,746.486,fly,3.868,2601,0,17,192.00,1207189504,1357443072,7777,7777,0,0,7777,7777,0,0
36.530,876.7,748.430,748.430,fly,3.490,2601,0,0,192.00,1208270848,1358786560,7777,7777,0,0,7777,7777,0,0
36.641,879.4,750.310,750.310,fly,3.894,2601,0,0,192.00,1208340480,1358786560,7777,7777,0,0,7777,7777,0,0
36.760,882.2,752.332,752.332,fly,4.715,2601,0,198,192.00,1208401920,1358786560,7878,7878,0,0,7878,7878,0,0
36.896,885.5,754.639,754.639,fly,4.127,2601,0,3,192.00,1216700416,1367060480,7878,7878,0,0,7878,7878,0,0
37.006,888.1,756.517,756.517,fly,4.604,2601,0,0,192.00,1216970752,1367326720,7878,7878,0,0,7878,7878,0,0
37.115,890.8,758.363,758.363,fly,3.373,2601,0,0,192.00,1217040384,1367592960,7878,7878,0,0,7878,7878,0,0
37.234,893.6,760.382,760.382,fly,4.538,2601,0,194,192.00,1217056768,1367592960,7979,7979,0,0,7979,7979,0,0
37.368,896.8,762.654,762.654,fly,3.743,2601,0,1,192.00,1225613312,1376391168,7979,7979,0,0,7979,7979,0,0
37.478,899.5,764.522,764.522,fly,3.314,2601,0,0,192.00,1225650176,1376657408,7979,7979,0,0,7979,7979,0,0
37.590,902.2,766.422,766.422,fly,3.982,2601,0,0,192.00,1225719808,1376657408,7979,7979,0,0,7979,7979,0,0
37.713,905.1,768.514,768.514,fly,4.578,2601,0,185,192.00,1225895936,1376657408,8080,8080,0,0,8080,8080,0,0
37.844,908.2,770.730,770.730,fly,3.492,2601,0,0,192.00,1234026496,1384808448,8080,8080,0,0,8080,8080,0,0
37.957,911.0,772.647,772.647,fly,3.933,2601,0,0,192.00,1234026496,1384808448,8080,8080,0,0,8080,8080,0,0
38.068,913.6,774.534,774.534,fly,3.354,2601,0,0,192.00,1234096128,1385074688,8080,8080,0,0,8080,8080,0,0
38.192,916.6,776.648,776.648,fly,4.613,2601,0,170,192.00,1234153472,1385074688,8181,8181,0,0,8181,8181,0,0
38.321,919.7,778.822,778.822,fly,3.574,2601,0,0,192.00,1242423296,1393659904,8181,8181,0,0,8181,8181,0,0
38.436,922.5,780.773,780.773,fly,3.490,2601,0,0,192.00,1242423296,1393659904,8181,8181,0,0,8181,8181,0,0
38.548,925.1,782.675,782.675,fly,3.894,2601,0,0,192.00,1242492928,1393659904,8181,8181,0,0,8181,8181,0,0
38.679,928.3,784.907,784.907,fly,5.342,2601,0,152,192.00,1242714112,1393659904,8282,8282,0,0,8282,8282,0,0
38.808,931.4,787.099,787.099,fly,4.064,2601,0,0,192.00,1251209216,1403084800,8282,8282,0,0,8282,8282,0,0
38.917,934.0,788.938,788.938,fly,3.784,2601,0,0,192.00,1251209216,1403084800,8282,8282,0,0,8282,8282,0,0
39.030,936.7,790.867,790.867,fly,3.960,2601,0,0,192.00,1251278848,1403084800,8282,8282,0,0,8282,8282,0,0
39.158,939.8,793.040,793.040,fly,3.656,2601,0,141,192.00,1251684352,1403084800,8383,8383,0,0,8383,8383,0,0
39.284,942.8,795.179,795.179,fly,3.327,2601,0,0,192.00,1259474944,1411248128,8383,8383,0,0,8383,8383,0,0
39.401,945.6,797.149,797.149,fly,4.081,2601,0,0,192.00,1259544576,1411248128,8383,8383,0,0,8383,8383,0,0
39.525,948.6,799.266,799.266,fly,3.461,2601,0,0,192.00,1259544576,1411248128,8383,8383,0,0,8383,8383,0,0
39.660,951.8,801.553,801.553,fly,4.447,2601,0,95,192.00,1262297088,1414008832,8484,8484,0,0,8484,8484,0,0
39.786,954.9,803.696,803.696,fly,3.548,2601,0,0,192.00,1268228096,1420115968,8484,8484,0,0,8484,8484,0,0
39.899,957.6,805.603,805.603,fly,3.371,2601,0,0,192.00,1268297728,1420382208,8484,8484,0,0,8484,8484,0,0
40.011,960.3,807.502,807.502,fly,3.360,2601,0,0,192.00,1268297728,1420382208,8484,8484,0,0,8484,8484,0,0
40.151,963.6,809.890,809.890,fly,4.907,2601,0,75,192.00,1272446976,1424429056,8585,8585,0,0,8585,8585,0,0
40.275,966.6,811.985,811.985,fly,4.376,2601,0,0,192.00,1276805120,1429012480,8585,8585,0,0,8585,8585,0,0
40.417,970.0,814.395,814.395,fly,3.814,2601,0,0,192.00,1276874752,1429012480,8585,8585,0,0,8585,8585,0,0
40.547,973.1,816.607,816.607,fly,3.411,2601,0,175,192.00,1277022208,1429012480,8686,8686,0,0,8686,8686,0,0
40.683,976.4,818.909,818.909,fly,3.358,2601,0,0,192.00,1285849088,1438031872,8686,8686,0,0,8686,8686,0,0
40.795,979.1,820.807,820.807,fly,3.402,2601,0,0,192.00,1285849088,1438031872,8686,8686,0,0,8686,8686,0,0
40.916,982.0,822.863,822.863,fly,3.383,2601,0,0,192.00,1285844992,1438031872,8686,8686,0,0,8686,8686,0,0
41.047,985.1,825.085,825.085,fly,3.839,2601,0,140,192.00,1286004736,1438031872,8787,8787,0,0,8787,8787,0,0
41.178,988.3,827.310,827.310,fly,4.592,2601,0,0,192.00,1294782464,1447305216,8787,8787,0,0,8787,8787,0,0
41.290,991.0,829.210,829.210,fly,3.913,2601,0,0,192.00,1294782464,1447305216,8787,8787,0,0,8787,8787,0,0
41.401,993.6,831.100,831.100,fly,3.802,2601,0,0,192.00,1294778368,1447305216,8787,8787,0,0,8787,8787,0,0
41.536,996.9,833.397,833.397,fly,5.058,2601,0,108,192.00,1296613376,1448927232,8888,8888,0,0,8888,8888,0,0
41.661,999.9,835.506,835.506,fly,3.834,2601,0,0,192.00,1303154688,1455714304,8888,8888,0,0,8888,8888,0,0
41.776,1002.6,837.458,837.458,fly,5.892,2601,0,0,192.00,1303154688,1455714304,8888,8888,0,0,8888,8888,0,0
41.893,1005.4,839.447,839.447,fly,3.937,2601,0,0,192.00,1303150592,1455714304,8888,8888,0,0,8888,8888,0,0
42.036,1008.9,841.867,841.867,fly,4.686,2601,0,73,192.00,1307336704,1460170752,8989,8989,0,0,8989,8989,0,0
42.160,1011.8,843.978,843.978,fly,4.124,2601,0,0,192.00,1311576064,1464520704,8989,8989,0,0,8989,8989,0,0
42.281,1014.7,846.034,846.034,fly,3.852,2601,0,0,192.00,1311571968,1464520704,8989,8989,0,0,8989,8989,0,0
42.400,1017.6,848.046,848.046,fly,4.524,2601,101,0,192.00,1311645696,1464786944,8989,8989,0,0,8989,8989,0,0
42.546,1021.1,850.524,850.524,fly,3.735,2601,0,26,192.00,1318879232,1472237568,9090,9090,0,0,9090,9090,0,0
42.671,1024.1,852.651,852.651,fly,4.083,2601,0,0,192.00,1320300544,1473478656,9090,9090,0,0,9090,9090,0,0
42.792,1027.0,854.705,854.705,fly,3.710,2601,0,0,192.00,1320370176,1473478656,9090,9090,0,0,9090,9090,0,0
42.934,1030.4,857.111,857.111,fly,3.777,2601,0,139,192.00,1321418752,1474019328,9191,9191,0,0,9191,9191,0,0
43.072,1033.7,859.448,859.448,fly,4.511,2601,0,0,192.00,1329815552,1482768384,9191,9191,0,0,9191,9191,0,0
43.194,1036.7,861.524,861.524,fly,3.484,2601,0,0,192.00,1329815552,1482768384,9191,9191,0,0,9191,9191,0,0
43.311,1039.5,863.521,863.521,fly,5.757,2601,0,0,192.00,1329811456,1482768384,9191,9191,0,0,9191,9191,0,0
43.456,1043.0,865.977,865.977,fly,4.206,2601,0,63,192.00,1334018048,1486942208,9292,9292,0,0,9292,9292,0,0
43.577,1045.8,868.025,868.025,fly,3.729,2601,0,0,192.00,1338429440,1491865600,9292,9292,0,0,9292,9292,0,0
43.694,1048.7,870.018,870.018,fly,4.091,2601,0,0,192.00,1338425344,1491865600,9292,9292,0,0,9292,9292,0,0
43.807,1051.4,871.931,871.931,fly,3.615,2601,0,0,192.00,1338499072,1492131840,9292,9292,0,0,9292,9292,0,0
43.959,1055.0,874.515,874.515,fly,5.308,2601,0,15,192.00,1345794048,1499283456,9393,9393,0,0,9393,9393,0,0
44.078,1057.9,876.535,876.535,fly,3.498,2601,0,0,192.00,1346940928,1500438528,9393,9393,0,0,9393,9393,0,0
44.202,1060.9,878.634,878.634,fly,3.450,2601,0,0,192.00,1347010560,1500708864,9393,9393,0,0,9393,9393,0,0
44.337,1064.1,880.922,880.922,fly,5.143,2601,0,152,192.00,1347178496,1500708864,9494,9494,0,0,9494,9494,0,0
44.472,1067.3,883.219,883.219,fly,4.087,2601,0,0,192.00,1355608064,1509302272,9494,9494,0,0,9494,9494,0,0
44.594,1070.3,885.293,885.293,fly,3.649,2601,0,0,192.00,1355608064,1509302272,9494,9494,0,0,9494,9494,0,0
44.715,1073.2,887.338,887.338,fly,3.652,2601,0,0,192.00,1355866112,1509568512,9494,9494,0,0,9494,9494,0,0
44.866,1076.8,889.896,889.896,fly,4.933,2601,0,72,192.00,1359368192,1512919040,9595,9595,0,0,9595,9595,0,0
44.998,1080.0,892.149,892.149,fly,3.425,2601,0,0,192.00,1363816448,1518026752,9595,9595,0,0,9595,9595,0,0
45.126,1083.0,894.307,894.307,fly,4.384,2601,0,0,192.00,1363886080,1518026752,9595,9595,0,0,9595,9595,0,0
45.267,1086.4,896.705,896.705,fly,4.517,2601,0,169,192.00,1364029440,1518026752,9696,9696,0,0,9696,9696,0,0
45.409,1089.8,899.125,899.125,fly,4.969,2601,0,0,192.00,1372766208,1527099392,9696,9696,0,0,9696,9696,0,0
45.524,1092.6,901.077,901.077,fly,4.120,2601,0,0,192.00,1372766208,1527099392,9696,9696,0,0,9696,9696,0,0
45.640,1095.4,903.045,903.045,fly,4.026,2601,0,0,192.00,1372762112,1527099392,9696,9696,0,0,9696,9696,0,0
45.781,1098.8,905.437,905.437,fly,4.969,2601,0,106,192.00,1375277056,1529319424,9797,9797,0,0,9797,9797,0,0
45.921,1102.1,907.809,907.809,fly,3.990,2601,0,0,192.00,1381892096,1536249856,9797,9797,0,0,9797,9797,0,0
46.048,1105.2,909.959,909.959,fly,4.500,2601,0,0,192.00,1381892096,1536249856,9797,9797,0,0,9797,9797,0,0
46.172,1108.1,912.062,912.062,fly,4.655,2601,101,0,192.00,1381888000,1536249856,9797,9797,0,0,9797,9797,0,0
46.328,1111.9,914.705,914.705,fly,4.567,2601,0,2,192.00,1390530560,1544949760,9898,9898,0,0,9898,9898,0,0
46.456,1114.9,916.878,916.878,fly,4.259,2601,0,0,192.00,1390792704,1545216000,9898,9898,0,0,9898,9898,0,0
46.584,1118.0,919.059,919.059,fly,4.300,2601,0,0,192.00,1390788608,1545216000,9898,9898,0,0,9898,9898,0,0
46.729,1121.5,921.512,921.512,fly,4.935,2601,0,103,192.00,1393258496,1547841536,9999,9999,0,0,9999,9999,0,0
46.863,1124.7,923.784,923.784,fly,4.293,2601,0,0,192.00,1399291904,1554059264,9999,9999,0,0,9999,9999,0,0
46.996,1127.9,926.042,926.042,fly,3.668,2601,0,0,192.00,1399287808,1554059264,9999,9999,0,0,9999,9999,0,0
47.134,1131.2,928.388,928.388,fly,5.154,2601,0,198,192.00,1399640064,1554325504,10100,10100,0,0,10100,10100,0,0
47.268,1134.4,930.668,930.668,fly,3.592,2601,0,3,192.00,1408077824,1563140096,10100,10100,0,0,10100,10100,0,0
47.385,1137.3,932.659,932.659,fly,3.710,2601,0,0,192.00,1408454656,1563529216,10100,10100,0,0,10100,10100,0,0
47.504,1140.1,934.673,934.673,fly,4.098,2601,0,0,192.00,1408712704,1563799552,10100,10100,0,0,10100,10100,0,0
47.639,1143.3,936.966,936.966,fly,4.591,2601,0,144,192.00,1408925696,1563799552,10201,10201,0,0,10201,10201,0,0
47.784,1146.8,939.416,939.416,fly,3.484,2601,0,0,192.00,1417035776,1572032512,10201,10201,0,0,10201,10201,0,0
47.903,1149.7,941.448,941.448,fly,3.793,2601,0,0,192.00,1417035776,1572032512,10201,10201,0,0,10201,10201,0,0
48.020,1152.5,943.428,943.428,fly,3.706,2601,0,0,192.00,1417031680,1572032512,10201,10201,0,0,10201,10201,0,0
48.162,1155.9,945.846,945.846,fly,4.922,2601,0,70,192.00,1421225984,1576497152,10302,10302,0,0,10302,10302,0,0
48.297,1159.1,948.124,948.124,fly,4.229,2601,0,0,192.00,1425657856,1581535232,10302,10302,0,0,10302,10302,0,0
48.418,1162.0,950.174,950.174,fly,3.562,2601,0,0,192.00,1425727488,1581535232,10302,10302,0,0,10302,10302,0,0
48.544,1165.1,952.320,952.320,fly,14.138,2601,0,105,192.00,1425743872,1581535232,10403,10403,0,0,10403,10403,0,0
48.682,1168.4,954.669,954.669,fly,3.827,2601,0,1,192.00,1434681344,1590657024,10403,10403,0,0,10403,10403,0,0
48.803,1171.3,956.716,956.716,fly,3.819,2601,0,0,192.00,1434972160,1590923264,10403,10403,0,0,10403,10403,0,0
48.923,1174.2,958.760,958.760,fly,4.413,2601,0,0,192.00,1435041792,1591193600,10403,10403,0,0,10403,10403,0,0
49.052,1177.3,960.943,960.943,fly,4.820,2601,0,144,192.00,1435430912,1591193600,10504,10504,0,0,10504,10504,0,0
49.189,1180.5,963.260,963.260,fly,3.996,2601,0,0,192.00,1443500032,1599598592,10504,10504,0,0,10504,10504,0,0
49.308,1183.4,965.293,965.293,fly,4.145,2601,0,0,192.00,1443500032,1599598592,10504,10504,0,0,10504,10504,0,0
49.426,1186.2,967.282,967.282,fly,3.707,2601,0,0,192.00,1443495936,1599598592,10504,10504,0,0,10504,10504,0,0
49.568,1189.6,969.699,969.699,fly,4.881,2601,0,78,192.00,1447555072,1603391488,10605,10605,0,0,10605,10605,0,0
49.695,1192.7,971.861,971.861,fly,3.643,2601,0,0,192.00,1452453888,1608712192,10605,10605,0,0,10605,10605,0,0
49.812,1195.5,973.845,973.845,fly,4.436,2601,0,0,192.00,1452453888,1608712192,10605,10605,0,0,10605,10605,0,0
49.932,1198.4,975.872,975.872,fly,3.998,2601,0,0,192.00,1452711936,1608978432,10605,10605,0,0,10605,10605,0,0
50.082,1202.0,978.418,978.418,fly,3.607,2601,0,16,192.00,1459851264,1616089088,10706,10706,0,0,10706,10706,0,0
50.207,1205.0,980.549,980.549,fly,3.784,2601,0,0,192.00,1460842496,1617166336,10706,10706,0,0,10706,10706,0,0
50.327,1207.9,982.583,982.583,fly,4.019,2601,0,0,192.00,1461104640,1617432576,10706,10706,0,0,10706,10706,0,0
50.463,1211.1,984.891,984.891,fly,4.933,2601,0,146,192.00,1461809152,1617973248,10807,10807,0,0,10807,10807,0,0
50.609,1214.6,987.364,987.364,fly,4.168,2601,0,0,192.00,1469779968,1626808320,10807,10807,0,0,10807,10807,0,0
50.740,1217.8,989.595,989.595,fly,3.924,2601,0,0,192.00,1469779968,1626808320,10807,10807,0,0,10807,10807,0,0
50.870,1220.9,991.788,991.788,fly,3.815,2601,0,0,192.00,1469849600,1626808320,10807,10807,0,0,10807,10807,0,0
51.032,1224.8,994.551,994.551,fly,5.234,2601,0,14,192.00,1477419008,1634246656,10908,10908,0,0,10908,10908,0,0
51.167,1228.0,996.829,996.829,fly,3.646,2601,0,0,192.00,1478430720,1635528704,10908,10908,0,0,10908,10908,0,0
51.294,1231.1,998.986,998.986,fly,3.788,2601,0,0,192.00,1478500352,1635528704,10908,10908,0,0,10908,10908,0,0
51.449,1234.8,1001.618,1001.618,fly,6.238,2601,0,99,192.00,1481408512,1638154240,11009,11009,0,0,11009,11009,0,0
51.594,1238.2,1004.074,1004.074,fly,4.092,2601,0,0,192.00,1487097856,1644236800,11009,11009,0,0,11009,11009,0,0
51.719,1241.3,1006.206,1006.206,fly,3.919,2601,0,0,192.00,1487167488,1644236800,11009,11009,0,0,11009,11009,0,0
51.860,1244.7,1008.601,1008.601,fly,5.085,2601,0,183,192.00,1487204352,1644236800,11110,11110,0,0,11110,11110,0,0
52.009,1248.2,1011.130,1011.130,fly,4.775,2601,0,0,192.00,1495961600,1653100544,11110,11110,0,0,11110,11110,0,0
52.136,1251.3,1013.272,1013.272,fly,3.660,2601,0,0,192.00,1495961600,1653100544,11110,11110,0,0,11110,11110,0,0
52.266,1254.4,1015.488,1015.488,fly,4.257,2601,0,0,192.00,1495957504,1653100544,11110,11110,0,0,11110,11110,0,0
52.426,1258.2,1018.207,1018.207,fly,6.633,2601,0,48,192.00,1501667328,1659084800,11211,11211,0,0,11211,11211,0,0
52.560,1261.4,1020.479,1020.479,fly,4.013,2601,0,0,192.00,1504559104,1662066688,11211,11211,0,0,11211,11211,0,0
52.683,1264.4,1022.559,1022.559,fly,3.753,2601,0,0,192.00,1504817152,1662337024,11211,11211,0,0,11211,11211,0,0
52.822,1267.7,1024.912,1024.912,fly,5.216,2601,0,154,192.00,1505062912,1662337024,11312,11312,0,0,11312,11312,0,0
52.973,1271.3,1027.480,1027.480,fly,4.936,2601,0,0,192.00,1513271296,1671077888,11312,11312,0,0,11312,11312,0,0
53.103,1274.5,1029.693,1029.693,fly,4.371,2601,0,0,192.00,1513271296,1671077888,11312,11312,0,0,11312,11312,0,0
53.235,1277.6,1031.932,1031.932,fly,3.800,2601,0,0,192.00,1513340928,1671077888,11312,11312,0,0,11312,11312,0,0
53.396,1281.5,1034.660,1034.660,fly,5.307,2601,0,4,192.00,1521197056,1679093760,11413,11413,0,0,11413,11413,0,0
53.530,1284.7,1036.929,1036.929,fly,4.150,2601,0,0,192.00,1521803264,1679708160,11413,11413,0,0,11413,11413,0,0
53.676,1288.2,1039.408,1039.408,fly,4.860,2601,0,0,192.00,1521799168,1679708160,11413,11413,0,0,11413,11413,0,0
53.826,1291.8,1041.951,1041.951,fly,4.718,2601,0,64,192.00,1526071296,1684013056,11514,11514,0,0,11514,11514,0,0
53.960,1295.1,1044.240,1044.240,fly,3.663,2601,0,0,192.00,1530220544,1688424448,11514,11514,0,0,11514,11514,0,0
54.080,1297.9,1046.274,1046.274,fly,3.690,2601,0,0,192.00,1530216448,1688424448,11514,11514,0,0,11514,11514,0,0
54.216,1301.2,1048.586,1048.586,fly,3.852,2601,0,179,192.00,1530318848,1688424448,11615,11615,0,0,11615,11615,0,0
54.358,1304.6,1050.986,1050.986,fly,4.051,2601,0,0,192.00,1538576384,1697140736,11615,11615,0,0,11615,11615,0,0
54.481,1307.5,1053.077,1053.077,fly,4.343,2601,0,0,192.00,1538576384,1697140736,11615,11615,0,0,11615,11615,0,0
54.604,1310.5,1055.155,1055.155,fly,4.063,2601,0,0,192.00,1538646016,1697140736,11615,11615,0,0,11615,11615,0,0
54.749,1314.0,1057.625,1057.625,fly,3.684,2601,0,89,192.00,1541640192,1699885056,11716,11716,0,0,11716,11716,0,0
54.879,1317.1,1059.836,1059.836,fly,3.643,2601,0,0,192.00,1547120640,1705775104,11716,11716,0,0,11716,11716,0,0
55.006,1320.1,1061.984,1061.984,fly,4.353,2601,0,0,192.00,1547120640,1705775104,11716,11716,0,0,11716,11716,0,0
55.126,1323.0,1064.016,1064.016,fly,4.083,2601,101,0,192.00,1547116544,1705775104,11716,11716,0,0,11716,11716,0,0
55.302,1327.2,1067.005,1067.005,fly,4.489,2601,0,0,192.00,1556156416,1715261440,11817,11817,0,0,11817,11817,0,0
55.427,1330.3,1069.131,1069.131,fly,4.588,2601,0,0,192.00,1556156416,1715261440,11817,11817,0,0,11817,11817,0,0
55.551,1333.2,1071.238,1071.238,fly,3.741,2601,0,0,192.00,1556152320,1715261440,11817,11817,0,0,11817,11817,0,0
55.700,1336.8,1073.759,1073.759,fly,4.497,2601,0,73,192.00,1559949312,1718669312,11918,11918,0,0,11918,11918,0,0
55.836,1340.1,1076.072,1076.072,fly,4.425,2601,0,0,192.00,1564712960,1723990016,11918,11918,0,0,11918,11918,0,0
55.958,1343.0,1078.139,1078.139,fly,4.511,2601,0,0,192.00,1564708864,1723990016,11918,11918,0,0,11918,11918,0,0
56.106,1346.6,1080.659,1080.659,fly,5.395,2601,0,174,192.00,1564905472,1723990016,12019,12019,0,0,12019,12019,0,0
56.255,1350.1,1083.179,1083.179,fly,4.499,2601,0,0,192.00,1573081088,1732734976,12019,12019,0,0,12019,12019,0,0
56.386,1353.3,1085.410,1085.410,fly,3.971,2601,0,0,192.00,1573081088,1732734976,12019,12019,0,0,12019,12019,0,0
56.518,1356.4,1087.651,1087.651,fly,3.915,2601,0,0,192.00,1573150720,1732734976,12019,12019,0,0,12019,12019,0,0
56.676,1360.2,1090.325,1090.325,fly,4.637,2601,0,37,192.00,1579319296,1738657792,12120,12120,0,0,12120,12120,0,0
56.811,1363.5,1092.618,1092.618,fly,3.923,2601,0,0,192.00,1581834240,1741529088,12120,12120,0,0,12120,12120,0,0
56.940,1366.6,1094.811,1094.811,fly,5.036,2601,0,0,192.00,1581830144,1741529088,12120,12120,0,0,12120,12120,0,0
57.100,1370.4,1097.514,1097.514,fly,5.886,2601,0,105,192.00,1583992832,1743310848,12221,12221,0,0,12221,12221,0,0
57.242,1373.8,1099.922,1099.922,fly,4.933,2601,0,0,192.00,1590185984,1749774336,12221,12221,0,0,12221,12221,0,0
57.368,1376.8,1102.061,1102.061,fly,4.064,2601,0,0,192.00,1590185984,1749774336,12221,12221,0,0,12221,12221,0,0
57.506,1380.1,1104.413,1104.413,fly,6.365,2601,0,198,192.00,1590226944,1749774336,12322,12322,0,0,12322,12322,0,0
57.652,1383.6,1106.880,1106.880,fly,3.862,2601,0,0,192.00,1599373312,1759387648,12322,12322,0,0,12322,12322,0,0
57.781,1386.7,1109.069,1109.069,fly,4.623,2601,0,0,192.00,1599373312,1759387648,12322,12322,0,0,12322,12322,0,0
57.913,1389.9,1111.323,1111.323,fly,5.316,2601,0,0,192.00,1599369216,1759387648,12322,12322,0,0,12322,12322,0,0
58.071,1393.7,1113.993,1113.993,fly,4.746,2601,0,68,192.00,1603784704,1763880960,12423,12423,0,0,12423,12423,0,0
58.212,1397.1,1116.399,1116.399,fly,3.916,2601,0,0,192.00,1607958528,1768140800,12423,12423,0,0,12423,12423,0,0
58.344,1400.3,1118.633,1118.633,fly,4.061,2601,0,0,192.00,1607958528,1768140800,12423,12423,0,0,12423,12423,0,0
58.500,1404.0,1121.272,1121.272,fly,7.230,2601,0,125,192.00,1608757248,1768689664,12524,12524,0,0,12524,12524,0,0
58.645,1407.5,1123.745,1123.745,fly,4.304,2601,0,0,192.00,1616412672,1776828416,12524,12524,0,0,12524,12524,0,0
58.776,1410.6,1125.962,1125.962,fly,4.349,2601,0,0,192.00,1616412672,1776828416,12524,12524,0,0,12524,12524,0,0
58.918,1414.0,1128.380,1128.380,fly,4.690,2601,0,198,192.00,1616461824,1776828416,12625,12625,0,0,12625,12625,0,0
59.069,1417.7,1130.941,1130.941,fly,3.838,2601,0,0,192.00,1624952832,1785860096,12625,12625,0,0,12625,12625,0,0
59.198,1420.8,1133.125,1133.125,fly,4.082,2601,0,0,192.00,1624952832,1785860096,12625,12625,0,0,12625,12625,0,0
59.323,1423.8,1135.244,1135.244,fly,4.821,2601,0,0,192.00,1624948736,1785860096,12625,12625,0,0,12625,12625,0,0
59.472,1427.3,1137.782,1137.782,fly,5.496,2601,0,82,192.00,1628688384,1789198336,12726,12726,0,0,12726,12726,0,0
59.602,1430.4,1139.979,1139.979,fly,3.772,2601,0,0,192.00,1633955840,1795076096,12726,12726,0,0,12726,12726,0,0
59.726,1433.4,1142.084,1142.084,fly,4.519,2601,0,0,192.00,1633955840,1795076096,12726,12726,0,0,12726,12726,0,0
59.863,1436.7,1144.404,1144.404,fly,5.135,2601,0,191,192.00,1634062336,1795076096,12827,12827,0,0,12827,12827,0,0
60.008,1440.2,1146.862,1146.862,fly,4.598,2601,0,0,192.00,1642614784,1803845632,12827,12827,0,0,12827,12827,0,0
60.153,1443.7,1149.334,1149.334,fly,4.900,2601,0,0,192.00,1642614784,1803845632,12827,12827,0,0,12827,12827,0,0
60.325,1447.8,1152.254,1152.254,fly,14.124,2601,0,105,192.00,1642713088,1803923456,12928,12928,0,0,12928,12928,0,0
60.477,1451.5,1154.835,1154.835,fly,5.377,2601,0,0,192.00,1651257344,1812733952,12928,12928,0,0,12928,12928,0,0
60.630,1455.1,1157.427,1157.427,fly,4.530,2601,0,0,192.00,1651519488,1813000192,12928,12928,0,0,12928,12928,0,0
60.758,1458.2,1159.598,1159.598,fly,4.166,2601,0,0,192.00,1651519488,1813000192,12928,12928,0,0,12928,12928,0,0
60.932,1462.4,1162.550,1162.550,fly,5.054,2601,0,31,192.00,1657511936,1818812416,13029,13029,0,0,13029,13029,0,0
61.098,1466.3,1165.363,1165.363,fly,3.738,2601,0,0,192.00,1659723776,1821298688,13029,13029,0,0,13029,13029,0,0
61.227,1469.4,1167.554,1167.554,fly,4.020,2601,0,0,192.00,1659723776,1821298688,13029,13029,0,0,13029,13029,0,0
61.383,1473.2,1170.210,1170.210,fly,3.774,2601,0,49,192.00,1665036288,1826570240,13130,13130,0,0,13130,13130,0,0
61.517,1476.4,1172.483,1172.483,fly,4.646,2601,0,0,192.00,1667907584,1829617664,13130,13130,0,0,13130,13130,0,0
61.644,1479.5,1174.629,1174.629,fly,4.098,2601,0,0,192.00,1667907584,1829617664,13130,13130,0,0,13130,13130,0,0
61.792,1483.0,1177.146,1177.146,fly,5.759,2601,0,130,192.00,1668931584,1830473728,13231,13231,0,0,13231,13231,0,0
61.938,1486.5,1179.628,1179.628,fly,4.565,2601,0,0,192.00,1676738560,1838723072,13231,13231,0,0,13231,13231,0,0
62.068,1489.6,1181.822,1181.822,fly,3.807,2601,0,0,192.00,1676738560,1838723072,13231,13231,0,0,13231,13231,0,0
62.199,1492.8,1184.056,1184.056,fly,3.980,2601,101,0,192.00,1676738560,1838723072,13231,13231,0,0,13231,13231,0,0
62.367,1496.8,1186.904,1186.904,fly,3.839,2601,0,0,192.00,1685540864,1847721984,13332,13332,0,0,13332,13332,0,0
62.504,1500.1,1189.231,1189.231,fly,4.263,2601,0,0,192.00,1685610496,1847721984,13332,13332,0,0,13332,13332,0,0
62.637,1503.3,1191.479,1191.479,fly,5.368,2601,0,0,192.00,1685610496,1847721984,13332,13332,0,0,13332,13332,0,0
62.799,1507.2,1194.236,1194.236,fly,8.508,2601,0,41,192.00,1691504640,1853792256,13433,13433,0,0,13433,13433,0,0
62.946,1510.7,1196.726,1196.726,fly,4.584,2601,0,0,192.00,1694171136,1856475136,13433,13433,0,0,13433,13433,0,0
63.083,1514.0,1199.049,1199.049,fly,4.436,2601,0,0,192.00,1694171136,1856475136,13433,13433,0,0,13433,13433,0,0
63.234,1517.6,1201.622,1201.622,fly,6.092,2601,0,95,192.00,1697075200,1859379200,13534,13534,0,0,13534,13534,0,0
63.389,1521.3,1204.243,1204.243,fly,4.709,2601,0,0,192.00,1703485440,1866186752,13534,13534,0,0,13534,13534,0,0
63.524,1524.6,1206.541,1206.541,fly,4.237,2601,0,0,192.00,1703485440,1866186752,13534,13534,0,0,13534,13534,0,0
63.678,1528.3,1209.145,1209.145,fly,5.583,2601,0,132,192.00,1703931904,1866387456,13635,13635,0,0,13635,13635,0,0
63.835,1532.0,1211.823,1211.823,fly,6.229,2601,0,1,192.00,1745358848,1908183040,13635,13635,0,0,13635,13635,0,0
63.980,1535.5,1214.285,1214.285,fly,4.277,2601,0,0,192.00,1745358848,1908183040,13635,13635,0,0,13635,13635,0,0
64.139,1539.3,1216.978,1216.978,fly,5.325,2601,0,164,192.00,1779019776,1941803008,13736,13736,0,0,13736,13736,0,0
64.308,1543.4,1219.847,1219.847,fly,5.679,2601,0,24,192.00,1819672576,1982775296,13736,13736,0,0,13736,13736,0,0
64.455,1546.9,1222.331,1222.331,fly,4.649,2601,0,0,192.00,1820909568,1984106496,13736,13736,0,0,13736,13736,0,0
64.605,1550.5,1224.888,1224.888,fly,4.849,2601,0,154,192.00,1820925952,1984106496,13837,13837,0,0,13837,13837,0,0
64.760,1554.3,1227.522,1227.522,fly,5.083,2601,0,1,192.00,1863503872,2027319296,13837,13837,0,0,13837,13837,0,0
64.901,1557.6,1229.900,1229.900,fly,4.097,2601,0,0,192.00,1863540736,2027319296,13837,13837,0,0,13837,13837,0,0
65.046,1561.1,1232.372,1232.372,fly,5.003,2601,0,198,192.00,1863573504,2027319296,13938,13938,0,0,13938,13938,0,0
65.202,1564.8,1235.014,1235.014,fly,3.929,2601,0,0,192.00,1871994880,2035941376,13938,13938,0,0,13938,13938,0,0
65.336,1568.1,1237.287,1237.287,fly,3.957,2601,0,0,192.00,1872068608,2036207616,13938,13938,0,0,13938,13938,0,0
65.473,1571.4,1239.615,1239.615,fly,4.425,2601,0,0,192.00,1872068608,2036207616,13938,13938,0,0,13938,13938,0,0
65.638,1575.3,1242.420,1242.420,fly,6.320,2601,0,21,192.00,1878970368,2042880000,14039,14039,0,0,14039,14039,0,0
65.782,1578.8,1244.853,1244.853,fly,4.244,2601,0,0,192.00,1880743936,2045014016,14039,14039,0,0,14039,14039,0,0
65.917,1582.0,1247.146,1247.146,fly,3.873,2601,0,0,192.00,1880743936,2045014016,14039,14039,0,0,14039,14039,0,0
66.080,1585.9,1249.908,1249.908,fly,5.982,2601,0,61,192.00,1885442048,2049601536,14140,14140,0,0,14140,14140,0,0
66.220,1589.3,1252.294,1252.294,fly,4.259,2601,0,0,192.00,1889517568,2053980160,14140,14140,0,0,14140,14140,0,0
66.356,1592.5,1254.597,1254.597,fly,4.739,2601,0,0,192.00,1889517568,2053980160,14140,14140,0,0,14140,14140,0,0
66.503,1596.1,1257.093,1257.093,fly,4.327,2601,0,140,192.00,1889816576,2053980160,14241,14241,0,0,14241,14241,0,0
66.651,1599.6,1259.598,1259.598,fly,4.013,2601,0,0,192.00,1898356736,2062942208,14241,14241,0,0,14241,14241,0,0
66.801,1603.2,1262.149,1262.149,fly,8.948,2601,0,0,192.00,1898356736,2062942208,14241,14241,0,0,14241,14241,0,0
66.966,1607.2,1264.953,1264.953,fly,5.088,2601,0,146,192.00,1898590208,2062942208,14342,14342,0,0,14342,14342,0,0
67.122,1610.9,1267.592,1267.592,fly,4.594,2601,0,0,192.00,1907470336,2072424448,14342,14342,0,0,14342,14342,0,0
67.261,1614.3,1269.964,1269.964,fly,3.993,2601,0,0,192.00,1907470336,2072424448,14342,14342,0,0,14342,14342,0,0
67.409,1617.8,1272.464,1272.464,fly,5.351,2601,0,191,192.00,1907613696,2072428544,14443,14443,0,0,14443,14443,0,0
67.574,1621.8,1275.266,1275.266,fly,4.684,2601,0,0,192.00,1916133376,2081140736,14443,14443,0,0,14443,14443,0,0
67.712,1625.1,1277.611,1277.611,fly,3.941,2601,0,0,192.00,1916133376,2081140736,14443,14443,0,0,14443,14443,0,0
67.853,1628.5,1280.005,1280.005,fly,5.296,2601,101,0,192.00,1916133376,2081140736,14443,14443,0,0,14443,14443,0,0
68.020,1632.5,1282.832,1282.832,fly,4.120,2601,0,0,192.00,1924968448,2090688512,14544,14544,0,0,14544,14544,0,0
68.160,1635.8,1285.207,1285.207,fly,6.382,2601,0,0,192.00,1925038080,2090688512,14544,14544,0,0,14544,14544,0,0
68.295,1639.1,1287.512,1287.512,fly,4.777,2601,0,0,192.00,1925038080,2090688512,14544,14544,0,0,14544,14544,0,0
68.464,1643.1,1290.380,1290.380,fly,5.502,2601,0,25,192.00,1931845632,2097143808,14645,14645,0,0,14645,14645,0,0
68.627,1647.0,1293.139,1293.139,fly,4.699,2601,0,0,192.00,1933361152,2098618368,14645,14645,0,0,14645,14645,0,0
68.764,1650.3,1295.466,1295.466,fly,4.530,2601,0,0,192.00,1933361152,2098618368,14645,14645,0,0,14645,14645,0,0
68.935,1654.4,1298.369,1298.369,fly,5.429,2601,0,22,192.00,1940643840,2106437632,14746,14746,0,0,14746,14746,0,0
69.077,1657.8,1300.768,1300.768,fly,4.537,2601,0,0,192.00,1942564864,2108489728,14746,14746,0,0,14746,14746,0,0
69.221,1661.3,1303.215,1303.215,fly,5.831,2601,0,0,192.00,1942564864,2108489728,14746,14746,0,0,14746,14746,0,0
69.390,1665.4,1306.082,1306.082,fly,6.659,2601,0,50,192.00,1951682560,2117287936,14847,14847,0,0,14847,14847,0,0
69.540,1669.0,1308.634,1308.634,fly,5.305,2601,0,0,192.00,1955409920,2121232384,14847,14847,0,0,14847,14847,0,0
69.688,1672.5,1311.144,1311.144,fly,5.127,2601,0,0,192.00,1955409920,2121232384,14847,14847,0,0,14847,14847,0,0
69.870,1676.9,1314.229,1314.229,fly,5.522,2601,0,43,192.00,1960906752,2126647296,14948,14948,0,0,14948,14948,0,0
70.024,1680.6,1316.843,1316.843,fly,6.129,2601,0,0,192.00,1963483136,2129416192,14948,14948,0,0,14948,14948,0,0
70.172,1684.1,1319.357,1319.357,fly,7.298,2601,0,0,192.00,1963483136,2129416192,14948,14948,0,0,14948,14948,0,0
70.352,1688.5,1322.419,1322.419,fly,5.541,2601,0,27,192.00,1970204672,2136354816,15049,15049,0,0,15049,15049,0,0
70.491,1691.8,1324.766,1324.766,fly,4.885,2601,0,0,192.00,1972367360,2139025408,15049,15049,0,0,15049,15049,0,0
70.632,1695.2,1327.166,1327.166,fly,4.791,2601,0,0,192.00,1972367360,2139025408,15049,15049,0,0,15049,15049,0,0
70.796,1699.1,1329.954,1329.954,fly,6.719,2601,0,61,192.00,1976811520,2143006720,15150,15150,0,0,15150,15150,0,0
70.938,1702.5,1332.352,1332.352,fly,5.347,2601,0,0,192.00,1980932096,2147598336,15150,15150,0,0,15150,15150,0,0
71.090,1706.2,1334.937,1334.937,fly,4.118,2601,0,0,192.00,1980932096,2147598336,15150,15150,0,0,15150,15150,0,0
71.269,1710.4,1337.968,1337.968,fly,5.566,2601,0,65,192.00,1985458176,2151919616,15251,15251,0,0,15251,15251,0,0
71.430,1714.3,1340.704,1340.704,fly,7.181,2601,0,0,192.00,1989918720,2156515328,15251,15251,0,0,15251,15251,0,0
71.574,1717.8,1343.155,1343.155,fly,5.801,2601,0,0,192.00,1989918720,2156515328,15251,15251,0,0,15251,15251,0,0
71.742,1721.8,1346.010,1346.010,fly,5.544,2601,0,56,192.00,1994461184,2161520640,15352,15352,0,0,15352,15352,0,0
71.896,1725.5,1348.610,1348.610,fly,4.132,2601,0,0,192.00,1997983744,2165092352,15352,15352,0,0,15352,15352,0,0
72.055,1729.3,1351.316,1351.316,fly,4.153,2601,0,0,192.00,1997983744,2165092352,15352,15352,0,0,15352,15352,0,0
72.234,1733.6,1354.350,1354.350,fly,5.697,2601,0,36,192.00,2003845120,2170703872,15453,15453,0,0,15453,15453,0,0
72.384,1737.2,1356.892,1356.892,fly,4.238,2601,0,0,192.00,2006102016,2173440000,15453,15453,0,0,15453,15453,0,0
72.540,1741.0,1359.545,1359.545,fly,5.390,2601,0,0,192.00,2006102016,2173440000,15453,15453,0,0,15453,15453,0,0
72.737,1745.7,1362.881,1362.881,fly,4.568,2601,0,0,192.00,2015010816,2182684672,15554,15554,0,0,15554,15554,0,0
72.896,1749.5,1365.585,1365.585,fly,6.395,2601,0,0,192.00,2015080448,2182684672,15554,15554,0,0,15554,15554,0,0
73.036,1752.9,1367.970,1367.970,fly,4.204,2601,0,0,192.00,2015080448,2182684672,15554,15554,0,0,15554,15554,0,0
73.208,1757.0,1370.878,1370.878,fly,4.441,2601,0,0,192.00,2023669760,2191179776,15655,15655,0,0,15655,15655,0,0
73.358,1760.6,1373.421,1373.421,fly,4.600,2601,0,0,192.00,2023739392,2191708160,15655,15655,0,0,15655,15655,0,0
73.508,1764.2,1375.965,1375.965,fly,4.236,2601,0,0,192.00,2023739392,2191708160,15655,15655,0,0,15655,15655,0,0
73.681,1768.4,1378.916,1378.916,fly,4.382,2601,0,0,192.00,2033307648,2201075712,15756,15756,0,0,15756,15756,0,0
73.823,1771.7,1381.313,1381.313,fly,4.231,2601,0,0,192.00,2033303552,2201075712,15756,15756,0,0,15756,15756,0,0
73.960,1775.0,1383.649,1383.649,fly,4.279,2601,0,0,192.00,2033303552,2201075712,15756,15756,0,0,15756,15756,0,0
74.156,1779.8,1386.974,1386.974,fly,5.018,2601,0,0,192.00,2041733120,2209644544,15857,15857,0,0,15857,15857,0,0
74.303,1783.3,1389.459,1389.459,fly,4.324,2601,0,0,192.00,2042253312,2210172928,15857,15857,0,0,15857,15857,0,0
74.448,1786.8,1391.926,1391.926,fly,4.168,2601,0,0,192.00,2042253312,2210172928,15857,15857,0,0,15857,15857,0,0
74.631,1791.1,1395.025,1395.025,fly,4.246,2601,0,0,192.00,2050596864,2218700800,15958,15958,0,0,15958,15958,0,0
74.769,1794.5,1397.371,1397.371,fly,4.379,2601,0,0,192.00,2050596864,2218700800,15958,15958,0,0,15958,15958,0,0
74.908,1797.8,1399.736,1399.736,fly,4.979,2601,0,0,192.00,2050596864,2218700800,15958,15958,0,0,15958,15958,0,0
75.094,1802.3,1402.886,1402.886,fly,5.515,2601,0,0,192.00,2059370496,2227793920,16059,16059,0,0,16059,16059,0,0
75.237,1805.7,1405.323,1405.323,fly,6.000,2601,0,0,192.00,2059440128,2227793920,16059,16059,0,0,16059,16059,0,0
75.378,1809.1,1407.702,1407.702,fly,6.502,2601,0,0,192.00,2059440128,2227793920,16059,16059,0,0,16059,16059,0,0
75.566,1813.6,1410.907,1410.907,fly,5.096,2601,0,0,192.00,2068041728,2236751872,16160,16160,0,0,16160,16160,0,0
75.716,1817.2,1413.444,1413.444,fly,6.411,2601,0,0,192.00,2068037632,2236751872,16160,16160,0,0,16160,16160,0,0
75.864,1820.7,1415.964,1415.964,fly,4.356,2601,0,0,192.00,2068037632,2236751872,16160,16160,0,0,16160,16160,0,0
76.065,1825.6,1419.359,1419.359,fly,4.384,2601,0,0,192.00,2076520448,2245996544,16261,16261,0,0,16261,16261,0,0
76.211,1829.1,1421.838,1421.838,fly,4.869,2601,0,0,192.00,2076590080,2245996544,16261,16261,0,0,16261,16261,0,0
76.384,1833.2,1424.778,1424.778,fly,4.809,2601,0,169,192.00,2076704768,2245996544,16362,16362,0,0,16362,16362,0,0
76.556,1837.3,1427.699,1427.699,fly,4.411,2601,0,0,192.00,2085335040,2254307328,16362,16362,0,0,16362,16362,0,0
76.718,1841.2,1430.449,1430.449,fly,4.272,2601,0,0,192.00,2085330944,2254307328,16362,16362,0,0,16362,16362,0,0
76.896,1845.5,1433.466,1433.466,fly,6.781,2601,0,106,192.00,2087088128,2256101376,16463,16463,0,0,16463,16463,0,0
77.062,1849.5,1436.279,1436.279,fly,5.700,2601,0,0,192.00,2094358528,2263502848,16463,16463,0,0,16463,16463,0,0
77.215,1853.2,1438.878,1438.878,fly,4.410,2601,0,0,192.00,2094358528,2263502848,16463,16463,0,0,16463,16463,0,0
77.392,1857.4,1441.886,1441.886,fly,5.887,2601,0,69,192.00,2098012160,2267369472,16564,16564,0,0,16564,16564,0,0
77.554,1861.3,1444.640,1444.640,fly,5.158,2601,0,0,192.00,2103021568,2272559104,16564,16564,0,0,16564,16564,0,0
77.702,1864.9,1447.155,1447.155,fly,4.734,2601,0,0,192.00,2103021568,2272559104,16564,16564,0,0,16564,16564,0,0
77.889,1869.3,1450.330,1450.330,fly,7.370,2601,0,29,192.00,2109849600,2279682048,16665,16665,0,0,16665,16665,0,0
78.042,1873.0,1452.918,1452.918,fly,4.359,2601,0,0,192.00,2111873024,2282074112,16665,16665,0,0,16665,16665,0,0
78.197,1876.7,1455.556,1455.556,fly,6.158,2601,0,0,192.00,2111873024,2282074112,16665,16665,0,0,16665,16665,0,0
78.377,1881.0,1458.599,1458.599,fly,6.238,2601,0,6,192.00,2120077312,2290081792,16766,16766,0,0,16766,16766,0,0
78.528,1884.7,1461.173,1461.173,fly,4.465,2601,0,0,192.00,2120536064,2290610176,16766,16766,0,0,16766,16766,0,0
78.691,1888.6,1463.935,1463.935,fly,5.241,2601,0,0,192.00,2120536064,2290610176,16766,16766,0,0,16766,16766,0,0
78.874,1893.0,1467.034,1467.034,fly,4.411,2601,0,0,192.00,2129760256,2299949056,16867,16867,0,0,16867,16867,0,0
79.034,1896.8,1469.760,1469.760,fly,4.904,2601,0,0,192.00,2129756160,2299949056,16867,16867,0,0,16867,16867,0,0
79.200,1900.8,1472.571,1472.571,fly,6.634,2601,0,185,192.00,2129772544,2299949056,16968,16968,0,0,16968,16968,0,0
79.380,1905.1,1475.631,1475.631,fly,4.726,2601,0,0,192.00,2138161152,2308653056,16968,16968,0,0,16968,16968,0,0
79.534,1908.8,1478.243,1478.243,fly,5.597,2601,0,0,192.00,2138681344,2309181440,16968,16968,0,0,16968,16968,0,0
79.719,1913.3,1481.375,1481.375,fly,5.161,2601,0,112,192.00,2140270592,2310770688,17069,17069,0,0,17069,17069,0,0
79.887,1917.3,1484.221,1484.221,fly,5.653,2601,0,0,192.00,2147921920,2318704640,17069,17069,0,0,17069,17069,0,0
80.062,1921.5,1487.198,1487.198,fly,5.112,2601,0,0,192.00,2147921920,2318704640,17069,17069,0,0,17069,17069,0,0
80.246,1925.9,1490.325,1490.325,fly,7.433,2601,0,42,192.00,2153295872,2324078592,17170,17170,0,0,17170,17170,0,0
80.405,1929.7,1493.022,1493.022,fly,4.476,2601,0,0,192.00,2155974656,2327080960,17170,17170,0,0,17170,17170,0,0
80.554,1933.3,1495.548,1495.548,fly,5.699,2601,0,0,192.00,2155974656,2327080960,17170,17170,0,0,17170,17170,0,0
80.742,1937.8,1498.729,1498.729,fly,4.635,2601,0,0,192.00,2164379648,2335956992,17271,17271,0,0,17271,17271,0,0
80.894,1941.5,1501.323,1501.323,fly,5.062,2601,0,0,192.00,2164449280,2335956992,17271,17271,0,0,17271,17271,0,0
81.055,1945.3,1504.048,1504.048,fly,4.424,2601,101,0,192.00,2164449280,2335956992,17271,17271,0,0,17271,17271,0,0
81.244,1949.9,1507.262,1507.262,fly,4.930,2601,0,0,192.00,2173284352,2344611840,17372,17372,0,0,17372,17372,0,0
81.396,1953.5,1509.835,1509.835,fly,4.420,2601,0,0,192.00,2173353984,2345140224,17372,17372,0,0,17372,17372,0,0
81.572,1957.7,1512.829,1512.829,fly,5.378,2601,0,160,192.00,2173419520,2345140224,17473,17473,0,0,17473,17473,0,0
81.749,1962.0,1515.824,1515.824,fly,4.493,2601,0,0,192.00,2182352896,2353844224,17473,17473,0,0,17473,17473,0,0
81.897,1965.5,1518.346,1518.346,fly,4.571,2601,0,0,192.00,2182348800,2353844224,17473,17473,0,0,17473,17473,0,0
82.071,1969.7,1521.284,1521.284,fly,7.194,2601,0,125,192.00,2182987776,2354413568,17574,17574,0,0,17574,17574,0,0
82.241,1973.8,1524.181,1524.181,fly,5.011,2601,0,0,192.00,2190520320,2362617856,17574,17574,0,0,17574,17574,0,0
82.391,1977.4,1526.717,1526.717,fly,4.424,2601,0,0,192.00,2190520320,2362617856,17574,17574,0,0,17574,17574,0,0
82.576,1981.8,1529.856,1529.856,fly,6.196,2601,0,75,192.00,2194489344,2366226432,17675,17675,0,0,17675,17675,0,0
82.733,1985.6,1532.526,1532.526,fly,4.559,2601,0,0,192.00,2198962176,2371039232,17675,17675,0,0,17675,17675,0,0
82.884,1989.2,1535.083,1535.083,fly,4.812,2601,0,0,192.00,2198962176,2371039232,17675,17675,0,0,17675,17675,0,0
83.070,1993.7,1538.243,1538.243,fly,6.245,2601,0,41,192.00,2205093888,2377224192,17776,17776,0,0,17776,17776,0,0
83.234,1997.6,1541.021,1541.021,fly,6.439,2601,0,0,192.00,2208063488,2380673024,17776,17776,0,0,17776,17776,0,0
83.387,2001.3,1543.629,1543.629,fly,4.588,2601,0,0,192.00,2208063488,2380673024,17776,17776,0,0,17776,17776,0,0
83.577,2005.8,1546.846,1546.846,fly,4.530,2601,0,0,192.00,2216341504,2388844544,17877,17877,0,0,17877,17877,0,0
83.730,2009.5,1549.447,1549.447,fly,5.349,2601,0,0,192.00,2216861696,2389372928,17877,17877,0,0,17877,17877,0,0
83.884,2013.2,1552.051,1552.051,fly,5.455,2601,101,0,192.00,2216861696,2389372928,17877,17877,0,0,17877,17877,0,0
84.076,2017.8,1555.320,1555.320,fly,4.618,2601,0,0,192.00,2225135616,2397696000,17978,17978,0,0,17978,17978,0,0
84.290,2023.0,1558.944,1558.944,fly,5.307,2601,0,0,192.00,2233520128,2406105088,17978,17978,0,0,17978,17978,0,0
84.481,2027.5,1562.191,1562.191,fly,8.393,2601,0,46,192.00,2239033344,2411671552,18079,18079,0,0,18079,18079,0,0
84.638,2031.3,1564.855,1564.855,fly,5.081,2601,0,0,192.00,2242400256,2415403008,18079,18079,0,0,18079,18079,0,0
84.793,2035.0,1567.477,1567.477,fly,4.817,2601,0,0,192.00,2242400256,2415403008,18079,18079,0,0,18079,18079,0,0
84.987,2039.7,1570.778,1570.778,fly,7.622,2601,0,1,192.00,2251128832,2424176640,18180,18180,0,0,18180,18180,0,0
85.172,2044.1,1573.916,1573.916,fly,9.299,2601,0,0,192.00,2251653120,2424705024,18180,18180,0,0,18180,18180,0,0
85.362,2048.7,1577.141,1577.141,fly,5.906,2601,0,141,192.00,2251718656,2424705024,18281,18281,0,0,18281,18281,0,0
85.541,2053.0,1580.183,1580.183,fly,6.021,2601,0,0,192.00,2259959808,2433671168,18281,18281,0,0,18281,18281,0,0
85.704,2056.9,1582.943,1582.943,fly,5.467,2601,0,0,192.00,2259959808,2433671168,18281,18281,0,0,18281,18281,0,0
85.894,2061.5,1586.178,1586.178,fly,7.158,2601,0,51,192.00,2264825856,2438074368,18382,18382,0,0,18382,18382,0,0
86.053,2065.3,1588.872,1588.872,fly,5.386,2601,0,0,192.00,2268794880,2443042816,18382,18382,0,0,18382,18382,0,0
86.209,2069.0,1591.510,1591.510,fly,4.497,2601,0,0,192.00,2268794880,2443042816,18382,18382,0,0,18382,18382,0,0
86.407,2073.8,1594.878,1594.878,fly,4.701,2601,0,0,192.00,2277421056,2451058688,18483,18483,0,0,18483,18483,0,0
86.565,2077.6,1597.558,1597.558,fly,4.530,2601,0,0,192.00,2277416960,2451058688,18483,18483,0,0,18483,18483,0,0
86.728,2081.5,1600.320,1600.320,fly,14.640,2601,0,105,192.00,2277429248,2451058688,18584,18584,0,0,18584,18584,0,0
86.916,2086.0,1603.512,1603.512,fly,4.842,2601,0,0,192.00,2285858816,2459803648,18584,18584,0,0,18584,18584,0,0
87.078,2089.9,1606.258,1606.258,fly,5.142,2601,0,0,192.00,2285854720,2459803648,18584,18584,0,0,18584,18584,0,0
87.282,2094.8,1609.729,1609.729,fly,6.386,2601,0,94,192.00,2288422912,2462359552,18685,18685,0,0,18685,18685,0,0
87.448,2098.8,1612.544,1612.544,fly,5.133,2601,0,0,192.00,2294693888,2468782080,18685,18685,0,0,18685,18685,0,0
87.606,2102.5,1615.220,1615.220,fly,4.876,2601,0,0,192.00,2294693888,2468782080,18685,18685,0,0,18685,18685,0,0
87.796,2107.1,1618.448,1618.448,fly,5.783,2601,0,28,192.00,2301206528,2475823104,18786,18786,0,0,18786,18786,0,0
87.956,2110.9,1621.165,1621.165,fly,7.723,2601,0,0,192.00,2303229952,2478022656,18786,18786,0,0,18786,18786,0,0
88.119,2114.8,1623.924,1623.924,fly,4.945,2601,0,0,192.00,2303229952,2478022656,18786,18786,0,0,18786,18786,0,0
88.321,2119.7,1627.360,1627.360,fly,4.736,2601,0,0,192.00,2312552448,2487197696,18887,18887,0,0,18887,18887,0,0
88.485,2123.7,1630.149,1630.149,fly,4.855,2601,0,0,192.00,2312548352,2487197696,18887,18887,0,0,18887,18887,0,0
88.672,2128.1,1633.316,1633.316,fly,9.018,2601,0,121,192.00,2313281536,2487848960,18988,18988,0,0,18988,18988,0,0
88.845,2132.3,1636.258,1636.258,fly,5.492,2601,0,0,192.00,2320814080,2495533056,18988,18988,0,0,18988,18988,0,0
89.013,2136.3,1639.110,1639.110,fly,9.178,2601,0,0,192.00,2320814080,2495533056,18988,18988,0,0,18988,18988,0,0
89.214,2141.1,1642.521,1642.521,fly,6.390,2601,0,30,192.00,2327535616,2502656000,19089,19089,0,0,19089,19089,0,0
89.416,2146.0,1645.934,1645.934,fly,8.976,2601,0,0,192.00,2329735168,2504773632,19089,19089,0,0,19089,19089,0,0
89.625,2151.0,1649.487,1649.487,fly,7.636,2601,0,116,192.00,2331377664,2506362880,19190,19190,0,0,19190,19190,0,0
89.800,2155.2,1652.457,1652.457,fly,4.586,2601,0,0,192.00,2338680832,2513997824,19190,19190,0,0,19190,19190,0,0
89.954,2158.9,1655.063,1655.063,fly,4.669,2601,0,0,192.00,2338680832,2513997824,19190,19190,0,0,19190,19190,0,0
90.004,2160.1,1655.912,1655.912,fly,4.749,2601,0,0,192.00,2338680832,2513997824,19190,19190,0,0,19190,19190,0,0
